timestamp,open,high,low,close,volume
2026-01-19 04:30:00+00:00,25689.0,25689.0,25389.0,25389.75,240.0
2026-01-19 04:45:00+00:00,25390.0,25390.5,25381.75,25385.0,210.0
2026-01-20 05:00:00+00:00,25379.75,25392.75,25367.25,25383.5,1383.0
2026-01-20 05:15:00+00:00,25384.5,25412.0,25375.25,25406.5,927.0
2026-01-20 05:30:00+00:00,25408.0,25412.5,25380.25,25385.5,1034.0
2026-01-20 05:45:00+00:00,25384.25,25399.5,25382.0,25383.5,807.0
2026-01-20 06:00:00+00:00,25382.5,25390.5,25343.0,25353.0,1765.0
2026-01-20 06:15:00+00:00,25352.75,25352.75,25293.75,25302.75,3308.0
2026-01-20 06:30:00+00:00,25303.5,25315.5,25269.5,25293.25,3332.0
2026-01-20 06:45:00+00:00,25294.0,25314.25,25260.0,25310.5,2974.0
2026-01-20 07:00:00+00:00,25311.0,25320.5,25287.25,25288.0,2571.0
2026-01-20 07:15:00+00:00,25287.25,25301.25,25256.75,25297.25,2622.0
2026-01-20 07:30:00+00:00,25296.25,25301.25,25273.0,25273.25,1390.0
2026-01-20 07:45:00+00:00,25272.75,25294.75,25257.25,25284.25,1741.0
2026-01-20 08:00:00+00:00,25284.0,25288.25,25228.0,25259.25,5017.0
2026-01-20 08:15:00+00:00,25260.75,25264.25,25225.25,25237.25,3292.0
2026-01-20 08:30:00+00:00,25235.75,25235.75,25166.75,25201.5,5802.0
2026-01-20 08:45:00+00:00,25202.5,25226.75,25194.75,25201.0,3180.0
2026-01-20 09:00:00+00:00,25201.75,25220.25,25167.0,25177.0,4396.0
2026-01-20 09:15:00+00:00,25176.0,25184.5,25130.0,25143.5,4951.0
2026-01-20 09:30:00+00:00,25143.25,25144.5,25101.25,25127.5,4831.0
2026-01-20 09:45:00+00:00,25127.5,25139.75,25095.25,25134.25,3753.0
2026-01-20 10:00:00+00:00,25134.5,25168.25,25109.5,25163.25,2678.0
2026-01-20 10:15:00+00:00,25163.75,25207.5,25162.5,25195.5,3387.0
2026-01-20 10:30:00+00:00,25196.5,25204.0,25166.25,25187.5,2310.0
2026-01-20 10:45:00+00:00,25187.75,25198.75,25173.25,25176.0,1469.0
2026-01-20 11:00:00+00:00,25174.75,25210.5,25172.75,25198.25,1952.0
2026-01-20 11:15:00+00:00,25198.25,25228.0,25174.5,25201.25,2858.0
2026-01-20 11:30:00+00:00,25200.5,25204.75,25175.25,25194.0,1858.0
2026-01-20 11:45:00+00:00,25194.75,25221.0,25182.0,25205.5,1717.0
2026-01-20 12:00:00+00:00,25204.75,25254.0,25191.75,25248.25,3987.0
2026-01-20 12:15:00+00:00,25247.0,25255.5,25213.25,25234.25,3508.0
2026-01-20 12:30:00+00:00,25233.5,25276.0,25226.75,25271.25,2807.0
2026-01-20 12:45:00+00:00,25272.75,25283.75,25250.75,25256.75,3753.0
2026-01-20 13:00:00+00:00,25258.0,25273.75,25223.0,25226.5,3970.0
2026-01-20 13:15:00+00:00,25226.5,25277.25,25223.5,25247.25,4786.0
2026-01-20 13:30:00+00:00,25248.5,25251.0,25181.0,25212.75,12699.0
2026-01-20 13:45:00+00:00,25213.5,25236.0,25203.75,25212.5,5169.0
2026-01-20 14:00:00+00:00,25211.75,25244.0,25206.5,25235.0,4760.0
2026-01-20 14:15:00+00:00,25235.0,25253.25,25201.5,25242.25,8256.0
2026-01-20 14:30:00+00:00,25242.75,25357.25,25234.25,25333.25,57712.0
2026-01-20 14:45:00+00:00,25333.75,25368.5,25267.25,25324.75,36695.0
2026-01-20 15:00:00+00:00,25322.0,25333.0,25260.25,25284.5,24281.0
2026-01-20 15:15:00+00:00,25284.0,25363.5,25254.75,25361.25,25205.0
2026-01-20 15:30:00+00:00,25361.75,25417.0,25347.75,25412.25,18943.0
2026-01-20 15:45:00+00:00,25352.25,25367.75,25313.25,25362.75,26911.0
2026-01-20 16:00:00+00:00,25363.0,25428.25,25358.25,25399.0,20448.0
2026-01-20 16:15:00+00:00,25398.5,25407.0,25333.75,25404.25,17580.0
2026-01-20 16:30:00+00:00,25404.25,25429.75,25351.0,25354.5,15807.0
2026-01-20 16:45:00+00:00,25353.5,25413.75,25335.75,25398.75,21044.0
2026-01-20 17:00:00+00:00,25398.5,25406.75,25345.25,25361.5,14204.0
2026-01-20 17:15:00+00:00,25361.0,25371.25,25326.75,25339.25,12289.0
2026-01-20 17:30:00+00:00,25339.0,25339.0,25291.0,25292.5,15817.0
2026-01-20 17:45:00+00:00,25292.25,25302.5,25257.5,25292.75,14899.0
2026-01-20 18:00:00+00:00,25293.0,25311.25,25274.75,25285.0,9171.0
2026-01-20 18:15:00+00:00,25284.25,25286.75,25244.0,25247.75,8368.0
2026-01-20 18:30:00+00:00,25247.5,25256.0,25201.75,25210.0,14786.0
2026-01-20 18:45:00+00:00,25209.25,25221.0,25170.5,25199.25,14477.0
2026-01-20 19:00:00+00:00,25199.0,25225.0,25179.0,25193.0,11943.0
2026-01-20 19:15:00+00:00,25193.5,25193.75,25149.25,25161.25,12246.0
2026-01-20 19:30:00+00:00,25161.0,25179.25,25128.0,25149.75,16803.0
2026-01-20 19:45:00+00:00,25149.25,25177.25,25141.5,25168.75,11424.0
2026-01-20 20:00:00+00:00,25169.25,25169.25,25117.75,25121.5,12228.0
2026-01-20 20:15:00+00:00,25122.0,25169.75,25116.0,25129.5,18313.0
2026-01-20 20:30:00+00:00,25129.25,25143.0,25104.0,25120.75,16125.0
2026-01-20 20:45:00+00:00,25121.0,25143.75,25098.0,25141.25,33963.0
2026-01-20 21:00:00+00:00,25142.25,25167.25,25128.25,25163.0,12220.0
2026-01-20 21:15:00+00:00,25163.0,25165.5,25134.5,25144.0,2953.0
2026-01-20 21:30:00+00:00,25143.25,25143.5,25122.5,25133.5,2093.0
2026-01-20 21:45:00+00:00,25133.25,25145.75,25131.25,25142.75,1926.0
2026-01-20 23:00:00+00:00,25149.5,25175.25,25137.25,25159.5,879.0
2026-01-20 23:15:00+00:00,25159.75,25162.5,25150.0,25153.75,785.0
2026-01-20 23:30:00+00:00,25155.0,25164.5,25150.75,25162.0,531.0
2026-01-20 23:45:00+00:00,25161.5,25161.5,25103.5,25116.5,2458.0
2026-01-21 00:00:00+00:00,25117.25,25150.0,25116.25,25141.0,1653.0
2026-01-21 00:15:00+00:00,25142.25,25158.75,25132.75,25157.0,1062.0
2026-01-21 00:30:00+00:00,25157.75,25183.0,25154.0,25174.0,1874.0
2026-01-21 00:45:00+00:00,25173.25,25186.0,25171.5,25179.0,1866.0
2026-01-21 01:00:00+00:00,25179.0,25203.0,25179.0,25202.25,1470.0
2026-01-21 01:15:00+00:00,25201.5,25217.5,25197.0,25211.25,1984.0
2026-01-21 01:30:00+00:00,25211.5,25218.75,25197.5,25212.5,1711.0
2026-01-21 01:45:00+00:00,25213.5,25216.25,25201.0,25202.0,1029.0
2026-01-21 02:00:00+00:00,25202.25,25209.0,25193.5,25207.0,981.0
2026-01-21 02:15:00+00:00,25205.75,25209.0,25177.25,25178.25,1856.0
2026-01-21 02:30:00+00:00,25178.0,25191.5,25168.0,25187.5,1629.0
2026-01-21 02:45:00+00:00,25187.5,25190.0,25179.0,25179.0,724.0
2026-01-21 03:00:00+00:00,25179.75,25207.75,25178.75,25205.25,1418.0
2026-01-21 03:15:00+00:00,25204.75,25227.5,25202.75,25221.25,1967.0
2026-01-21 03:30:00+00:00,25222.25,25226.25,25201.75,25204.0,1890.0
2026-01-21 03:45:00+00:00,25203.25,25212.5,25186.0,25197.5,1577.0
2026-01-21 04:00:00+00:00,25196.75,25212.0,25194.0,25196.25,917.0
2026-01-21 04:15:00+00:00,25196.5,25213.25,25183.0,25206.75,1049.0
2026-01-21 04:30:00+00:00,25206.0,25212.0,25198.0,25200.75,895.0
2026-01-21 04:45:00+00:00,25201.75,25206.5,25193.0,25198.75,627.0
2026-01-21 05:00:00+00:00,25204.5,25220.0,25204.5,25218.0,1455.0
2026-01-21 05:15:00+00:00,25217.25,25218.5,25200.75,25210.5,937.0
2026-01-21 05:30:00+00:00,25210.0,25225.5,25210.0,25224.5,728.0
2026-01-21 05:45:00+00:00,25224.5,25225.25,25216.0,25220.25,894.0
2026-01-21 06:00:00+00:00,25219.75,25230.25,25213.0,25225.25,1479.0
2026-01-21 06:15:00+00:00,25226.0,25228.0,25209.25,25219.25,1089.0
2026-01-21 06:30:00+00:00,25220.25,25231.5,25212.75,25216.25,1488.0
2026-01-21 06:45:00+00:00,25215.5,25215.5,25191.75,25196.25,1116.0
2026-01-21 07:00:00+00:00,25196.25,25235.25,25193.25,25233.0,2255.0
2026-01-21 07:15:00+00:00,25233.75,25246.5,25232.75,25240.5,1793.0
2026-01-21 07:30:00+00:00,25240.5,25240.75,25229.5,25231.25,832.0
2026-01-21 07:45:00+00:00,25230.75,25231.25,25205.0,25213.5,1329.0
2026-01-21 08:00:00+00:00,25212.5,25223.25,25194.25,25197.25,1745.0
2026-01-21 08:15:00+00:00,25198.25,25234.0,25197.5,25221.0,1729.0
2026-01-21 08:30:00+00:00,25221.25,25227.5,25208.25,25225.25,1101.0
2026-01-21 08:45:00+00:00,25225.5,25228.5,25203.5,25204.75,1235.0
2026-01-21 09:00:00+00:00,25204.5,25225.25,25193.0,25210.0,2270.0
2026-01-21 09:15:00+00:00,25208.75,25216.5,25182.5,25196.5,1617.0
2026-01-21 09:30:00+00:00,25196.0,25196.25,25170.5,25175.75,1933.0
2026-01-21 09:45:00+00:00,25175.75,25176.0,25128.75,25129.0,3075.0
2026-01-21 10:00:00+00:00,25129.5,25166.0,25121.75,25158.25,2404.0
2026-01-21 10:15:00+00:00,25159.75,25183.25,25152.0,25176.75,1856.0
2026-01-21 10:30:00+00:00,25177.5,25188.25,25171.5,25182.5,1257.0
2026-01-21 10:45:00+00:00,25183.25,25188.0,25151.5,25153.25,1203.0
2026-01-21 11:00:00+00:00,25153.0,25154.5,25134.25,25138.75,1593.0
2026-01-21 11:15:00+00:00,25138.25,25159.25,25135.0,25142.0,2097.0
2026-01-21 11:30:00+00:00,25144.25,25158.0,25109.0,25116.5,2462.0
2026-01-21 11:45:00+00:00,25117.75,25119.0,25040.5,25045.5,5869.0
2026-01-21 12:00:00+00:00,25047.0,25071.25,25025.0,25058.0,4766.0
2026-01-21 12:15:00+00:00,25059.5,25089.25,25048.25,25071.25,2922.0
2026-01-21 12:30:00+00:00,25071.25,25075.5,25041.0,25053.75,2938.0
2026-01-21 12:45:00+00:00,25053.0,25089.75,25032.75,25085.75,3336.0
2026-01-21 13:00:00+00:00,25086.5,25113.25,25070.25,25096.25,3316.0
2026-01-21 13:15:00+00:00,25096.0,25100.5,25072.0,25075.25,3258.0
2026-01-21 13:30:00+00:00,25075.25,25078.0,25041.0,25049.5,5665.0
2026-01-21 13:45:00+00:00,25049.25,25125.5,25046.0,25085.0,8718.0
2026-01-21 14:00:00+00:00,25083.0,25213.0,25072.25,25198.0,21259.0
2026-01-21 14:15:00+00:00,25196.5,25258.0,25168.75,25197.0,19354.0
2026-01-21 14:30:00+00:00,25197.0,25223.25,25127.5,25201.0,45495.0
2026-01-21 14:45:00+00:00,25201.0,25339.25,25197.25,25324.75,31341.0
2026-01-21 15:00:00+00:00,25323.5,25342.25,25294.75,25327.5,24277.0
2026-01-21 15:15:00+00:00,25328.5,25386.75,25318.0,25379.5,26655.0
2026-01-21 15:30:00+00:00,25380.0,25460.5,25378.0,25451.5,24586.0
2026-01-21 15:45:00+00:00,25452.0,25488.0,25452.0,25470.0,20674.0
2026-01-21 16:00:00+00:00,25469.75,25494.25,25447.0,25457.25,18559.0
2026-01-21 16:15:00+00:00,25457.0,25478.0,25442.75,25457.5,16236.0
2026-01-21 16:30:00+00:00,25458.0,25460.25,25290.75,25294.0,34356.0
2026-01-21 16:45:00+00:00,25294.25,25311.25,25220.5,25229.25,31804.0
2026-01-21 17:00:00+00:00,25229.75,25262.75,25144.25,25153.0,26400.0
2026-01-21 17:15:00+00:00,25154.75,25231.75,25142.0,25205.75,25855.0
2026-01-21 17:30:00+00:00,25206.0,25218.25,25171.75,25182.0,17744.0
2026-01-21 17:45:00+00:00,25182.25,25260.75,25166.75,25246.25,18645.0
2026-01-21 18:00:00+00:00,25244.75,25251.5,25150.75,25230.5,21059.0
2026-01-21 18:15:00+00:00,25231.0,25242.0,25183.5,25234.25,13931.0
2026-01-21 18:30:00+00:00,25209.75,25239.5,25205.75,25218.0,12944.0
2026-01-21 18:45:00+00:00,25219.5,25294.75,25204.0,25283.25,16130.0
2026-01-21 19:00:00+00:00,25282.25,25297.0,25232.75,25242.0,12395.0
2026-01-21 19:15:00+00:00,25242.0,25457.0,25233.25,25429.25,24826.0
2026-01-21 19:30:00+00:00,25429.5,25572.75,25421.0,25548.25,37559.0
2026-01-21 19:45:00+00:00,25582.5,25648.25,25569.0,25638.75,32095.0
2026-01-21 20:00:00+00:00,25639.0,25653.5,25573.25,25588.5,19029.0
2026-01-21 20:15:00+00:00,25588.75,25593.0,25485.0,25486.5,18657.0
2026-01-21 20:30:00+00:00,25486.5,25515.75,25447.25,25484.0,20394.0
2026-01-21 20:45:00+00:00,25483.5,25492.75,25446.0,25471.5,29323.0
2026-01-21 21:00:00+00:00,25473.5,25528.0,25473.5,25523.0,10153.0
2026-01-21 21:15:00+00:00,25524.5,25530.75,25504.25,25512.5,2558.0
2026-01-21 21:30:00+00:00,25513.0,25515.0,25501.0,25513.0,1291.0
2026-01-21 21:45:00+00:00,25513.25,25513.25,25500.0,25509.5,1654.0
2026-01-21 23:00:00+00:00,25529.5,25569.25,25529.5,25545.25,969.0
2026-01-21 23:15:00+00:00,25545.25,25562.25,25544.0,25558.0,859.0
2026-01-21 23:30:00+00:00,25557.75,25557.75,25523.25,25540.0,1482.0
2026-01-21 23:45:00+00:00,25539.5,25559.0,25536.0,25552.5,873.0
2026-01-22 00:00:00+00:00,25553.0,25570.25,25538.5,25567.75,1571.0
2026-01-22 00:15:00+00:00,25567.0,25583.25,25556.0,25567.0,1856.0
2026-01-22 00:30:00+00:00,25568.0,25578.5,25546.5,25561.5,1521.0
2026-01-22 00:45:00+00:00,25560.0,25567.5,25551.75,25558.5,894.0
2026-01-22 01:00:00+00:00,25559.5,25565.25,25552.75,25562.75,924.0
2026-01-22 01:15:00+00:00,25563.75,25591.75,25560.75,25590.5,1639.0
2026-01-22 01:30:00+00:00,25589.75,25599.75,25585.5,25598.75,1491.0
2026-01-22 01:45:00+00:00,25598.25,25601.0,25586.75,25594.5,985.0
2026-01-22 02:00:00+00:00,25595.25,25602.5,25591.0,25595.0,669.0
2026-01-22 02:15:00+00:00,25593.5,25594.75,25577.75,25583.5,1137.0
2026-01-22 02:30:00+00:00,25583.75,25583.75,25565.0,25566.5,857.0
2026-01-22 02:45:00+00:00,25566.25,25575.25,25565.0,25568.0,643.0
2026-01-22 03:00:00+00:00,25568.25,25595.0,25568.25,25583.0,1142.0
2026-01-22 03:15:00+00:00,25582.75,25592.0,25574.75,25584.75,625.0
2026-01-22 03:30:00+00:00,25585.0,25588.25,25575.75,25579.0,464.0
2026-01-22 03:45:00+00:00,25579.25,25592.0,25576.75,25589.5,468.0
2026-01-22 04:00:00+00:00,25589.75,25590.25,25579.25,25583.75,522.0
2026-01-22 04:15:00+00:00,25581.75,25582.0,25566.0,25575.25,616.0
2026-01-22 04:30:00+00:00,25574.75,25580.0,25567.75,25569.0,373.0
2026-01-22 04:45:00+00:00,25568.5,25575.0,25566.25,25574.5,350.0
2026-01-22 05:00:00+00:00,25575.75,25575.75,25563.5,25568.0,651.0
2026-01-22 05:15:00+00:00,25567.25,25569.0,25562.0,25567.0,529.0
2026-01-22 05:30:00+00:00,25567.25,25568.75,25536.25,25544.0,1427.0
2026-01-22 05:45:00+00:00,25544.0,25551.0,25527.75,25534.25,1313.0
2026-01-22 06:00:00+00:00,25533.5,25548.0,25486.5,25488.25,2263.0
2026-01-22 06:15:00+00:00,25488.0,25509.5,25483.75,25489.5,1831.0
2026-01-22 06:30:00+00:00,25490.0,25526.75,25486.75,25526.5,1572.0
2026-01-22 06:45:00+00:00,25526.5,25546.5,25517.0,25539.75,1492.0
2026-01-22 07:00:00+00:00,25539.25,25550.25,25499.0,25515.5,1825.0
2026-01-22 07:15:00+00:00,25516.0,25536.25,25506.5,25534.5,1045.0
2026-01-22 07:30:00+00:00,25535.25,25593.5,25534.0,25587.5,2302.0
2026-01-22 07:45:00+00:00,25588.25,25590.0,25562.75,25588.5,1320.0
2026-01-22 08:00:00+00:00,25587.75,25626.75,25583.0,25619.25,3567.0
2026-01-22 08:15:00+00:00,25620.25,25669.75,25616.0,25651.75,3955.0
2026-01-22 08:30:00+00:00,25651.25,25674.0,25640.5,25665.75,2834.0
2026-01-22 08:45:00+00:00,25665.5,25707.25,25656.75,25683.25,3436.0
2026-01-22 09:00:00+00:00,25682.5,25706.0,25672.25,25702.75,2127.0
2026-01-22 09:15:00+00:00,25703.5,25715.75,25687.75,25694.0,1896.0
2026-01-22 09:30:00+00:00,25694.0,25709.75,25689.5,25701.0,1015.0
2026-01-22 09:45:00+00:00,25700.75,25712.75,25693.25,25698.5,899.0
2026-01-22 10:00:00+00:00,25699.25,25703.75,25681.75,25685.25,1218.0
2026-01-22 10:15:00+00:00,25686.25,25701.25,25670.5,25688.0,2630.0
2026-01-22 10:30:00+00:00,25688.25,25698.0,25685.25,25688.25,831.0
2026-01-22 10:45:00+00:00,25687.25,25696.0,25683.0,25688.25,878.0
2026-01-22 11:00:00+00:00,25688.75,25714.0,25687.5,25692.25,1873.0
2026-01-22 11:15:00+00:00,25691.5,25697.25,25667.0,25681.5,2092.0
2026-01-22 11:30:00+00:00,25681.75,25703.0,25670.75,25678.0,2343.0
2026-01-22 11:45:00+00:00,25678.25,25684.5,25673.25,25675.0,1079.0
2026-01-22 12:00:00+00:00,25674.75,25684.0,25659.0,25668.25,2170.0
2026-01-22 12:15:00+00:00,25667.25,25690.75,25667.25,25684.25,1332.0
2026-01-22 12:30:00+00:00,25683.25,25691.25,25671.25,25684.25,1611.0
2026-01-22 12:45:00+00:00,25684.0,25696.25,25676.5,25691.5,1326.0
2026-01-22 13:00:00+00:00,25691.5,25708.5,25677.75,25691.25,2924.0
2026-01-22 13:15:00+00:00,25691.5,25707.5,25691.5,25703.5,2166.0
2026-01-22 13:30:00+00:00,25702.5,25711.75,25678.25,25691.0,4472.0
2026-01-22 13:45:00+00:00,25691.25,25739.75,25691.25,25736.25,5236.0
2026-01-22 14:00:00+00:00,25735.75,25739.0,25704.5,25717.5,3817.0
2026-01-22 14:15:00+00:00,25718.0,25738.5,25710.0,25729.0,6700.0
2026-01-22 14:30:00+00:00,25729.0,25731.75,25612.5,25646.25,46301.0
2026-01-22 14:45:00+00:00,25646.5,25657.0,25554.25,25578.0,36964.0
2026-01-22 15:00:00+00:00,25582.0,25585.0,25536.75,25553.5,26373.0
2026-01-22 15:15:00+00:00,25553.75,25610.0,25537.25,25592.25,28533.0
2026-01-22 15:30:00+00:00,25592.75,25648.25,25572.0,25645.5,19150.0
2026-01-22 15:45:00+00:00,25645.75,25658.75,25602.0,25606.0,17782.0
2026-01-22 16:00:00+00:00,25605.25,25660.0,25603.75,25653.5,15545.0
2026-01-22 16:15:00+00:00,25653.5,25685.25,25639.5,25672.5,13299.0
2026-01-22 16:30:00+00:00,25672.5,25690.0,25660.25,25681.25,10675.0
2026-01-22 16:45:00+00:00,25681.5,25700.0,25662.25,25669.5,11046.0
2026-01-22 17:00:00+00:00,25668.75,25694.0,25652.5,25688.5,13830.0
2026-01-22 17:15:00+00:00,25688.75,25692.5,25656.75,25679.25,9424.0
2026-01-22 17:30:00+00:00,25680.5,25710.0,25679.5,25701.0,9829.0
2026-01-22 17:45:00+00:00,25700.75,25722.0,25698.5,25712.25,7079.0
2026-01-22 18:00:00+00:00,25711.75,25723.5,25690.25,25695.25,11479.0
2026-01-22 18:15:00+00:00,25695.5,25708.75,25683.0,25697.75,6842.0
2026-01-22 18:30:00+00:00,25698.0,25708.5,25689.75,25693.0,6181.0
2026-01-22 18:45:00+00:00,25692.75,25710.0,25667.0,25673.5,8343.0
2026-01-22 19:00:00+00:00,25673.5,25710.75,25671.5,25700.75,9302.0
2026-01-22 19:15:00+00:00,25701.25,25715.25,25692.25,25709.25,6011.0
2026-01-22 19:30:00+00:00,25709.75,25713.5,25670.75,25674.5,9393.0
2026-01-22 19:45:00+00:00,25675.0,25681.25,25634.0,25639.75,11951.0
2026-01-22 20:00:00+00:00,25639.5,25653.0,25631.0,25647.5,11355.0
2026-01-22 20:15:00+00:00,25647.75,25664.0,25607.75,25609.0,12556.0
2026-01-22 20:30:00+00:00,25608.75,25620.25,25584.75,25613.75,18972.0
2026-01-22 20:45:00+00:00,25613.75,25665.75,25613.25,25663.0,26567.0
2026-01-22 21:00:00+00:00,25661.75,25676.5,25627.5,25644.5,11068.0
2026-01-22 21:15:00+00:00,25644.75,25662.75,25642.5,25661.0,1956.0
2026-01-22 21:30:00+00:00,25661.25,25662.5,25641.5,25642.0,1124.0
2026-01-22 21:45:00+00:00,25642.25,25649.75,25609.75,25630.0,1893.0
2026-01-22 23:00:00+00:00,25605.0,25618.0,25575.5,25591.25,1128.0
2026-01-22 23:15:00+00:00,25593.0,25621.75,25589.5,25614.25,1178.0
2026-01-22 23:30:00+00:00,25615.75,25629.25,25613.0,25624.0,866.0
2026-01-22 23:45:00+00:00,25623.5,25629.25,25600.75,25617.75,1317.0
2026-01-23 00:00:00+00:00,25616.75,25631.25,25597.5,25626.5,1078.0
2026-01-23 00:15:00+00:00,25626.75,25638.5,25619.25,25626.75,1035.0
2026-01-23 00:30:00+00:00,25626.75,25647.75,25622.5,25645.75,857.0
2026-01-23 00:45:00+00:00,25645.0,25654.75,25639.0,25654.25,680.0
2026-01-23 01:00:00+00:00,25653.5,25676.5,25649.25,25669.5,1787.0
2026-01-23 01:15:00+00:00,25669.5,25682.75,25658.75,25665.75,1703.0
2026-01-23 01:30:00+00:00,25664.25,25681.0,25660.75,25668.25,1404.0
2026-01-23 01:45:00+00:00,25669.0,25688.0,25666.75,25686.75,689.0
2026-01-23 02:00:00+00:00,25686.75,25688.5,25675.0,25686.25,726.0
2026-01-23 02:15:00+00:00,25687.25,25689.5,25673.0,25677.0,677.0
2026-01-23 02:30:00+00:00,25676.0,25677.5,25667.5,25668.75,509.0
2026-01-23 02:45:00+00:00,25669.25,25673.0,25665.0,25668.75,506.0
2026-01-23 03:00:00+00:00,25668.25,25694.75,25667.75,25694.0,1040.0
2026-01-23 03:15:00+00:00,25694.0,25707.75,25694.0,25702.0,933.0
2026-01-23 03:30:00+00:00,25702.25,25704.25,25690.0,25701.5,1057.0
2026-01-23 03:45:00+00:00,25700.75,25702.0,25691.75,25695.75,380.0
2026-01-23 04:00:00+00:00,25696.0,25700.25,25689.25,25698.25,483.0
2026-01-23 04:15:00+00:00,25698.25,25700.25,25684.25,25697.5,624.0
2026-01-23 04:30:00+00:00,25697.25,25706.5,25695.5,25696.0,576.0
2026-01-23 04:45:00+00:00,25695.25,25707.5,25689.5,25702.25,620.0
2026-01-23 05:00:00+00:00,25703.0,25710.25,25701.25,25707.25,652.0
2026-01-23 05:15:00+00:00,25707.75,25712.0,25702.25,25702.25,377.0
2026-01-23 05:30:00+00:00,25702.5,25708.25,25698.75,25700.25,448.0
2026-01-23 05:45:00+00:00,25700.0,25714.5,25700.0,25713.5,501.0
2026-01-23 06:00:00+00:00,25713.5,25731.5,25712.75,25722.75,1135.0
2026-01-23 06:15:00+00:00,25721.75,25731.25,25718.0,25723.75,853.0
2026-01-23 06:30:00+00:00,25722.25,25726.5,25704.0,25704.75,826.0
2026-01-23 06:45:00+00:00,25705.25,25709.5,25703.25,25704.75,344.0
2026-01-23 07:00:00+00:00,25705.75,25712.0,25697.0,25700.0,920.0
2026-01-23 07:15:00+00:00,25699.25,25724.75,25699.25,25718.0,921.0
2026-01-23 07:30:00+00:00,25718.75,25719.25,25699.25,25704.5,834.0
2026-01-23 07:45:00+00:00,25704.0,25704.0,25682.25,25691.75,1284.0
2026-01-23 08:00:00+00:00,25692.0,25692.0,25655.25,25656.75,2063.0
2026-01-23 08:15:00+00:00,25656.75,25671.25,25620.25,25628.5,2946.0
2026-01-23 08:30:00+00:00,25628.75,25635.0,25603.75,25614.0,2369.0
2026-01-23 08:45:00+00:00,25615.0,25628.0,25581.0,25600.75,2492.0
2026-01-23 09:00:00+00:00,25602.25,25629.5,25592.5,25599.25,2611.0
2026-01-23 09:15:00+00:00,25599.0,25623.0,25594.75,25602.75,2012.0
2026-01-23 09:30:00+00:00,25603.0,25603.0,25546.25,25554.0,2835.0
2026-01-23 09:45:00+00:00,25551.75,25572.75,25540.25,25558.25,2671.0
2026-01-23 10:00:00+00:00,25558.25,25574.75,25551.75,25553.0,1606.0
2026-01-23 10:15:00+00:00,25554.0,25574.25,25550.0,25562.75,1258.0
2026-01-23 10:30:00+00:00,25561.75,25565.0,25550.75,25556.0,1077.0
2026-01-23 10:45:00+00:00,25555.25,25574.75,25554.0,25574.25,1019.0
2026-01-23 11:00:00+00:00,25574.75,25640.0,25571.0,25626.75,6644.0
2026-01-23 11:15:00+00:00,25627.0,25646.25,25619.5,25644.75,1849.0
2026-01-23 11:30:00+00:00,25645.25,25658.0,25629.0,25633.0,2075.0
2026-01-23 11:45:00+00:00,25633.0,25634.0,25596.25,25606.75,2485.0
2026-01-23 12:00:00+00:00,25606.5,25627.5,25599.0,25611.5,2595.0
2026-01-23 12:15:00+00:00,25612.25,25618.75,25597.0,25616.75,1568.0
2026-01-23 12:30:00+00:00,25617.25,25624.5,25584.0,25615.75,2512.0
2026-01-23 12:45:00+00:00,25617.0,25632.75,25613.75,25628.75,1767.0
2026-01-23 13:00:00+00:00,25628.75,25635.5,25615.75,25624.25,1400.0
2026-01-23 13:15:00+00:00,25624.75,25627.0,25572.25,25573.0,2780.0
2026-01-23 13:30:00+00:00,25572.5,25605.0,25571.25,25588.25,3144.0
2026-01-23 13:45:00+00:00,25588.5,25589.5,25560.25,25570.75,3840.0
2026-01-23 14:00:00+00:00,25570.75,25583.5,25556.75,25570.0,3687.0
2026-01-23 14:15:00+00:00,25569.5,25612.25,25562.5,25607.75,6040.0
2026-01-23 14:30:00+00:00,25608.0,25652.5,25562.5,25614.5,38663.0
2026-01-23 14:45:00+00:00,25614.5,25668.0,25579.25,25663.75,21902.0
2026-01-23 15:00:00+00:00,25668.0,25719.5,25661.5,25688.25,24791.0
2026-01-23 15:15:00+00:00,25688.0,25763.5,25673.75,25746.0,26373.0
2026-01-23 15:30:00+00:00,25747.0,25785.5,25745.0,25781.0,16449.0
2026-01-23 15:45:00+00:00,25781.25,25827.5,25771.25,25826.5,17793.0
2026-01-23 16:00:00+00:00,25826.5,25845.75,25804.5,25824.0,18081.0
2026-01-23 16:15:00+00:00,25823.75,25829.5,25779.75,25791.5,12325.0
2026-01-23 16:30:00+00:00,25791.25,25826.0,25761.0,25812.75,17861.0
2026-01-23 16:45:00+00:00,25812.25,25828.5,25784.5,25789.0,12771.0
2026-01-23 17:00:00+00:00,25789.0,25805.25,25766.5,25805.25,11243.0
2026-01-23 17:15:00+00:00,25804.75,25808.0,25780.0,25798.25,8416.0
2026-01-23 17:30:00+00:00,25798.5,25800.25,25722.25,25730.0,13217.0
2026-01-23 17:45:00+00:00,25729.75,25743.0,25683.0,25693.75,19326.0
2026-01-23 18:00:00+00:00,25693.75,25759.0,25688.5,25729.0,15190.0
2026-01-23 18:15:00+00:00,25730.0,25764.25,25727.5,25753.0,9589.0
2026-01-23 18:30:00+00:00,25752.75,25762.75,25725.25,25731.25,9035.0
2026-01-23 18:45:00+00:00,25731.75,25741.25,25714.25,25725.5,7460.0
2026-01-23 19:00:00+00:00,25726.25,25768.25,25723.75,25747.25,9042.0
2026-01-23 19:15:00+00:00,25747.5,25774.75,25744.0,25745.25,6902.0
2026-01-23 19:30:00+00:00,25745.5,25758.5,25719.5,25746.0,9142.0
2026-01-23 19:45:00+00:00,25746.5,25754.5,25730.5,25748.0,6661.0
2026-01-23 20:00:00+00:00,25748.0,25751.5,25691.25,25724.5,11589.0
2026-01-23 20:15:00+00:00,25725.25,25744.5,25708.75,25710.5,8947.0
2026-01-23 20:30:00+00:00,25710.25,25733.0,25696.0,25731.0,9900.0
2026-01-23 20:45:00+00:00,25731.25,25755.75,25713.0,25734.5,23349.0
2026-01-23 21:00:00+00:00,25734.75,25738.25,25702.25,25703.0,7594.0
2026-01-23 21:15:00+00:00,25702.75,25703.25,25672.25,25687.5,3446.0
2026-01-23 21:30:00+00:00,25687.5,25696.25,25683.5,25690.5,1562.0
2026-01-23 21:45:00+00:00,25691.0,25693.75,25677.25,25680.5,1466.0
2026-01-25 23:00:00+00:00,25465.5,25501.0,25463.25,25497.5,524.0
2026-01-25 23:15:00+00:00,25497.0,25542.25,25488.0,25530.75,2788.0
2026-01-25 23:30:00+00:00,25531.5,25544.75,25492.5,25497.0,2513.0
2026-01-25 23:45:00+00:00,25498.25,25572.25,25495.0,25559.0,2988.0
2026-01-26 00:00:00+00:00,25559.75,25596.5,25544.75,25578.5,2768.0
2026-01-26 00:15:00+00:00,25579.0,25610.0,25572.0,25607.0,2175.0
2026-01-26 00:30:00+00:00,25606.5,25618.25,25566.0,25580.25,2484.0
2026-01-26 00:45:00+00:00,25580.25,25594.75,25562.75,25582.0,1543.0
2026-01-26 01:00:00+00:00,25582.0,25645.0,25571.25,25606.25,3702.0
2026-01-26 01:15:00+00:00,25606.5,25661.75,25606.0,25650.5,3076.0
2026-01-26 01:30:00+00:00,25650.0,25654.5,25630.75,25646.75,1827.0
2026-01-26 01:45:00+00:00,25646.5,25668.75,25641.0,25649.5,2005.0
2026-01-26 02:00:00+00:00,25649.25,25665.75,25647.5,25657.75,1213.0
2026-01-26 02:15:00+00:00,25655.5,25664.75,25641.5,25648.75,1199.0
2026-01-26 02:30:00+00:00,25649.75,25650.75,25616.5,25619.5,1616.0
2026-01-26 02:45:00+00:00,25619.25,25619.75,25595.25,25609.25,1852.0
2026-01-26 03:00:00+00:00,25611.0,25657.5,25610.5,25644.75,2027.0
2026-01-26 03:15:00+00:00,25645.75,25646.5,25622.0,25638.5,1834.0
2026-01-26 03:30:00+00:00,25638.25,25645.5,25626.0,25634.75,1423.0
2026-01-26 03:45:00+00:00,25635.0,25642.0,25623.0,25634.75,1898.0
2026-01-26 04:00:00+00:00,25634.5,25635.25,25623.5,25628.5,736.0
2026-01-26 04:15:00+00:00,25628.0,25651.5,25625.0,25650.0,1059.0
2026-01-26 04:30:00+00:00,25650.75,25659.0,25622.75,25629.25,1693.0
2026-01-26 04:45:00+00:00,25629.25,25641.0,25623.5,25639.0,632.0
2026-01-26 05:00:00+00:00,25635.75,25640.5,25627.25,25630.25,372.0
2026-01-26 05:15:00+00:00,25629.75,25668.5,25629.5,25663.75,1321.0
2026-01-26 05:30:00+00:00,25663.75,25676.0,25657.25,25665.75,1031.0
2026-01-26 05:45:00+00:00,25665.5,25676.0,25659.0,25674.0,725.0
2026-01-26 06:00:00+00:00,25675.5,25689.0,25673.5,25687.25,1518.0
2026-01-26 06:15:00+00:00,25687.5,25702.0,25683.5,25693.75,1060.0
2026-01-26 06:30:00+00:00,25694.25,25697.0,25668.5,25672.5,1105.0
2026-01-26 06:45:00+00:00,25672.5,25696.0,25665.75,25668.0,1780.0
2026-01-26 07:00:00+00:00,25669.5,25686.0,25666.75,25685.75,876.0
2026-01-26 07:15:00+00:00,25685.25,25696.0,25675.5,25693.5,696.0
2026-01-26 07:30:00+00:00,25693.75,25699.75,25678.5,25694.0,791.0
2026-01-26 07:45:00+00:00,25693.75,25711.0,25688.25,25700.0,1267.0
2026-01-26 08:00:00+00:00,25700.75,25720.75,25699.75,25710.75,1491.0
2026-01-26 08:15:00+00:00,25711.5,25742.0,25704.75,25729.0,1617.0
2026-01-26 08:30:00+00:00,25728.25,25741.5,25718.0,25722.75,1112.0
2026-01-26 08:45:00+00:00,25723.0,25731.0,25713.75,25727.5,668.0
2026-01-26 09:00:00+00:00,25727.75,25735.0,25703.75,25705.25,1318.0
2026-01-26 09:15:00+00:00,25705.0,25713.25,25687.25,25688.5,1599.0
2026-01-26 09:30:00+00:00,25688.0,25689.75,25613.0,25616.0,3527.0
2026-01-26 09:45:00+00:00,25616.5,25624.5,25582.0,25618.25,3669.0
2026-01-26 10:00:00+00:00,25618.25,25640.0,25614.25,25637.5,1547.0
2026-01-26 10:15:00+00:00,25638.5,25656.75,25626.5,25651.0,1904.0
2026-01-26 10:30:00+00:00,25651.0,25674.5,25647.75,25657.0,1629.0
2026-01-26 10:45:00+00:00,25656.75,25665.75,25649.75,25651.25,958.0
2026-01-26 11:00:00+00:00,25651.5,25659.75,25641.75,25650.75,843.0
2026-01-26 11:15:00+00:00,25650.75,25659.25,25643.75,25648.25,744.0
2026-01-26 11:30:00+00:00,25649.25,25661.5,25647.75,25652.5,688.0
2026-01-26 11:45:00+00:00,25654.5,25673.0,25647.25,25670.5,776.0
2026-01-26 12:00:00+00:00,25669.5,25714.5,25668.75,25706.75,2232.0
2026-01-26 12:15:00+00:00,25706.75,25709.0,25682.75,25690.5,1281.0
2026-01-26 12:30:00+00:00,25690.0,25696.0,25678.25,25679.75,1200.0
2026-01-26 12:45:00+00:00,25678.75,25691.25,25675.5,25688.0,1347.0
2026-01-26 13:00:00+00:00,25688.5,25703.25,25676.5,25701.75,2418.0
2026-01-26 13:15:00+00:00,25701.25,25707.25,25685.5,25688.75,1840.0
2026-01-26 13:30:00+00:00,25688.25,25693.5,25658.0,25674.0,2812.0
2026-01-26 13:45:00+00:00,25674.25,25721.75,25672.0,25716.25,3152.0
2026-01-26 14:00:00+00:00,25716.25,25738.0,25716.25,25722.25,3339.0
2026-01-26 14:15:00+00:00,25722.25,25749.25,25714.0,25749.25,5458.0
2026-01-26 14:30:00+00:00,25748.5,25827.0,25704.25,25816.25,34906.0
2026-01-26 14:45:00+00:00,25816.75,25853.5,25803.0,25837.25,23147.0
2026-01-26 15:00:00+00:00,25837.0,25849.5,25803.0,25839.0,18540.0
2026-01-26 15:15:00+00:00,25839.0,25886.5,25829.0,25845.75,20825.0
2026-01-26 15:30:00+00:00,25846.0,25878.0,25834.0,25840.0,17531.0
2026-01-26 15:45:00+00:00,25839.25,25898.5,25839.0,25881.25,15131.0
2026-01-26 16:00:00+00:00,25881.0,25896.5,25866.75,25886.25,12816.0
2026-01-26 16:15:00+00:00,25886.0,25909.5,25850.75,25905.75,15255.0
2026-01-26 16:30:00+00:00,25906.0,25928.5,25896.25,25897.25,13188.0
2026-01-26 16:45:00+00:00,25897.75,25911.0,25888.0,25906.25,9255.0
2026-01-26 17:00:00+00:00,25906.5,25936.5,25902.75,25914.0,8880.0
2026-01-26 17:15:00+00:00,25913.75,25927.5,25907.0,25912.5,6273.0
2026-01-26 17:30:00+00:00,25912.5,25915.5,25897.75,25909.0,6809.0
2026-01-26 17:45:00+00:00,25909.0,25909.5,25881.75,25891.25,9033.0
2026-01-26 18:00:00+00:00,25890.5,25897.75,25873.5,25881.5,7481.0
2026-01-26 18:15:00+00:00,25881.25,25913.75,25874.75,25907.5,7465.0
2026-01-26 18:30:00+00:00,25907.25,25932.25,25892.0,25895.75,9302.0
2026-01-26 18:45:00+00:00,25896.0,25905.0,25885.0,25898.75,6168.0
2026-01-26 19:00:00+00:00,25898.25,25913.25,25892.5,25907.5,5775.0
2026-01-26 19:15:00+00:00,25908.0,25912.5,25884.5,25899.5,6384.0
2026-01-26 19:30:00+00:00,25900.0,25913.75,25890.0,25903.75,6271.0
2026-01-26 19:45:00+00:00,25904.0,25906.25,25877.75,25878.5,7134.0
2026-01-26 20:00:00+00:00,25879.0,25890.5,25871.5,25882.0,6221.0
2026-01-26 20:15:00+00:00,25881.75,25884.0,25866.5,25880.75,6930.0
2026-01-26 20:30:00+00:00,25881.0,25895.0,25877.5,25885.0,7574.0
2026-01-26 20:45:00+00:00,25884.75,25892.5,25840.5,25844.5,26411.0
2026-01-26 21:00:00+00:00,25844.25,25856.5,25834.0,25854.75,10283.0
2026-01-26 21:15:00+00:00,25855.0,25871.0,25854.25,25868.5,2682.0
2026-01-26 21:30:00+00:00,25867.25,25869.25,25860.75,25867.25,1227.0
2026-01-26 21:45:00+00:00,25867.25,25868.0,25851.75,25861.25,2146.0
2026-01-26 23:00:00+00:00,25861.25,25868.75,25838.5,25867.5,769.0
2026-01-26 23:15:00+00:00,25867.0,25897.0,25866.75,25878.75,1666.0
2026-01-26 23:30:00+00:00,25879.25,25885.0,25871.25,25881.75,737.0
2026-01-26 23:45:00+00:00,25882.75,25890.75,25877.75,25890.5,717.0
2026-01-27 00:00:00+00:00,25890.5,25891.25,25875.0,25884.5,655.0
2026-01-27 00:15:00+00:00,25885.5,25899.5,25884.5,25890.0,782.0
2026-01-27 00:30:00+00:00,25889.75,25902.75,25885.5,25896.25,980.0
2026-01-27 00:45:00+00:00,25895.5,25902.5,25893.75,25898.75,527.0
2026-01-27 01:00:00+00:00,25898.5,25912.75,25895.25,25908.75,864.0
2026-01-27 01:15:00+00:00,25909.0,25916.25,25905.0,25911.5,722.0
2026-01-27 01:30:00+00:00,25910.75,25919.25,25910.0,25918.0,742.0
2026-01-27 01:45:00+00:00,25918.0,25927.0,25915.5,25922.0,903.0
2026-01-27 02:00:00+00:00,25922.0,25951.25,25921.25,25947.5,1734.0
2026-01-27 02:15:00+00:00,25947.75,25957.0,25947.0,25948.75,1196.0
2026-01-27 02:30:00+00:00,25949.25,25963.5,25943.5,25960.75,1268.0
2026-01-27 02:45:00+00:00,25960.75,25975.0,25955.5,25971.25,1107.0
2026-01-27 03:00:00+00:00,25970.5,25977.0,25967.25,25968.0,806.0
2026-01-27 03:15:00+00:00,25967.25,25973.0,25964.75,25966.5,566.0
2026-01-27 03:30:00+00:00,25966.75,25975.0,25962.5,25971.0,726.0
2026-01-27 03:45:00+00:00,25970.5,25979.5,25963.5,25975.5,801.0
2026-01-27 04:00:00+00:00,25975.75,26002.75,25971.5,25990.75,2057.0
2026-01-27 04:15:00+00:00,25990.0,25994.5,25982.25,25986.75,654.0
2026-01-27 04:30:00+00:00,25986.25,25992.25,25986.0,25990.25,447.0
2026-01-27 04:45:00+00:00,25990.75,25993.5,25989.25,25990.0,225.0
2026-01-27 05:00:00+00:00,25980.5,25981.5,25972.5,25978.75,862.0
2026-01-27 05:15:00+00:00,25979.5,25981.5,25974.0,25980.75,464.0
2026-01-27 05:30:00+00:00,25981.75,25996.0,25981.75,25995.75,763.0
2026-01-27 05:45:00+00:00,25995.75,26009.75,25994.25,26008.25,964.0
2026-01-27 06:00:00+00:00,26007.75,26028.25,26007.5,26018.25,2018.0
2026-01-27 06:15:00+00:00,26018.0,26025.75,26015.25,26024.5,659.0
2026-01-27 06:30:00+00:00,26024.0,26024.75,26003.0,26005.5,938.0
2026-01-27 06:45:00+00:00,26005.0,26008.0,25999.0,26001.25,772.0
2026-01-27 07:00:00+00:00,26002.5,26014.0,26000.5,26005.0,1100.0
2026-01-27 07:15:00+00:00,26004.75,26007.75,25992.0,25999.0,830.0
2026-01-27 07:30:00+00:00,25998.75,26020.5,25995.75,26011.75,1076.0
2026-01-27 07:45:00+00:00,26011.0,26011.25,25995.75,26006.25,1037.0
2026-01-27 08:00:00+00:00,26006.0,26011.75,25981.25,25990.25,1872.0
2026-01-27 08:15:00+00:00,25990.75,26003.0,25974.5,25980.5,1646.0
2026-01-27 08:30:00+00:00,25981.0,25986.0,25967.0,25976.75,1694.0
2026-01-27 08:45:00+00:00,25978.0,25989.75,25975.75,25984.5,1124.0
2026-01-27 09:00:00+00:00,25983.75,25992.75,25970.0,25982.25,1901.0
2026-01-27 09:15:00+00:00,25980.75,25994.75,25980.0,25983.75,997.0
2026-01-27 09:30:00+00:00,25983.0,25989.25,25976.75,25983.25,896.0
2026-01-27 09:45:00+00:00,25983.25,25986.25,25967.25,25973.75,1199.0
2026-01-27 10:00:00+00:00,25974.0,25992.5,25970.0,25983.25,955.0
2026-01-27 10:15:00+00:00,25984.0,25999.75,25984.0,25996.0,734.0
2026-01-27 10:30:00+00:00,25997.0,26000.25,25992.0,25994.0,766.0
2026-01-27 10:45:00+00:00,25994.5,26007.75,25993.5,26005.75,1391.0
2026-01-27 11:00:00+00:00,26005.5,26008.75,25991.75,26002.75,1205.0
2026-01-27 11:15:00+00:00,26003.5,26007.75,25992.0,26005.0,1005.0
2026-01-27 11:30:00+00:00,26005.0,26033.5,26002.5,26031.25,2573.0
2026-01-27 11:45:00+00:00,26031.5,26043.0,26025.25,26032.0,1825.0
2026-01-27 12:00:00+00:00,26031.5,26033.5,26010.25,26016.0,1696.0
2026-01-27 12:15:00+00:00,26015.5,26021.0,25995.0,25996.75,1731.0
2026-01-27 12:30:00+00:00,25997.25,26018.0,25991.0,26009.75,2095.0
2026-01-27 12:45:00+00:00,26009.5,26012.75,26000.0,26004.0,1081.0
2026-01-27 13:00:00+00:00,26003.75,26018.0,26002.0,26016.0,2093.0
2026-01-27 13:15:00+00:00,26015.75,26018.0,26001.0,26003.25,1575.0
2026-01-27 13:30:00+00:00,26002.5,26008.0,25993.75,26000.75,2145.0
2026-01-27 13:45:00+00:00,26001.25,26008.0,25982.5,25989.75,2783.0
2026-01-27 14:00:00+00:00,25990.5,26010.0,25990.5,25995.25,3110.0
2026-01-27 14:15:00+00:00,25994.25,26005.75,25981.0,25982.5,5927.0
2026-01-27 14:30:00+00:00,25982.75,26012.5,25917.25,25959.25,44634.0
2026-01-27 14:45:00+00:00,25959.0,26058.0,25958.5,26053.25,28444.0
2026-01-27 15:00:00+00:00,26052.5,26073.5,26021.5,26059.75,25763.0
2026-01-27 15:15:00+00:00,26060.0,26074.75,26038.0,26043.0,16254.0
2026-01-27 15:30:00+00:00,26043.0,26095.5,26038.75,26091.0,17427.0
2026-01-27 15:45:00+00:00,26090.5,26098.5,26063.5,26078.5,14693.0
2026-01-27 16:00:00+00:00,26078.5,26099.75,26073.25,26098.0,11501.0
2026-01-27 16:15:00+00:00,26098.25,26106.75,26088.0,26090.5,9824.0
2026-01-27 16:30:00+00:00,26090.5,26099.75,26086.25,26090.25,8002.0
2026-01-27 16:45:00+00:00,26089.75,26096.5,26077.0,26079.75,10998.0
2026-01-27 17:00:00+00:00,26080.0,26085.0,26065.0,26071.0,9222.0
2026-01-27 17:15:00+00:00,26070.25,26088.75,26050.25,26083.5,11398.0
2026-01-27 17:30:00+00:00,26083.0,26092.0,26069.75,26075.75,8884.0
2026-01-27 17:45:00+00:00,26075.75,26077.5,26057.5,26061.75,5961.0
2026-01-27 18:00:00+00:00,26062.0,26071.5,26038.0,26068.5,10972.0
2026-01-27 18:15:00+00:00,26067.75,26085.5,26067.0,26076.5,7029.0
2026-01-27 18:30:00+00:00,26076.75,26091.75,26076.25,26081.25,6876.0
2026-01-27 18:45:00+00:00,26081.5,26097.75,26079.5,26090.25,5650.0
2026-01-27 19:00:00+00:00,26090.0,26090.0,26072.75,26086.75,6745.0
2026-01-27 19:15:00+00:00,26086.5,26095.0,26084.25,26092.75,5184.0
2026-01-27 19:30:00+00:00,26092.75,26099.75,26078.5,26085.5,6104.0
2026-01-27 19:45:00+00:00,26085.5,26098.5,26077.75,26091.75,5242.0
2026-01-27 20:00:00+00:00,26092.0,26111.75,26083.75,26110.0,7222.0
2026-01-27 20:15:00+00:00,26110.0,26114.25,26094.0,26096.25,7406.0
2026-01-27 20:30:00+00:00,26096.0,26097.5,26084.0,26091.5,8375.0
2026-01-27 20:45:00+00:00,26091.5,26101.75,26068.25,26075.5,23919.0
2026-01-27 21:00:00+00:00,26075.5,26088.0,26058.75,26079.25,10028.0
2026-01-27 21:15:00+00:00,26079.25,26106.0,26079.25,26095.5,2981.0
2026-01-27 21:30:00+00:00,26095.75,26114.0,26093.25,26113.25,1704.0
2026-01-27 21:45:00+00:00,26112.75,26118.0,26108.0,26110.0,2080.0
2026-01-27 23:00:00+00:00,26111.25,26148.0,26111.25,26144.5,1126.0
2026-01-27 23:15:00+00:00,26144.25,26146.75,26128.5,26136.5,1149.0
2026-01-27 23:30:00+00:00,26136.5,26140.0,26131.5,26139.25,498.0
2026-01-27 23:45:00+00:00,26139.0,26142.75,26136.5,26137.5,468.0
2026-01-28 00:00:00+00:00,26138.25,26162.25,26135.5,26157.25,1264.0
2026-01-28 00:15:00+00:00,26157.25,26171.75,26153.5,26168.25,1564.0
2026-01-28 00:30:00+00:00,26168.25,26207.75,26167.5,26207.0,3189.0
2026-01-28 00:45:00+00:00,26207.0,26208.5,26194.5,26206.0,1390.0
2026-01-28 01:00:00+00:00,26206.75,26228.25,26206.75,26223.0,2035.0
2026-01-28 01:15:00+00:00,26223.5,26226.0,26215.5,26224.0,1009.0
2026-01-28 01:30:00+00:00,26224.25,26226.0,26208.0,26209.25,1068.0
2026-01-28 01:45:00+00:00,26209.0,26217.0,26201.75,26205.25,1185.0
2026-01-28 02:00:00+00:00,26204.0,26221.75,26203.75,26217.25,1136.0
2026-01-28 02:15:00+00:00,26216.5,26220.25,26212.75,26212.75,593.0
2026-01-28 02:30:00+00:00,26213.5,26219.0,26206.75,26210.75,618.0
2026-01-28 02:45:00+00:00,26210.75,26221.0,26209.0,26214.0,613.0
2026-01-28 03:00:00+00:00,26213.75,26218.75,26210.75,26213.25,525.0
2026-01-28 03:15:00+00:00,26212.75,26216.25,26195.75,26203.25,938.0
2026-01-28 03:30:00+00:00,26203.0,26209.25,26194.75,26195.0,933.0
2026-01-28 03:45:00+00:00,26195.0,26203.0,26192.5,26199.0,747.0
2026-01-28 04:00:00+00:00,26200.5,26223.0,26200.5,26219.75,1200.0
2026-01-28 04:15:00+00:00,26219.75,26227.5,26218.25,26225.25,654.0
2026-01-28 04:30:00+00:00,26225.5,26226.5,26217.0,26219.0,453.0
2026-01-28 04:45:00+00:00,26219.25,26220.5,26213.5,26219.75,405.0
2026-01-28 05:00:00+00:00,26224.75,26230.5,26224.75,26227.25,728.0
2026-01-28 05:15:00+00:00,26229.25,26233.0,26227.0,26231.25,552.0
2026-01-28 05:30:00+00:00,26232.0,26241.75,26231.0,26239.25,705.0
2026-01-28 05:45:00+00:00,26240.0,26248.75,26238.5,26245.5,944.0
2026-01-28 06:00:00+00:00,26246.0,26306.25,26246.0,26305.5,5875.0
2026-01-28 06:15:00+00:00,26305.25,26320.75,26295.5,26302.25,2077.0
2026-01-28 06:30:00+00:00,26302.5,26349.0,26301.25,26316.75,3787.0
2026-01-28 06:45:00+00:00,26316.25,26327.5,26300.5,26302.75,1514.0
2026-01-28 07:00:00+00:00,26301.75,26324.0,26292.0,26321.5,2140.0
2026-01-28 07:15:00+00:00,26322.0,26322.25,26301.25,26304.0,827.0
2026-01-28 07:30:00+00:00,26303.5,26321.5,26289.0,26319.0,1934.0
2026-01-28 07:45:00+00:00,26319.25,26322.25,26308.5,26316.0,1197.0
2026-01-28 08:00:00+00:00,26315.5,26331.5,26300.0,26302.25,1930.0
2026-01-28 08:15:00+00:00,26303.5,26318.75,26276.75,26302.5,2491.0
2026-01-28 08:30:00+00:00,26302.0,26314.75,26300.0,26304.0,1528.0
2026-01-28 08:45:00+00:00,26303.25,26303.5,26271.0,26279.0,2090.0
2026-01-28 09:00:00+00:00,26279.5,26284.5,26258.0,26270.0,2461.0
2026-01-28 09:15:00+00:00,26271.0,26279.25,26255.0,26262.5,1808.0
2026-01-28 09:30:00+00:00,26262.25,26275.0,26252.5,26274.5,1651.0
2026-01-28 09:45:00+00:00,26274.25,26290.5,26270.0,26284.5,1290.0
2026-01-28 10:00:00+00:00,26285.25,26294.0,26272.5,26287.0,1035.0
2026-01-28 10:15:00+00:00,26287.25,26297.0,26277.25,26294.5,968.0
2026-01-28 10:30:00+00:00,26294.75,26316.5,26292.25,26309.25,1637.0
2026-01-28 10:45:00+00:00,26308.5,26320.75,26300.25,26316.75,1432.0
2026-01-28 11:00:00+00:00,26317.25,26318.25,26295.5,26299.25,1501.0
2026-01-28 11:15:00+00:00,26299.25,26310.75,26287.5,26308.75,1346.0
2026-01-28 11:30:00+00:00,26309.25,26318.75,26308.5,26314.0,971.0
2026-01-28 11:45:00+00:00,26313.0,26326.75,26306.25,26318.75,1580.0
2026-01-28 12:00:00+00:00,26319.25,26320.75,26265.0,26290.5,3672.0
2026-01-28 12:15:00+00:00,26292.75,26296.75,26264.75,26277.75,2521.0
2026-01-28 12:30:00+00:00,26278.0,26296.5,26270.25,26285.75,1926.0
2026-01-28 12:45:00+00:00,26286.0,26301.5,26280.75,26281.0,2017.0
2026-01-28 13:00:00+00:00,26281.25,26306.0,26268.25,26270.25,2321.0
2026-01-28 13:15:00+00:00,26269.75,26293.75,26267.75,26278.5,2126.0
2026-01-28 13:30:00+00:00,26278.0,26283.0,26255.25,26260.25,3211.0
2026-01-28 13:45:00+00:00,26260.75,26285.25,26259.5,26273.5,3096.0
2026-01-28 14:00:00+00:00,26273.5,26278.75,26243.25,26245.5,3779.0
2026-01-28 14:15:00+00:00,26246.25,26262.5,26234.5,26252.5,6097.0
2026-01-28 14:30:00+00:00,26253.0,26296.0,26213.75,26285.0,38575.0
2026-01-28 14:45:00+00:00,26285.5,26301.0,26230.5,26253.5,24647.0
2026-01-28 15:00:00+00:00,26253.0,26265.5,26212.5,26215.5,21277.0
2026-01-28 15:15:00+00:00,26216.0,26254.0,26205.0,26220.75,18197.0
2026-01-28 15:30:00+00:00,26220.5,26236.5,26181.25,26183.5,19260.0
2026-01-28 15:45:00+00:00,26183.5,26191.0,26159.5,26162.75,13657.0
2026-01-28 16:00:00+00:00,26162.5,26198.5,26162.25,26183.75,11114.0
2026-01-28 16:15:00+00:00,26183.75,26187.5,26149.5,26182.75,10322.0
2026-01-28 16:30:00+00:00,26182.5,26182.75,26121.0,26122.5,12664.0
2026-01-28 16:45:00+00:00,26122.0,26136.75,26100.75,26116.75,11872.0
2026-01-28 17:00:00+00:00,26117.25,26155.75,26114.0,26151.75,11052.0
2026-01-28 17:15:00+00:00,26151.25,26163.5,26116.25,26127.0,10293.0
2026-01-28 17:30:00+00:00,26127.0,26138.25,26110.5,26130.5,9057.0
2026-01-28 17:45:00+00:00,26130.25,26165.5,26119.75,26140.75,9303.0
2026-01-28 18:00:00+00:00,26140.5,26159.25,26122.0,26159.25,7727.0
2026-01-28 18:15:00+00:00,26159.0,26170.75,26152.5,26159.75,5713.0
2026-01-28 18:30:00+00:00,26160.5,26166.75,26145.25,26155.0,5502.0
2026-01-28 18:45:00+00:00,26155.25,26180.0,26147.5,26171.5,6533.0
2026-01-28 19:00:00+00:00,26171.0,26195.5,26116.0,26143.0,12348.0
2026-01-28 19:15:00+00:00,26142.25,26171.75,26119.25,26122.75,8756.0
2026-01-28 19:30:00+00:00,26121.75,26179.0,26112.75,26148.0,21282.0
2026-01-28 19:45:00+00:00,26148.5,26210.25,26144.5,26160.75,16818.0
2026-01-28 20:00:00+00:00,26161.0,26212.25,26153.5,26197.5,10622.0
2026-01-28 20:15:00+00:00,26197.0,26210.5,26171.75,26174.5,9518.0
2026-01-28 20:30:00+00:00,26174.25,26182.25,26150.0,26156.75,9355.0
2026-01-28 20:45:00+00:00,26156.75,26188.5,26131.25,26150.75,20828.0
2026-01-28 21:00:00+00:00,26150.0,26199.75,25993.25,26197.0,27594.0
2026-01-28 21:15:00+00:00,26196.0,26264.75,26180.5,26262.5,9390.0
2026-01-28 21:30:00+00:00,26263.0,26274.25,26245.25,26266.5,4904.0
2026-01-28 21:45:00+00:00,26267.0,26287.75,26244.0,26268.25,3669.0
2026-01-28 23:00:00+00:00,26282.5,26296.0,26160.75,26163.75,2341.0
2026-01-28 23:15:00+00:00,26162.0,26244.0,26160.5,26208.75,3527.0
2026-01-28 23:30:00+00:00,26209.5,26215.0,26176.25,26187.5,2138.0
2026-01-28 23:45:00+00:00,26187.0,26217.25,26160.0,26170.25,3045.0
2026-01-29 00:00:00+00:00,26173.25,26180.5,26104.25,26145.5,4709.0
2026-01-29 00:15:00+00:00,26144.75,26171.0,26129.0,26171.0,2497.0
2026-01-29 00:30:00+00:00,26170.5,26171.0,26126.5,26136.0,2092.0
2026-01-29 00:45:00+00:00,26135.5,26163.75,26128.0,26163.0,1634.0
2026-01-29 01:00:00+00:00,26163.25,26168.25,26141.25,26146.75,1832.0
2026-01-29 01:15:00+00:00,26147.5,26149.5,26085.5,26111.0,2927.0
2026-01-29 01:30:00+00:00,26112.25,26124.25,26091.5,26107.25,2018.0
2026-01-29 01:45:00+00:00,26107.75,26130.0,26103.0,26128.75,1261.0
2026-01-29 02:00:00+00:00,26129.25,26151.25,26122.75,26134.5,1550.0
2026-01-29 02:15:00+00:00,26137.25,26177.0,26128.0,26171.25,1793.0
2026-01-29 02:30:00+00:00,26172.0,26177.25,26157.75,26161.25,949.0
2026-01-29 02:45:00+00:00,26160.25,26175.25,26148.0,26162.5,1394.0
2026-01-29 03:00:00+00:00,26163.0,26181.0,26162.0,26179.75,997.0
2026-01-29 03:15:00+00:00,26180.75,26194.25,26179.75,26184.25,967.0
2026-01-29 03:30:00+00:00,26185.0,26196.5,26178.0,26195.25,911.0
2026-01-29 03:45:00+00:00,26195.5,26199.75,26185.75,26198.75,721.0
2026-01-29 04:00:00+00:00,26198.0,26204.0,26195.25,26202.5,553.0
2026-01-29 04:15:00+00:00,26202.5,26225.75,26201.5,26214.25,1236.0
2026-01-29 04:30:00+00:00,26215.0,26230.0,26215.0,26224.25,503.0
2026-01-29 04:45:00+00:00,26224.0,26233.25,26220.25,26229.75,553.0
2026-01-29 05:00:00+00:00,26221.0,26224.0,26210.25,26217.0,916.0
2026-01-29 05:15:00+00:00,26217.25,26233.0,26216.75,26230.5,532.0
2026-01-29 05:30:00+00:00,26232.25,26249.5,26230.0,26249.0,884.0
2026-01-29 05:45:00+00:00,26249.0,26249.0,26227.75,26234.25,755.0
2026-01-29 06:00:00+00:00,26233.25,26264.75,26232.5,26263.0,1144.0
2026-01-29 06:15:00+00:00,26262.0,26268.5,26248.0,26256.0,773.0
2026-01-29 06:30:00+00:00,26255.25,26262.75,26241.75,26246.5,583.0
2026-01-29 06:45:00+00:00,26246.75,26250.75,26231.75,26246.75,767.0
2026-01-29 07:00:00+00:00,26246.5,26258.5,26241.0,26247.0,792.0
2026-01-29 07:15:00+00:00,26247.0,26250.0,26231.5,26250.0,738.0
2026-01-29 07:30:00+00:00,26249.75,26276.5,26245.0,26273.0,1170.0
2026-01-29 07:45:00+00:00,26273.75,26275.5,26251.25,26255.25,887.0
2026-01-29 08:00:00+00:00,26255.5,26268.75,26226.5,26265.5,2525.0
2026-01-29 08:15:00+00:00,26264.5,26280.5,26249.75,26268.0,1620.0
2026-01-29 08:30:00+00:00,26268.25,26271.25,26244.5,26261.75,1492.0
2026-01-29 08:45:00+00:00,26260.75,26265.5,26233.25,26248.75,1466.0
2026-01-29 09:00:00+00:00,26248.75,26273.25,26245.0,26266.25,1307.0
2026-01-29 09:15:00+00:00,26267.5,26270.75,26251.5,26252.75,1022.0
2026-01-29 09:30:00+00:00,26252.0,26265.75,26240.75,26253.25,1364.0
2026-01-29 09:45:00+00:00,26252.25,26252.25,26210.0,26211.75,1638.0
2026-01-29 10:00:00+00:00,26211.0,26220.5,26197.5,26204.5,2361.0
2026-01-29 10:15:00+00:00,26204.75,26237.0,26204.5,26228.5,1440.0
2026-01-29 10:30:00+00:00,26228.75,26230.0,26210.5,26218.0,736.0
2026-01-29 10:45:00+00:00,26217.0,26224.25,26187.0,26191.75,1414.0
2026-01-29 11:00:00+00:00,26191.75,26206.75,26175.25,26194.75,1874.0
2026-01-29 11:15:00+00:00,26195.0,26202.75,26181.0,26196.25,1678.0
2026-01-29 11:30:00+00:00,26194.25,26203.75,26178.5,26192.75,2191.0
2026-01-29 11:45:00+00:00,26193.0,26208.75,26191.0,26200.0,1229.0
2026-01-29 12:00:00+00:00,26201.0,26221.75,26199.0,26212.25,1397.0
2026-01-29 12:15:00+00:00,26212.75,26216.75,26188.5,26199.0,1496.0
2026-01-29 12:30:00+00:00,26198.25,26200.25,26159.0,26161.75,2075.0
2026-01-29 12:45:00+00:00,26162.0,26180.0,26156.5,26176.25,2065.0
2026-01-29 13:00:00+00:00,26176.0,26188.25,26169.75,26175.0,1383.0
2026-01-29 13:15:00+00:00,26174.5,26176.5,26150.5,26173.5,2399.0
2026-01-29 13:30:00+00:00,26173.25,26203.5,26158.75,26197.75,3021.0
2026-01-29 13:45:00+00:00,26198.0,26202.0,26184.0,26194.75,2322.0
2026-01-29 14:00:00+00:00,26194.25,26196.75,26140.25,26149.5,5447.0
2026-01-29 14:15:00+00:00,26149.0,26161.0,26132.0,26132.75,5711.0
2026-01-29 14:30:00+00:00,26133.25,26175.0,25947.0,25951.25,54732.0
2026-01-29 14:45:00+00:00,25951.0,26008.25,25858.0,25864.0,45107.0
2026-01-29 15:00:00+00:00,25864.5,25868.25,25718.25,25721.0,52817.0
2026-01-29 15:15:00+00:00,25721.5,25822.75,25720.25,25735.75,38389.0
2026-01-29 15:30:00+00:00,25735.25,25753.25,25609.75,25623.75,33861.0
2026-01-29 15:45:00+00:00,25625.0,25643.25,25536.0,25576.75,35266.0
2026-01-29 16:00:00+00:00,25576.75,25666.75,25538.0,25662.5,29879.0
2026-01-29 16:15:00+00:00,25662.75,25714.25,25652.0,25684.0,25134.0
2026-01-29 16:30:00+00:00,25684.0,25733.25,25667.5,25709.5,18212.0
2026-01-29 16:45:00+00:00,25709.25,25739.75,25684.25,25711.25,17679.0
2026-01-29 17:00:00+00:00,25711.25,25810.0,25708.75,25799.5,15201.0
2026-01-29 17:15:00+00:00,25800.0,25852.25,25791.25,25839.5,13523.0
2026-01-29 17:30:00+00:00,25839.25,25878.75,25814.5,25836.5,14969.0
2026-01-29 17:45:00+00:00,25837.5,25838.0,25749.0,25760.5,18221.0
2026-01-29 18:00:00+00:00,25760.25,25861.25,25758.25,25852.75,15230.0
2026-01-29 18:15:00+00:00,25851.25,25856.75,25814.0,25846.0,9564.0
2026-01-29 18:30:00+00:00,25846.25,25891.5,25820.75,25867.75,11408.0
2026-01-29 18:45:00+00:00,25867.75,25878.75,25836.0,25836.75,8875.0
2026-01-29 19:00:00+00:00,25836.25,25883.5,25820.0,25876.25,11202.0
2026-01-29 19:15:00+00:00,25876.0,25898.5,25868.0,25878.5,7210.0
2026-01-29 19:30:00+00:00,25878.5,25887.25,25844.5,25857.0,9762.0
2026-01-29 19:45:00+00:00,25857.0,25871.75,25834.0,25849.0,7064.0
2026-01-29 20:00:00+00:00,25849.25,25881.25,25841.5,25869.0,7956.0
2026-01-29 20:15:00+00:00,25868.5,25880.25,25851.5,25854.0,7831.0
2026-01-29 20:30:00+00:00,25854.0,25926.5,25846.5,25921.75,12883.0
2026-01-29 20:45:00+00:00,25921.5,26020.0,25912.0,25992.75,33255.0
2026-01-29 21:00:00+00:00,25993.0,26020.0,25967.75,25982.75,11961.0
2026-01-29 21:15:00+00:00,25982.0,26024.0,25951.0,25987.0,3549.0
2026-01-29 21:30:00+00:00,25987.75,26050.0,25963.75,25984.25,7839.0
2026-01-29 21:45:00+00:00,25984.0,26001.25,25970.5,25982.5,3100.0
2026-01-29 23:00:00+00:00,25998.5,26010.5,25901.0,25907.25,2529.0
2026-01-29 23:15:00+00:00,25907.5,25983.0,25882.75,25941.25,3376.0
2026-01-29 23:30:00+00:00,25941.75,26020.0,25940.0,26003.25,2357.0
2026-01-29 23:45:00+00:00,26004.75,26012.0,25956.5,25972.25,2027.0
2026-01-30 00:00:00+00:00,25972.5,25991.25,25938.0,25954.5,2166.0
2026-01-30 00:15:00+00:00,25955.0,25971.25,25907.25,25926.25,3026.0
2026-01-30 00:30:00+00:00,25926.0,25993.75,25914.75,25921.25,3190.0
2026-01-30 00:45:00+00:00,25922.5,25948.5,25916.5,25930.0,996.0
2026-01-30 01:00:00+00:00,25931.0,25933.75,25895.75,25905.0,2176.0
2026-01-30 01:15:00+00:00,25901.5,25909.25,25880.0,25886.0,1812.0
2026-01-30 01:30:00+00:00,25887.0,25888.0,25796.75,25823.5,4311.0
2026-01-30 01:45:00+00:00,25824.0,25866.5,25809.0,25852.25,2858.0
2026-01-30 02:00:00+00:00,25852.25,25866.25,25814.75,25823.25,2706.0
2026-01-30 02:15:00+00:00,25824.25,25842.25,25751.5,25751.5,4149.0
2026-01-30 02:30:00+00:00,25754.5,25800.75,25736.0,25788.5,3028.0
2026-01-30 02:45:00+00:00,25788.5,25847.0,25780.75,25843.0,2222.0
2026-01-30 03:00:00+00:00,25843.75,25888.0,25840.0,25875.0,2446.0
2026-01-30 03:15:00+00:00,25999.25,25999.25,25827.75,25850.25,2815.0
2026-01-30 03:30:00+00:00,25849.0,25879.5,25843.25,25853.5,1651.0
2026-01-30 03:45:00+00:00,25855.25,25874.5,25846.25,25847.0,1073.0
2026-01-30 04:00:00+00:00,25846.75,25886.75,25843.25,25886.75,932.0
2026-01-30 04:15:00+00:00,25887.5,25896.0,25862.75,25879.0,1218.0
2026-01-30 04:30:00+00:00,25880.25,25896.0,25875.0,25880.0,621.0
2026-01-30 04:45:00+00:00,25882.75,25888.0,25851.75,25853.75,808.0
2026-01-30 05:00:00+00:00,25886.0,25886.0,25856.75,25866.0,985.0
2026-01-30 05:15:00+00:00,25864.75,25873.75,25850.0,25868.25,793.0
2026-01-30 05:30:00+00:00,25867.25,25867.75,25844.75,25847.5,739.0
2026-01-30 05:45:00+00:00,25848.5,25862.0,25832.25,25833.0,794.0
2026-01-30 06:00:00+00:00,25833.75,25838.5,25801.25,25809.75,1645.0
2026-01-30 06:15:00+00:00,25812.0,25812.5,25756.75,25787.25,2336.0
2026-01-30 06:30:00+00:00,25782.75,25814.0,25770.5,25788.75,1648.0
2026-01-30 06:45:00+00:00,25787.25,25796.5,25737.0,25751.5,2470.0
2026-01-30 07:00:00+00:00,25750.75,25804.0,25744.5,25790.25,1722.0
2026-01-30 07:15:00+00:00,25791.5,25793.0,25756.25,25762.0,1528.0
2026-01-30 07:30:00+00:00,25761.5,25780.0,25707.25,25736.75,2668.0
2026-01-30 07:45:00+00:00,25737.0,25746.75,25700.0,25707.25,1982.0
2026-01-30 08:00:00+00:00,25710.5,25746.5,25682.0,25740.75,4064.0
2026-01-30 08:15:00+00:00,25740.75,25771.0,25722.5,25747.75,2369.0
2026-01-30 08:30:00+00:00,25746.75,25746.75,25691.75,25727.0,2347.0
2026-01-30 08:45:00+00:00,25728.25,25792.5,25716.0,25768.75,2906.0
2026-01-30 09:00:00+00:00,25768.75,25786.75,25712.75,25716.5,2806.0
2026-01-30 09:15:00+00:00,25718.75,25731.25,25688.75,25706.25,2412.0
2026-01-30 09:30:00+00:00,25706.5,25731.0,25693.75,25707.0,1949.0
2026-01-30 09:45:00+00:00,25706.25,25716.5,25649.75,25696.75,4094.0
2026-01-30 10:00:00+00:00,25696.5,25741.75,25694.0,25738.5,2130.0
2026-01-30 10:15:00+00:00,25738.75,25749.5,25716.5,25728.25,1971.0
2026-01-30 10:30:00+00:00,25727.5,25785.0,25727.25,25774.5,2448.0
2026-01-30 10:45:00+00:00,25776.25,25790.0,25756.5,25764.75,1906.0
2026-01-30 11:00:00+00:00,25765.25,25807.5,25763.75,25806.0,1872.0
2026-01-30 11:15:00+00:00,25805.25,25819.25,25793.5,25817.75,1721.0
2026-01-30 11:30:00+00:00,25817.5,25845.25,25808.5,25830.0,2550.0
2026-01-30 11:45:00+00:00,25831.25,25884.0,25788.0,25871.0,4175.0
2026-01-30 12:00:00+00:00,25870.25,25905.25,25858.5,25870.25,3425.0
2026-01-30 12:15:00+00:00,25870.5,25884.75,25854.5,25866.75,1954.0
2026-01-30 12:30:00+00:00,25867.25,25894.75,25846.75,25849.75,2317.0
2026-01-30 12:45:00+00:00,25850.5,25870.75,25821.75,25846.5,2656.0
2026-01-30 13:00:00+00:00,25847.0,25885.75,25840.5,25878.75,2039.0
2026-01-30 13:15:00+00:00,25879.5,25888.0,25827.75,25875.5,2589.0
2026-01-30 13:30:00+00:00,25842.25,25875.5,25752.5,25843.0,6699.0
2026-01-30 13:45:00+00:00,25843.25,25853.25,25811.75,25826.25,3847.0
2026-01-30 14:00:00+00:00,25825.75,25850.0,25808.5,25834.5,4468.0
2026-01-30 14:15:00+00:00,25833.75,25847.25,25805.5,25833.5,5542.0
2026-01-30 14:30:00+00:00,25833.5,25940.0,25813.5,25871.75,45418.0
2026-01-30 14:45:00+00:00,25871.0,25930.0,25806.25,25827.75,28040.0
2026-01-30 15:00:00+00:00,25827.25,25925.5,25810.25,25896.0,27186.0
2026-01-30 15:15:00+00:00,25895.5,25919.25,25848.0,25859.25,12969.0
2026-02-02 18:45:00+00:00,25929.0,25949.5,25926.5,25941.75,201706.0
2026-02-02 19:00:00+00:00,25941.75,25945.0,25930.5,25931.0,5217.0
2026-02-02 19:15:00+00:00,25931.0,25940.0,25919.0,25922.0,4622.0
2026-02-02 19:30:00+00:00,25922.25,25922.25,25894.5,25906.25,7222.0
2026-02-02 19:45:00+00:00,25906.0,25911.5,25841.5,25846.5,10615.0
2026-02-02 20:00:00+00:00,25846.75,25900.0,25821.75,25870.5,17396.0
2026-02-02 20:15:00+00:00,25870.0,25897.25,25859.5,25864.25,10548.0
2026-02-02 20:30:00+00:00,25864.0,25867.5,25842.25,25848.5,9589.0
2026-02-02 20:45:00+00:00,25848.0,25864.5,25831.75,25855.75,21413.0
2026-02-02 21:00:00+00:00,25856.5,25896.0,25835.75,25876.0,11284.0
2026-02-02 21:15:00+00:00,25876.5,25888.75,25863.5,25884.5,2480.0
2026-02-02 21:30:00+00:00,25884.0,25891.75,25870.0,25872.75,1274.0
2026-02-02 21:45:00+00:00,25872.5,25884.75,25866.0,25873.25,1345.0
2026-02-02 23:00:00+00:00,25876.5,25935.75,25866.5,25916.5,1395.0
2026-02-02 23:15:00+00:00,25918.25,25940.5,25918.25,25938.25,993.0
2026-02-02 23:30:00+00:00,25937.75,25977.0,25932.0,25961.25,2283.0
2026-02-02 23:45:00+00:00,25960.75,25968.5,25945.75,25948.25,1025.0
2026-02-03 00:00:00+00:00,25947.75,25955.0,25913.5,25941.0,1681.0
2026-02-03 00:15:00+00:00,25941.0,25984.75,25935.5,25973.25,1780.0
2026-02-03 00:30:00+00:00,25972.25,25977.25,25951.25,25958.5,1030.0
2026-02-03 00:45:00+00:00,25958.0,25959.5,25943.5,25953.0,977.0
2026-02-03 01:00:00+00:00,25954.0,25981.25,25952.0,25977.75,1415.0
2026-02-03 01:15:00+00:00,25977.5,25990.75,25969.75,25973.75,1419.0
2026-02-03 01:30:00+00:00,25972.25,25977.0,25955.5,25974.0,1259.0
2026-02-03 01:45:00+00:00,25973.75,25975.5,25948.0,25960.25,1011.0
2026-02-03 02:00:00+00:00,25959.0,25960.0,25920.25,25924.5,1531.0
2026-02-03 02:15:00+00:00,25924.75,25952.0,25922.0,25926.75,1156.0
2026-02-03 02:30:00+00:00,25924.75,25930.25,25900.75,25911.5,1497.0
2026-02-03 02:45:00+00:00,25910.5,25935.25,25900.5,25928.75,1239.0
2026-02-03 03:00:00+00:00,25926.5,25948.25,25921.0,25922.5,1032.0
2026-02-03 03:15:00+00:00,25923.75,25944.25,25913.0,25939.25,905.0
2026-02-03 03:30:00+00:00,25937.75,25961.25,25928.0,25960.25,908.0
2026-02-03 03:45:00+00:00,25960.0,25964.75,25946.25,25956.5,782.0
2026-02-03 04:00:00+00:00,25955.75,25976.25,25955.5,25963.0,685.0
2026-02-03 04:15:00+00:00,25963.5,25965.0,25953.0,25960.75,438.0
2026-02-03 04:30:00+00:00,25962.0,25983.25,25962.0,25979.5,710.0
2026-02-03 04:45:00+00:00,25980.0,25988.0,25975.0,25978.5,607.0
2026-02-03 05:00:00+00:00,25960.5,25964.0,25952.0,25959.0,839.0
2026-02-03 05:15:00+00:00,25960.0,25978.75,25957.0,25968.75,636.0
2026-02-03 05:30:00+00:00,25970.0,25981.75,25965.5,25978.75,535.0
2026-02-03 05:45:00+00:00,25979.25,25996.75,25977.25,25986.25,744.0
2026-02-03 06:00:00+00:00,25987.75,25996.5,25973.5,25995.75,991.0
2026-02-03 06:15:00+00:00,25995.5,26001.75,25986.0,25986.0,887.0
2026-02-03 06:30:00+00:00,25985.75,26007.25,25982.5,26002.75,1321.0
2026-02-03 06:45:00+00:00,26003.75,26004.0,25988.75,25992.25,737.0
2026-02-03 07:00:00+00:00,25991.25,26003.25,25985.5,25995.5,956.0
2026-02-03 07:15:00+00:00,25996.5,25999.25,25974.25,25987.75,972.0
2026-02-03 07:30:00+00:00,25988.0,26012.25,25983.5,26011.5,988.0
2026-02-03 07:45:00+00:00,26010.5,26027.75,26007.5,26012.5,1540.0
2026-02-03 08:00:00+00:00,26012.0,26023.25,25990.5,26020.75,2493.0
2026-02-03 08:15:00+00:00,26019.75,26024.0,26002.75,26002.75,1083.0
2026-02-03 08:30:00+00:00,26002.5,26004.5,25980.5,25990.25,1313.0
2026-02-03 08:45:00+00:00,25989.0,25996.25,25970.25,25977.75,1155.0
2026-02-03 09:00:00+00:00,25977.0,26009.75,25975.0,25977.5,1624.0
2026-02-03 09:15:00+00:00,25978.25,25987.25,25958.25,25963.5,1586.0
2026-02-03 09:30:00+00:00,25965.0,25979.0,25958.25,25968.5,991.0
2026-02-03 09:45:00+00:00,25969.0,25978.5,25959.25,25969.25,732.0
2026-02-03 10:00:00+00:00,25970.5,25990.0,25967.0,25977.0,806.0
2026-02-03 10:15:00+00:00,25979.0,25986.25,25967.0,25971.75,571.0
2026-02-03 10:30:00+00:00,25971.0,25971.0,25944.75,25951.5,1248.0
2026-02-03 10:45:00+00:00,25951.25,25964.0,25947.0,25955.75,730.0
2026-02-03 11:00:00+00:00,25955.75,25965.25,25940.25,25955.5,1165.0
2026-02-03 11:15:00+00:00,25954.0,25964.0,25942.25,25946.5,751.0
2026-02-03 11:30:00+00:00,25946.5,25956.5,25935.0,25951.5,1173.0
2026-02-03 11:45:00+00:00,25954.0,25963.75,25942.5,25945.5,1195.0
2026-02-03 12:00:00+00:00,25945.25,25968.5,25923.5,25967.75,2042.0
2026-02-03 12:15:00+00:00,25968.75,25988.5,25959.5,25986.25,1816.0
2026-02-03 12:30:00+00:00,25986.25,25995.25,25982.25,25984.5,1491.0
2026-02-03 12:45:00+00:00,25985.5,25996.25,25978.0,25981.75,1339.0
2026-02-03 13:00:00+00:00,25983.0,26003.5,25976.75,25989.0,1920.0
2026-02-03 13:15:00+00:00,25989.5,25998.75,25975.75,25991.5,1679.0
2026-02-03 13:30:00+00:00,25991.5,25999.5,25972.25,25975.5,2047.0
2026-02-03 13:45:00+00:00,25974.75,25982.75,25961.5,25967.25,2196.0
2026-02-03 14:00:00+00:00,25967.0,25976.75,25953.5,25956.0,2399.0
2026-02-03 14:15:00+00:00,25956.5,25957.0,25927.5,25934.25,5299.0
2026-02-03 14:30:00+00:00,25934.0,25952.25,25723.0,25752.75,51814.0
2026-02-03 14:45:00+00:00,25752.5,25811.75,25623.25,25633.0,39795.0
2026-02-03 15:00:00+00:00,25632.75,25646.75,25530.0,25554.0,47109.0
2026-02-03 15:15:00+00:00,25553.5,25605.0,25470.25,25546.0,37694.0
2026-02-03 15:30:00+00:00,25546.5,25563.5,25481.5,25523.75,26016.0
2026-02-03 15:45:00+00:00,25523.5,25631.5,25497.5,25617.5,28125.0
2026-02-03 16:00:00+00:00,25617.5,25619.75,25535.0,25552.25,20606.0
2026-02-03 16:15:00+00:00,25552.25,25574.25,25493.75,25497.0,19693.0
2026-02-03 16:30:00+00:00,25497.5,25534.25,25478.5,25504.0,18776.0
2026-02-03 16:45:00+00:00,25504.25,25526.75,25467.75,25491.25,16553.0
2026-02-03 17:00:00+00:00,25491.5,25502.5,25401.25,25419.25,21097.0
2026-02-03 17:15:00+00:00,25420.0,25466.0,25407.5,25415.0,15576.0
2026-02-03 17:30:00+00:00,25414.25,25421.75,25345.0,25358.0,18651.0
2026-02-03 17:45:00+00:00,25358.5,25427.75,25353.25,25387.25,16580.0
2026-02-03 18:00:00+00:00,25386.5,25423.5,25326.0,25333.5,17576.0
2026-02-03 18:15:00+00:00,25333.75,25367.0,25312.5,25331.75,14317.0
2026-02-03 18:30:00+00:00,25331.0,25331.0,25282.25,25290.25,13051.0
2026-02-03 18:45:00+00:00,25289.5,25296.25,25245.5,25245.5,12887.0
2026-02-03 19:00:00+00:00,25245.5,25326.0,25219.0,25322.75,19889.0
2026-02-03 19:15:00+00:00,25323.0,25359.25,25278.5,25295.5,20766.0
2026-02-03 19:30:00+00:00,25295.25,25324.5,25262.25,25269.0,15413.0
2026-02-03 19:45:00+00:00,25269.25,25329.0,25234.5,25316.25,16372.0
2026-02-03 20:00:00+00:00,25316.25,25326.75,25269.5,25310.25,11855.0
2026-02-03 20:15:00+00:00,25308.75,25343.0,25284.0,25330.75,12664.0
2026-02-03 20:30:00+00:00,25330.25,25422.25,25329.25,25392.25,16377.0
2026-02-03 20:45:00+00:00,25392.75,25459.0,25385.75,25446.25,27867.0
2026-02-03 21:00:00+00:00,25445.75,25472.25,25435.5,25447.75,12204.0
2026-02-03 21:15:00+00:00,25448.25,25477.0,25380.5,25425.5,8831.0
2026-02-03 21:30:00+00:00,25424.75,25427.75,25400.25,25414.75,4237.0
2026-02-03 21:45:00+00:00,25415.0,25424.0,25401.25,25421.25,2841.0
2026-02-03 23:00:00+00:00,25387.5,25422.5,25362.0,25420.75,1996.0
2026-02-03 23:15:00+00:00,25422.0,25442.0,25387.5,25395.0,2131.0
2026-02-03 23:30:00+00:00,25397.25,25402.75,25385.0,25401.0,825.0
2026-02-03 23:45:00+00:00,25397.5,25433.75,25389.25,25428.0,1242.0
2026-02-04 00:00:00+00:00,25427.75,25435.0,25390.25,25403.75,1734.0
2026-02-04 00:15:00+00:00,25405.25,25435.75,25397.5,25407.25,1683.0
2026-02-04 00:30:00+00:00,25409.75,25429.5,25395.5,25400.75,1045.0
2026-02-04 00:45:00+00:00,25401.5,25411.25,25375.75,25376.5,1256.0
2026-02-04 01:00:00+00:00,25377.5,25442.75,25377.5,25437.75,2829.0
2026-02-04 01:15:00+00:00,25436.0,25452.0,25432.0,25444.75,1344.0
2026-02-04 01:30:00+00:00,25444.25,25454.75,25423.5,25430.5,1390.0
2026-02-04 01:45:00+00:00,25432.25,25444.0,25414.5,25440.75,1041.0
2026-02-04 02:00:00+00:00,25441.5,25473.75,25441.0,25455.5,1814.0
2026-02-04 02:15:00+00:00,25456.25,25465.0,25414.0,25425.5,1313.0
2026-02-04 02:30:00+00:00,25423.25,25437.25,25406.5,25422.25,1213.0
2026-02-04 02:45:00+00:00,25422.75,25429.25,25399.5,25412.25,820.0
2026-02-04 03:00:00+00:00,25412.75,25433.0,25402.25,25424.25,861.0
2026-02-04 03:15:00+00:00,25423.5,25436.5,25408.0,25423.5,1309.0
2026-02-04 03:30:00+00:00,25423.0,25451.75,25422.0,25431.0,963.0
2026-02-04 03:45:00+00:00,25431.0,25436.0,25411.5,25433.25,1022.0
2026-02-04 04:00:00+00:00,25433.5,25439.5,25425.25,25432.0,519.0
2026-02-04 04:15:00+00:00,25433.0,25435.5,25418.0,25423.25,536.0
2026-02-04 04:30:00+00:00,25425.0,25448.0,25424.0,25439.75,771.0
2026-02-04 04:45:00+00:00,25440.25,25442.0,25423.5,25426.5,572.0
2026-02-04 05:00:00+00:00,25421.5,25426.75,25416.5,25421.5,645.0
2026-02-04 05:15:00+00:00,25422.0,25438.25,25421.5,25431.75,462.0
2026-02-04 05:30:00+00:00,25432.0,25435.0,25408.75,25429.5,735.0
2026-02-04 05:45:00+00:00,25429.5,25443.25,25428.25,25443.0,583.0
2026-02-04 06:00:00+00:00,25442.5,25465.25,25435.5,25460.5,1136.0
2026-02-04 06:15:00+00:00,25461.25,25463.0,25437.0,25456.0,808.0
2026-02-04 06:30:00+00:00,25456.0,25479.0,25447.75,25476.25,1240.0
2026-02-04 06:45:00+00:00,25476.5,25489.75,25467.0,25471.5,1244.0
2026-02-04 07:00:00+00:00,25470.75,25491.0,25469.25,25486.0,907.0
2026-02-04 07:15:00+00:00,25485.5,25499.0,25482.0,25491.25,1074.0
2026-02-04 07:30:00+00:00,25490.0,25508.25,25474.75,25505.25,1549.0
2026-02-04 07:45:00+00:00,25503.5,25514.25,25499.5,25503.0,1436.0
2026-02-04 08:00:00+00:00,25502.25,25509.5,25459.25,25493.5,2765.0
2026-02-04 08:15:00+00:00,25493.0,25494.5,25410.0,25412.75,2559.0
2026-02-04 08:30:00+00:00,25412.25,25452.5,25400.75,25450.75,2128.0
2026-02-04 08:45:00+00:00,25451.5,25455.75,25415.25,25426.5,1889.0
2026-02-04 09:00:00+00:00,25427.75,25449.5,25408.25,25413.5,1823.0
2026-02-04 09:15:00+00:00,25413.0,25415.75,25358.0,25382.25,3636.0
2026-02-04 09:30:00+00:00,25382.75,25397.75,25354.5,25373.5,1686.0
2026-02-04 09:45:00+00:00,25374.25,25407.25,25368.0,25403.75,1655.0
2026-02-04 10:00:00+00:00,25402.25,25440.0,25395.25,25422.5,2088.0
2026-02-04 10:15:00+00:00,25421.0,25449.25,25418.25,25443.5,2039.0
2026-02-04 10:30:00+00:00,25443.75,25466.25,25436.5,25444.0,2149.0
2026-02-04 10:45:00+00:00,25444.25,25461.25,25434.5,25449.5,1503.0
2026-02-04 11:00:00+00:00,25450.75,25459.25,25436.75,25445.75,889.0
2026-02-04 11:15:00+00:00,25444.5,25462.25,25440.0,25449.75,1087.0
2026-02-04 11:30:00+00:00,25449.5,25479.0,25445.25,25462.75,1518.0
2026-02-04 11:45:00+00:00,25463.0,25483.5,25455.25,25474.25,2443.0
2026-02-04 12:00:00+00:00,25474.75,25490.5,25438.5,25461.25,1809.0
2026-02-04 12:15:00+00:00,25460.75,25465.25,25419.5,25430.5,1559.0
2026-02-04 12:30:00+00:00,25430.5,25448.0,25398.0,25415.5,2108.0
2026-02-04 12:45:00+00:00,25416.5,25427.25,25396.75,25405.75,2162.0
2026-02-04 13:00:00+00:00,25406.25,25416.75,25374.25,25390.25,2662.0
2026-02-04 13:15:00+00:00,25392.0,25408.75,25369.5,25394.25,2892.0
2026-02-04 13:30:00+00:00,25391.75,25418.0,25373.75,25393.25,3856.0
2026-02-04 13:45:00+00:00,25393.0,25393.0,25342.0,25358.0,5037.0
2026-02-04 14:00:00+00:00,25356.25,25361.0,25325.0,25348.75,5317.0
2026-02-04 14:15:00+00:00,25348.75,25388.5,25333.5,25386.0,6175.0
2026-02-04 14:30:00+00:00,25385.5,25390.0,25230.0,25330.5,53400.0
2026-02-04 14:45:00+00:00,25333.75,25371.75,25186.0,25194.25,32128.0
2026-02-04 15:00:00+00:00,25194.25,25260.5,25108.0,25218.5,45382.0
2026-02-04 15:15:00+00:00,25219.5,25305.0,25180.25,25248.5,26436.0
2026-02-04 15:30:00+00:00,25248.0,25271.0,25119.5,25210.5,34681.0
2026-02-04 15:45:00+00:00,25210.25,25220.75,25131.75,25151.5,19191.0
2026-02-04 16:00:00+00:00,25152.25,25171.5,25052.5,25111.5,27166.0
2026-02-04 16:15:00+00:00,25111.25,25139.25,25041.5,25131.5,19732.0
2026-02-04 16:30:00+00:00,25130.75,25136.75,24975.0,24979.0,20951.0
2026-02-04 16:45:00+00:00,24978.5,25043.75,24928.0,25035.5,22053.0
2026-02-04 17:00:00+00:00,25035.75,25057.5,24983.75,25031.25,17592.0
2026-02-04 17:15:00+00:00,25030.25,25042.5,24874.0,24889.5,22196.0
2026-02-04 17:30:00+00:00,24889.0,24947.0,24798.75,24850.25,25361.0
2026-02-04 17:45:00+00:00,24850.0,24883.5,24783.5,24874.25,19714.0
2026-02-04 18:00:00+00:00,24873.75,24900.0,24819.0,24850.75,18622.0
2026-02-04 18:15:00+00:00,24850.25,24950.0,24825.0,24941.25,15099.0
2026-02-04 18:30:00+00:00,24942.0,24944.25,24852.25,24887.75,18228.0
2026-02-04 18:45:00+00:00,24887.0,24959.75,24833.75,24925.0,16807.0
2026-02-04 19:00:00+00:00,24923.5,24941.5,24863.75,24905.5,16937.0
2026-02-04 19:15:00+00:00,24905.0,24967.75,24890.0,24963.5,14259.0
2026-02-04 19:30:00+00:00,24963.25,25044.25,24959.5,25025.0,17743.0
2026-02-04 19:45:00+00:00,25025.75,25115.5,25011.0,25106.25,23506.0
2026-02-04 20:00:00+00:00,25106.0,25123.75,25020.5,25047.5,14891.0
2026-02-04 20:15:00+00:00,25047.75,25089.5,25027.25,25059.75,11333.0
2026-02-04 20:30:00+00:00,25059.25,25098.5,25039.5,25065.0,10187.0
2026-02-04 20:45:00+00:00,25064.75,25092.75,24979.0,24996.5,23453.0
2026-02-04 21:00:00+00:00,24996.5,25063.5,24876.0,25047.0,19683.0
2026-02-04 21:15:00+00:00,25045.75,25058.0,24994.75,25043.25,5558.0
2026-02-04 21:30:00+00:00,25042.25,25181.25,25036.25,25153.75,8242.0
2026-02-04 21:45:00+00:00,25152.5,25172.75,25108.25,25117.0,4562.0
2026-02-04 22:00:00+00:00,25116.5,25116.5,25116.25,25116.25,3.0
2026-02-04 23:00:00+00:00,25061.75,25114.0,25055.0,25072.5,1252.0
2026-02-04 23:15:00+00:00,25072.5,25097.5,25062.75,25095.5,981.0
2026-02-04 23:30:00+00:00,25093.75,25125.0,25064.5,25078.0,1592.0
2026-02-04 23:45:00+00:00,25076.75,25102.0,25042.0,25067.0,1235.0
2026-02-05 00:00:00+00:00,25067.5,25073.5,25030.75,25066.5,1708.0
2026-02-05 00:15:00+00:00,25067.0,25121.0,25065.5,25113.25,2048.0
2026-02-05 00:30:00+00:00,25114.5,25135.5,25102.25,25128.5,1147.0
2026-02-05 00:45:00+00:00,25127.0,25134.25,25106.5,25107.25,1120.0
2026-02-05 01:00:00+00:00,25109.25,25159.25,25099.25,25154.0,2161.0
2026-02-05 01:15:00+00:00,25152.5,25169.0,25109.75,25127.0,2441.0
2026-02-05 01:30:00+00:00,25133.0,25152.25,25122.25,25144.75,1055.0
2026-02-05 01:45:00+00:00,25144.75,25153.5,25116.5,25122.75,877.0
2026-02-05 02:00:00+00:00,25124.0,25135.0,25011.25,25013.75,3278.0
2026-02-05 02:15:00+00:00,25013.0,25064.25,24959.25,25059.75,4340.0
2026-02-05 02:30:00+00:00,25059.5,25094.5,25055.75,25072.0,2479.0
2026-02-05 02:45:00+00:00,25070.75,25076.25,24959.75,24961.75,3693.0
2026-02-05 03:00:00+00:00,24962.0,25019.0,24948.25,25007.0,3295.0
2026-02-05 03:15:00+00:00,25007.25,25037.0,24979.5,25013.75,1847.0
2026-02-05 03:30:00+00:00,25016.0,25018.5,24958.5,25000.25,2152.0
2026-02-05 03:45:00+00:00,24997.25,24997.75,24929.75,24947.5,2087.0
2026-02-05 04:00:00+00:00,24949.0,24985.25,24941.0,24957.5,1608.0
2026-02-05 04:15:00+00:00,24958.75,24959.75,24915.75,24950.0,1990.0
2026-02-05 04:30:00+00:00,24949.25,25016.75,24940.75,25013.0,1830.0
2026-02-05 04:45:00+00:00,25012.5,25027.0,25001.0,25006.0,968.0
2026-02-05 05:00:00+00:00,24983.25,25011.0,24982.5,24987.0,1216.0
2026-02-05 05:15:00+00:00,24986.75,25009.75,24963.75,25002.5,1152.0
2026-02-05 05:30:00+00:00,25002.75,25045.5,24983.25,25028.5,1531.0
2026-02-05 05:45:00+00:00,25029.75,25036.5,24989.25,24996.75,1217.0
2026-02-05 06:00:00+00:00,24996.75,25033.75,24992.5,25027.25,1165.0
2026-02-05 06:15:00+00:00,25027.75,25052.75,25012.0,25028.75,1436.0
2026-02-05 06:30:00+00:00,25026.0,25059.25,25021.75,25050.5,1348.0
2026-02-05 06:45:00+00:00,25050.75,25077.25,25050.75,25073.0,1233.0
2026-02-05 07:00:00+00:00,25072.5,25086.75,25061.75,25065.0,1060.0
2026-02-05 07:15:00+00:00,25065.75,25089.75,25055.25,25081.0,1380.0
2026-02-05 07:30:00+00:00,25078.75,25088.75,25046.5,25060.25,1271.0
2026-02-05 07:45:00+00:00,25060.0,25089.75,25041.25,25044.75,2015.0
2026-02-05 08:00:00+00:00,25043.75,25114.0,25043.25,25098.25,3668.0
2026-02-05 08:15:00+00:00,25098.75,25123.75,25078.0,25092.75,2318.0
2026-02-05 08:30:00+00:00,25092.25,25113.5,25070.0,25084.75,2026.0
2026-02-05 08:45:00+00:00,25083.0,25083.5,24998.0,24998.25,3892.0
2026-02-05 09:00:00+00:00,25000.0,25042.25,24978.75,25001.25,4110.0
2026-02-05 09:15:00+00:00,25001.75,25072.0,24984.25,25071.75,2308.0
2026-02-05 09:30:00+00:00,25070.0,25096.75,25028.5,25032.0,2137.0
2026-02-05 09:45:00+00:00,25033.75,25057.75,25011.0,25030.75,1731.0
2026-02-05 10:00:00+00:00,25031.0,25079.75,25022.5,25078.75,1473.0
2026-02-05 10:15:00+00:00,25079.5,25092.0,25065.25,25084.75,1497.0
2026-02-05 10:30:00+00:00,25086.25,25088.25,25026.75,25037.5,1843.0
2026-02-05 10:45:00+00:00,25037.5,25052.5,25030.0,25033.75,1195.0
2026-02-05 11:00:00+00:00,25033.75,25041.75,25011.5,25035.5,1231.0
2026-02-05 11:15:00+00:00,25037.0,25065.0,25022.0,25022.0,1596.0
2026-02-05 11:30:00+00:00,25022.0,25032.75,24991.0,25012.25,2436.0
2026-02-05 11:45:00+00:00,25012.5,25034.25,25005.75,25028.25,1487.0
2026-02-05 12:00:00+00:00,25031.5,25056.5,25001.75,25039.75,1772.0
2026-02-05 12:15:00+00:00,25040.75,25047.25,24880.75,24903.5,6698.0
2026-02-05 12:30:00+00:00,24903.5,24917.75,24752.75,24787.75,10642.0
2026-02-05 12:45:00+00:00,24788.5,24806.0,24707.5,24793.5,11434.0
2026-02-05 13:00:00+00:00,24792.5,24839.25,24771.25,24804.25,6201.0
2026-02-05 13:15:00+00:00,24809.0,24825.0,24781.25,24791.5,4883.0
2026-02-05 13:30:00+00:00,24793.25,24869.25,24763.0,24815.25,8996.0
2026-02-05 13:45:00+00:00,24815.5,24824.5,24758.75,24767.75,7530.0
2026-02-05 14:00:00+00:00,24768.25,24838.75,24735.5,24763.0,8661.0
2026-02-05 14:15:00+00:00,24765.25,24779.5,24725.25,24770.75,10764.0
2026-02-05 14:30:00+00:00,24770.25,24936.0,24652.0,24913.5,61703.0
2026-02-05 14:45:00+00:00,24913.5,24960.75,24759.5,24769.25,35047.0
2026-02-05 15:00:00+00:00,24769.0,24800.75,24557.25,24559.25,41678.0
2026-02-05 15:15:00+00:00,24559.75,24664.0,24550.0,24577.75,34686.0
2026-02-05 15:30:00+00:00,24578.5,24700.25,24552.75,24677.5,29018.0
2026-02-05 15:45:00+00:00,24675.75,24691.75,24568.25,24634.5,24665.0
2026-02-05 16:00:00+00:00,24634.25,24652.25,24543.25,24551.5,20264.0
2026-02-05 16:15:00+00:00,24551.25,24783.5,24550.25,24780.25,28279.0
2026-02-05 16:30:00+00:00,24780.0,24825.0,24760.5,24783.5,22433.0
2026-02-05 16:45:00+00:00,24784.0,24856.5,24730.25,24829.0,22417.0
2026-02-05 17:00:00+00:00,24829.5,24833.75,24735.75,24772.25,14848.0
2026-02-05 17:15:00+00:00,24772.25,24864.75,24722.25,24838.0,13898.0
2026-02-05 17:30:00+00:00,24839.25,24877.25,24796.0,24850.75,12378.0
2026-02-05 17:45:00+00:00,24850.0,24887.5,24768.0,24782.25,14250.0
2026-02-05 18:00:00+00:00,24783.75,24834.5,24746.0,24773.25,12133.0
2026-02-05 18:15:00+00:00,24772.5,24786.25,24710.5,24732.75,11378.0
2026-02-05 18:30:00+00:00,24732.5,24773.5,24693.5,24714.25,10413.0
2026-02-05 18:45:00+00:00,24711.75,24725.5,24662.0,24700.25,10301.0
2026-02-05 19:00:00+00:00,24700.25,24817.0,24684.0,24802.25,12633.0
2026-02-05 19:15:00+00:00,24802.25,24839.25,24759.5,24764.0,11383.0
2026-02-05 19:30:00+00:00,24765.0,24765.0,24682.75,24696.75,13449.0
2026-02-05 19:45:00+00:00,24697.0,24716.75,24672.5,24712.0,10550.0
2026-02-05 20:00:00+00:00,24711.75,24808.0,24692.75,24748.5,14052.0
2026-02-05 20:15:00+00:00,24748.0,24750.75,24630.5,24638.0,15400.0
2026-02-05 20:30:00+00:00,24637.75,24679.0,24604.25,24614.0,16613.0
2026-02-05 20:45:00+00:00,24614.5,24664.0,24567.75,24638.75,29842.0
2026-02-05 21:00:00+00:00,24638.75,24720.0,24552.5,24605.5,21664.0
2026-02-05 21:15:00+00:00,24605.0,24614.25,24530.0,24545.0,7590.0
2026-02-05 21:30:00+00:00,24544.75,24547.0,24435.0,24462.5,7198.0
2026-02-05 21:45:00+00:00,24464.25,24485.25,24407.25,24425.25,5594.0
2026-02-05 23:00:00+00:00,24416.0,24474.0,24395.25,24433.0,1847.0
2026-02-05 23:15:00+00:00,24434.25,24445.0,24358.75,24425.75,3662.0
2026-02-05 23:30:00+00:00,24425.75,24434.5,24342.5,24351.25,3431.0
2026-02-05 23:45:00+00:00,24349.5,24358.75,24294.0,24336.0,4833.0
2026-02-06 00:00:00+00:00,24334.75,24337.0,24260.0,24268.25,4195.0
2026-02-06 00:15:00+00:00,24267.75,24376.75,24239.75,24368.5,6081.0
2026-02-06 00:30:00+00:00,24368.25,24402.5,24348.0,24372.5,4206.0
2026-02-06 00:45:00+00:00,24372.5,24409.25,24343.75,24400.0,3797.0
2026-02-06 01:00:00+00:00,24401.0,24439.25,24376.0,24377.75,4649.0
2026-02-06 01:15:00+00:00,24378.0,24392.75,24340.75,24362.0,3115.0
2026-02-06 01:30:00+00:00,24365.0,24480.75,24365.0,24478.75,3619.0
2026-02-06 01:45:00+00:00,24480.75,24536.0,24462.75,24531.25,3205.0
2026-02-06 02:00:00+00:00,24531.0,24571.0,24530.25,24544.25,3710.0
2026-02-06 02:15:00+00:00,24543.0,24567.75,24520.5,24557.0,2542.0
2026-02-06 02:30:00+00:00,24556.25,24579.5,24530.0,24553.5,2342.0
2026-02-06 02:45:00+00:00,24554.75,24558.0,24510.75,24534.25,1639.0
2026-02-06 03:00:00+00:00,24534.25,24565.5,24524.5,24536.25,1608.0
2026-02-06 03:15:00+00:00,24535.75,24540.75,24503.0,24522.5,1332.0
2026-02-06 03:30:00+00:00,24522.25,24553.0,24472.25,24482.25,2154.0
2026-02-06 03:45:00+00:00,24481.0,24534.5,24479.5,24528.25,1292.0
2026-02-06 04:00:00+00:00,24527.5,24527.5,24496.25,24508.5,874.0
2026-02-06 04:15:00+00:00,24509.25,24515.25,24486.25,24491.5,783.0
2026-02-06 04:30:00+00:00,24493.0,24496.75,24443.5,24468.0,1885.0
2026-02-06 04:45:00+00:00,24468.25,24477.0,24425.25,24448.0,1627.0
2026-02-06 05:00:00+00:00,24442.75,24467.75,24430.75,24466.25,1635.0
2026-02-06 05:15:00+00:00,24465.0,24491.5,24454.25,24491.0,1509.0
2026-02-06 05:30:00+00:00,24490.0,24561.25,24488.0,24557.25,1981.0
2026-02-06 05:45:00+00:00,24557.0,24597.25,24544.25,24582.75,1671.0
2026-02-06 06:00:00+00:00,24582.0,24610.25,24577.0,24594.75,1483.0
2026-02-06 06:15:00+00:00,24593.75,24611.75,24581.0,24596.75,1148.0
2026-02-06 06:30:00+00:00,24595.75,24613.75,24547.75,24557.5,1617.0
2026-02-06 06:45:00+00:00,24559.0,24564.75,24540.25,24547.75,1104.0
2026-02-06 07:00:00+00:00,24546.75,24551.0,24506.0,24528.0,1928.0
2026-02-06 07:15:00+00:00,24529.5,24577.25,24522.25,24572.5,1664.0
2026-02-06 07:30:00+00:00,24572.5,24578.25,24543.25,24545.5,1417.0
2026-02-06 07:45:00+00:00,24545.5,24557.75,24537.75,24557.25,1672.0
2026-02-06 08:00:00+00:00,24556.75,24590.25,24490.75,24573.0,3861.0
2026-02-06 08:15:00+00:00,24572.25,24590.75,24549.75,24551.0,2190.0
2026-02-06 08:30:00+00:00,24551.0,24590.0,24529.75,24569.0,2629.0
2026-02-06 08:45:00+00:00,24568.75,24606.0,24537.0,24583.75,1901.0
2026-02-06 09:00:00+00:00,24584.0,24660.0,24562.25,24657.75,3427.0
2026-02-06 09:15:00+00:00,24657.5,24726.5,24632.5,24721.75,5577.0
2026-02-06 09:30:00+00:00,24721.75,24783.75,24720.0,24774.25,5821.0
2026-02-06 09:45:00+00:00,24774.5,24774.5,24734.75,24750.75,3116.0
2026-02-06 10:00:00+00:00,24749.5,24749.5,24713.75,24735.0,2488.0
2026-02-06 10:15:00+00:00,24734.5,24753.0,24715.0,24718.5,2058.0
2026-02-06 10:30:00+00:00,24719.5,24766.0,24712.0,24751.5,2395.0
2026-02-06 10:45:00+00:00,24751.25,24798.5,24738.25,24794.75,2462.0
2026-02-06 11:00:00+00:00,24793.0,24830.25,24789.0,24826.75,4592.0
2026-02-06 11:15:00+00:00,24826.25,24833.25,24803.5,24812.25,2401.0
2026-02-06 11:30:00+00:00,24811.0,24862.5,24809.5,24845.25,3177.0
2026-02-06 11:45:00+00:00,24843.75,24873.25,24825.5,24855.0,3181.0
2026-02-06 12:00:00+00:00,24854.0,24860.5,24800.0,24800.75,3732.0
2026-02-06 12:15:00+00:00,24800.25,24825.25,24783.5,24794.0,3011.0
2026-02-06 12:30:00+00:00,24793.0,24824.0,24775.0,24794.0,2633.0
2026-02-06 12:45:00+00:00,24795.75,24810.75,24761.0,24782.0,2705.0
2026-02-06 13:00:00+00:00,24782.75,24806.75,24758.25,24801.5,3811.0
2026-02-06 13:15:00+00:00,24801.25,24848.75,24781.25,24820.5,4280.0
2026-02-06 13:30:00+00:00,24820.5,24851.75,24778.5,24808.25,6204.0
2026-02-06 13:45:00+00:00,24807.75,24821.0,24776.75,24799.75,4444.0
2026-02-06 14:00:00+00:00,24797.0,24817.75,24775.25,24795.0,4109.0
2026-02-06 14:15:00+00:00,24795.5,24809.25,24748.0,24759.75,6810.0
2026-02-06 14:30:00+00:00,24760.5,24930.0,24719.5,24927.25,60020.0
2026-02-06 14:45:00+00:00,24926.75,24984.0,24849.5,24850.75,34671.0
2026-02-06 15:00:00+00:00,24856.75,24870.25,24758.25,24770.25,38258.0
2026-02-06 15:15:00+00:00,24769.75,24916.25,24743.25,24903.25,31606.0
2026-02-06 15:30:00+00:00,24904.5,24921.5,24859.75,24916.5,7859.0
2026-02-06 15:45:00+00:00,24941.25,24962.25,24819.75,24878.0,33357.0
2026-02-06 16:00:00+00:00,24945.25,25004.75,24940.5,25002.75,24795.0
2026-02-06 16:15:00+00:00,25002.25,25036.25,24974.75,25006.75,16891.0
2026-02-06 16:30:00+00:00,25006.75,25051.75,25003.5,25025.25,19430.0
2026-02-06 16:45:00+00:00,25025.0,25040.5,24979.0,25000.75,11446.0
2026-02-06 17:00:00+00:00,25001.0,25056.25,24986.5,25041.5,12266.0
2026-02-06 17:15:00+00:00,25042.25,25074.25,25026.0,25069.25,10691.0
2026-02-06 17:30:00+00:00,25070.0,25098.0,25037.0,25070.75,12655.0
2026-02-06 17:45:00+00:00,25071.25,25108.75,25071.0,25097.0,9185.0
2026-02-06 18:00:00+00:00,25096.0,25124.0,25092.25,25097.25,9699.0
2026-02-06 18:15:00+00:00,25098.0,25120.0,25074.0,25090.0,9257.0
2026-02-06 18:30:00+00:00,25089.75,25107.0,25080.25,25095.5,6437.0
2026-02-06 18:45:00+00:00,25095.25,25110.25,25081.75,25084.5,5459.0
2026-02-06 19:00:00+00:00,25084.25,25101.75,25075.0,25075.5,5574.0
2026-02-06 19:15:00+00:00,25075.5,25107.25,25065.25,25105.0,6736.0
2026-02-06 19:30:00+00:00,25105.5,25108.75,25074.75,25076.5,5993.0
2026-02-06 19:45:00+00:00,25077.0,25106.25,25069.25,25070.75,5916.0
2026-02-06 20:00:00+00:00,25070.25,25104.25,25052.75,25096.75,6667.0
2026-02-06 20:15:00+00:00,25097.25,25127.0,25096.25,25109.75,8028.0
2026-02-06 20:30:00+00:00,25109.5,25150.25,25099.5,25149.5,10752.0
2026-02-06 20:45:00+00:00,25149.0,25222.0,25142.0,25148.0,34530.0
2026-02-06 21:00:00+00:00,25147.5,25164.0,25122.75,25128.0,12118.0
2026-02-06 21:15:00+00:00,25128.0,25134.75,25115.75,25119.5,1703.0
2026-02-06 21:30:00+00:00,25113.0,25113.0,25098.5,25109.75,3132.0
2026-02-06 21:45:00+00:00,25109.25,25112.0,25090.0,25107.75,2397.0
2026-02-08 23:00:00+00:00,25242.75,25249.75,25232.25,25246.25,246.0
2026-02-08 23:15:00+00:00,25244.75,25266.0,25234.25,25235.5,1544.0
2026-02-08 23:30:00+00:00,25236.75,25279.0,25223.25,25271.0,2133.0
2026-02-08 23:45:00+00:00,25273.5,25294.5,25263.0,25276.75,2075.0
2026-02-09 00:00:00+00:00,25275.0,25334.75,25269.25,25328.75,4359.0
2026-02-09 00:15:00+00:00,25329.75,25346.5,25292.25,25294.5,2829.0
2026-02-09 00:30:00+00:00,25294.5,25329.5,25288.75,25296.75,1561.0
2026-02-09 00:45:00+00:00,25297.0,25299.0,25258.0,25262.75,1866.0
2026-02-09 01:00:00+00:00,25263.75,25266.0,25237.75,25245.25,2492.0
2026-02-09 01:15:00+00:00,25246.0,25261.75,25235.0,25236.25,1657.0
2026-02-09 01:30:00+00:00,25236.0,25262.5,25220.0,25229.5,1689.0
2026-02-09 01:45:00+00:00,25230.75,25234.75,25194.5,25217.75,2307.0
2026-02-09 02:00:00+00:00,25216.5,25251.0,25208.75,25228.0,1795.0
2026-02-09 02:15:00+00:00,25227.25,25241.75,25213.0,25226.25,963.0
2026-02-09 02:30:00+00:00,25226.25,25263.75,25225.25,25258.25,1270.0
2026-02-09 02:45:00+00:00,25259.0,25261.75,25221.25,25227.75,1116.0
2026-02-09 03:00:00+00:00,25228.0,25242.0,25217.75,25226.25,759.0
2026-02-09 03:15:00+00:00,25224.75,25235.75,25215.0,25215.0,796.0
2026-02-09 03:30:00+00:00,25215.0,25228.5,25191.5,25208.5,1746.0
2026-02-09 03:45:00+00:00,25209.0,25219.0,25188.75,25189.25,961.0
2026-02-09 04:00:00+00:00,25189.5,25223.0,25188.75,25214.5,1045.0
2026-02-09 04:15:00+00:00,25214.75,25220.0,25205.75,25214.0,678.0
2026-02-09 04:30:00+00:00,25213.75,25213.75,25193.0,25199.75,918.0
2026-02-09 04:45:00+00:00,25197.75,25203.75,25179.5,25185.75,895.0
2026-02-09 05:00:00+00:00,25187.5,25201.0,25176.5,25195.25,917.0
2026-02-09 05:15:00+00:00,25195.75,25222.25,25195.75,25210.0,872.0
2026-02-09 05:30:00+00:00,25210.25,25228.0,25196.0,25198.5,1374.0
2026-02-09 05:45:00+00:00,25198.75,25219.75,25191.0,25215.25,836.0
2026-02-09 06:00:00+00:00,25216.0,25222.0,25164.0,25194.75,2505.0
2026-02-09 06:15:00+00:00,25193.0,25194.0,25159.0,25166.75,1470.0
2026-02-09 06:30:00+00:00,25166.75,25200.75,25164.5,25183.25,1181.0
2026-02-09 06:45:00+00:00,25182.0,25198.75,25156.5,25166.75,1530.0
2026-02-09 07:00:00+00:00,25167.0,25181.25,25153.5,25157.0,1142.0
2026-02-09 07:15:00+00:00,25155.75,25172.0,25132.0,25141.25,1766.0
2026-02-09 07:30:00+00:00,25139.5,25151.75,25120.75,25144.5,1316.0
2026-02-09 07:45:00+00:00,25145.25,25174.5,25145.25,25159.75,1049.0
2026-02-09 08:00:00+00:00,25158.25,25215.25,25154.5,25201.5,2815.0
2026-02-09 08:15:00+00:00,25200.5,25211.25,25175.25,25181.25,1712.0
2026-02-09 08:30:00+00:00,25180.0,25189.75,25148.25,25172.0,1885.0
2026-02-09 08:45:00+00:00,25172.5,25186.0,25160.75,25161.0,1117.0
2026-02-09 09:00:00+00:00,25160.5,25185.25,25157.0,25160.5,1411.0
2026-02-09 09:15:00+00:00,25158.75,25170.5,25144.25,25156.75,1309.0
2026-02-09 09:30:00+00:00,25155.75,25162.5,25115.0,25131.0,1875.0
2026-02-09 09:45:00+00:00,25131.25,25138.0,25073.0,25089.0,2940.0
2026-02-09 10:00:00+00:00,25088.25,25093.75,25049.75,25066.25,2553.0
2026-02-09 10:15:00+00:00,25067.25,25067.25,25035.0,25038.5,2326.0
2026-02-09 10:30:00+00:00,25039.5,25041.0,24968.5,24986.0,6197.0
2026-02-09 10:45:00+00:00,24985.0,25055.0,24978.75,25044.0,4194.0
2026-02-09 11:00:00+00:00,25045.75,25058.5,25018.75,25034.25,1812.0
2026-02-09 11:15:00+00:00,25033.5,25070.75,25027.5,25065.75,1722.0
2026-02-09 11:30:00+00:00,25064.75,25071.75,25042.75,25050.0,1447.0
2026-02-09 11:45:00+00:00,25050.75,25063.25,25033.75,25047.5,1546.0
2026-02-09 12:00:00+00:00,25049.25,25100.25,25015.25,25096.75,3525.0
2026-02-09 12:15:00+00:00,25095.5,25096.5,25061.75,25091.0,1469.0
2026-02-09 12:30:00+00:00,25091.0,25104.0,25073.5,25078.5,2111.0
2026-02-09 12:45:00+00:00,25078.0,25102.0,25072.75,25101.0,1633.0
2026-02-09 13:00:00+00:00,25101.0,25152.5,25100.0,25137.5,3607.0
2026-02-09 13:15:00+00:00,25138.0,25155.75,25114.5,25121.75,2619.0
2026-02-09 13:30:00+00:00,25120.75,25123.5,25094.25,25107.0,2623.0
2026-02-09 13:45:00+00:00,25107.75,25115.0,25074.25,25079.0,3232.0
2026-02-09 14:00:00+00:00,25080.0,25094.25,25054.75,25073.0,4471.0
2026-02-09 14:15:00+00:00,25073.5,25081.5,25037.75,25057.5,7675.0
2026-02-09 14:30:00+00:00,25057.75,25152.25,24955.5,25150.25,48256.0
2026-02-09 14:45:00+00:00,25150.5,25188.5,25092.25,25113.25,28788.0
2026-02-09 15:00:00+00:00,25112.25,25219.25,25102.75,25212.75,20711.0
2026-02-09 15:15:00+00:00,25214.25,25254.0,25166.0,25181.5,17165.0
2026-02-09 15:30:00+00:00,25182.75,25275.5,25181.5,25264.5,15891.0
2026-02-09 15:45:00+00:00,25264.5,25329.0,25257.75,25312.25,15164.0
2026-02-09 16:00:00+00:00,25311.5,25335.25,25305.75,25333.0,12900.0
2026-02-09 16:15:00+00:00,25331.75,25358.25,25313.75,25355.75,11637.0
2026-02-09 16:30:00+00:00,25355.75,25366.25,25340.0,25364.5,10455.0
2026-02-09 16:45:00+00:00,25365.0,25404.0,25364.5,25391.0,14256.0
2026-02-09 17:00:00+00:00,25390.75,25416.5,25382.75,25407.75,10390.0
2026-02-09 17:15:00+00:00,25407.75,25415.0,25378.5,25384.0,9456.0
2026-02-09 17:30:00+00:00,25384.5,25401.25,25373.0,25379.75,8698.0
2026-02-09 17:45:00+00:00,25380.25,25386.75,25349.5,25355.25,8300.0
2026-02-09 18:00:00+00:00,25355.0,25381.75,25344.0,25373.0,10093.0
2026-02-09 18:15:00+00:00,25373.75,25381.25,25312.25,25342.75,13285.0
2026-02-09 18:30:00+00:00,25342.5,25387.5,25330.5,25381.5,9185.0
2026-02-09 18:45:00+00:00,25380.75,25388.75,25363.5,25369.5,5629.0
2026-02-09 19:00:00+00:00,25370.0,25398.25,25363.75,25396.0,6772.0
2026-02-09 19:15:00+00:00,25395.75,25423.25,25391.75,25418.25,6931.0
2026-02-09 19:30:00+00:00,25418.75,25428.75,25412.75,25416.25,5643.0
2026-02-09 19:45:00+00:00,25416.0,25420.5,25397.0,25399.0,5117.0
2026-02-09 20:00:00+00:00,25399.25,25413.0,25393.5,25400.75,5402.0
2026-02-09 20:15:00+00:00,25400.5,25401.5,25354.75,25364.25,9349.0
2026-02-09 20:30:00+00:00,25364.0,25378.5,25334.0,25366.75,12863.0
2026-02-09 20:45:00+00:00,25366.25,25392.25,25332.25,25338.5,21773.0
2026-02-09 21:00:00+00:00,25338.5,25374.75,25337.25,25371.75,8822.0
2026-02-09 21:15:00+00:00,25372.0,25373.75,25352.75,25365.25,1859.0
2026-02-09 21:30:00+00:00,25364.75,25371.75,25362.0,25370.0,1097.0
2026-02-09 21:45:00+00:00,25370.25,25372.5,25358.75,25361.5,1475.0
2026-02-09 23:00:00+00:00,25363.0,25395.5,25345.25,25357.75,1061.0
2026-02-09 23:15:00+00:00,25357.0,25361.0,25341.0,25352.75,1251.0
2026-02-09 23:30:00+00:00,25352.5,25373.0,25336.0,25364.0,1638.0
2026-02-09 23:45:00+00:00,25363.5,25364.75,25328.0,25344.25,1388.0
2026-02-10 00:00:00+00:00,25344.75,25362.75,25315.0,25317.75,1977.0
2026-02-10 00:15:00+00:00,25318.0,25335.5,25316.75,25326.5,1305.0
2026-02-10 00:30:00+00:00,25326.75,25335.0,25314.25,25315.75,1324.0
2026-02-10 00:45:00+00:00,25316.0,25342.5,25310.0,25335.25,1640.0
2026-02-10 01:00:00+00:00,25335.5,25342.0,25325.25,25331.5,1260.0
2026-02-10 01:15:00+00:00,25332.0,25340.25,25313.5,25317.0,1744.0
2026-02-10 01:30:00+00:00,25317.0,25338.0,25300.0,25332.75,2950.0
2026-02-10 01:45:00+00:00,25333.0,25352.0,25318.75,25334.75,1647.0
2026-02-10 02:00:00+00:00,25334.0,25336.0,25309.0,25321.75,1064.0
2026-02-10 02:15:00+00:00,25323.25,25333.25,25308.75,25320.75,990.0
2026-02-10 02:30:00+00:00,25320.25,25323.0,25287.25,25305.0,1633.0
2026-02-10 02:45:00+00:00,25305.0,25315.5,25296.5,25306.25,864.0
2026-02-10 03:00:00+00:00,25307.0,25309.25,25282.25,25286.25,819.0
2026-02-10 03:15:00+00:00,25286.25,25303.25,25278.5,25289.75,1135.0
2026-02-10 03:30:00+00:00,25290.0,25313.75,25287.25,25295.0,865.0
2026-02-10 03:45:00+00:00,25295.0,25310.25,25291.75,25300.25,754.0
2026-02-10 04:00:00+00:00,25299.0,25320.0,25298.75,25313.5,682.0
2026-02-10 04:15:00+00:00,25314.0,25323.0,25309.0,25321.75,551.0
2026-02-10 04:30:00+00:00,25321.0,25328.25,25314.5,25324.25,639.0
2026-02-10 04:45:00+00:00,25324.5,25346.5,25322.0,25343.5,1109.0
2026-02-10 05:00:00+00:00,25334.25,25337.0,25330.75,25333.5,964.0
2026-02-10 05:15:00+00:00,25333.75,25334.5,25312.0,25315.25,814.0
2026-02-10 05:30:00+00:00,25314.25,25356.5,25311.75,25337.25,1561.0
2026-02-10 05:45:00+00:00,25338.0,25358.25,25334.0,25351.75,869.0
2026-02-10 06:00:00+00:00,25352.5,25354.25,25326.25,25330.0,798.0
2026-02-10 06:15:00+00:00,25330.25,25332.75,25310.0,25319.5,1124.0
2026-02-10 06:30:00+00:00,25318.5,25327.0,25296.0,25302.75,870.0
2026-02-10 06:45:00+00:00,25302.5,25313.75,25291.75,25313.25,879.0
2026-02-10 07:00:00+00:00,25314.25,25336.0,25307.0,25323.75,1326.0
2026-02-10 07:15:00+00:00,25323.25,25340.0,25315.75,25332.5,919.0
2026-02-10 07:30:00+00:00,25331.25,25343.5,25326.75,25337.25,633.0
2026-02-10 07:45:00+00:00,25336.75,25349.0,25329.0,25348.5,664.0
2026-02-10 08:00:00+00:00,25349.75,25367.0,25322.75,25363.5,2251.0
2026-02-10 08:15:00+00:00,25362.75,25366.75,25334.0,25341.75,1494.0
2026-02-10 08:30:00+00:00,25341.25,25353.0,25329.75,25331.25,1369.0
2026-02-10 08:45:00+00:00,25330.25,25349.0,25326.0,25334.25,1144.0
2026-02-10 09:00:00+00:00,25335.0,25383.5,25334.25,25377.75,1779.0
2026-02-10 09:15:00+00:00,25378.5,25407.5,25378.5,25396.25,2174.0
2026-02-10 09:30:00+00:00,25395.5,25398.25,25384.25,25386.75,992.0
2026-02-10 09:45:00+00:00,25387.75,25387.75,25354.25,25364.0,1267.0
2026-02-10 10:00:00+00:00,25363.75,25366.5,25341.75,25363.75,1466.0
2026-02-10 10:15:00+00:00,25363.75,25367.5,25348.0,25362.75,1508.0
2026-02-10 10:30:00+00:00,25362.25,25363.0,25343.0,25353.5,1335.0
2026-02-10 10:45:00+00:00,25352.5,25374.25,25349.25,25355.25,1284.0
2026-02-10 11:00:00+00:00,25355.0,25355.25,25334.0,25346.75,1486.0
2026-02-10 11:15:00+00:00,25346.75,25363.5,25346.25,25352.75,1249.0
2026-02-10 11:30:00+00:00,25354.25,25368.0,25351.75,25360.0,1013.0
2026-02-10 11:45:00+00:00,25360.5,25373.75,25358.0,25370.0,901.0
2026-02-10 12:00:00+00:00,25369.75,25397.25,25369.25,25392.0,1506.0
2026-02-10 12:15:00+00:00,25392.25,25415.0,25390.25,25414.75,1567.0
2026-02-10 12:30:00+00:00,25414.75,25421.5,25358.0,25376.0,2896.0
2026-02-10 12:45:00+00:00,25374.75,25376.0,25337.0,25339.25,3175.0
2026-02-10 13:00:00+00:00,25339.0,25341.75,25292.25,25319.75,4286.0
2026-02-10 13:15:00+00:00,25321.0,25342.0,25306.0,25330.0,3282.0
2026-02-10 13:30:00+00:00,25329.75,25355.5,25301.5,25350.25,5080.0
2026-02-10 13:45:00+00:00,25350.5,25374.75,25348.25,25372.75,3366.0
2026-02-10 14:00:00+00:00,25372.75,25385.75,25367.25,25383.0,3184.0
2026-02-10 14:15:00+00:00,25382.75,25398.0,25375.5,25375.5,4823.0
2026-02-10 14:30:00+00:00,25376.25,25410.0,25265.25,25309.25,39574.0
2026-02-10 14:45:00+00:00,25310.0,25407.5,25255.75,25392.25,27858.0
2026-02-10 15:00:00+00:00,25392.5,25447.25,25357.75,25390.5,24866.0
2026-02-10 15:15:00+00:00,25390.5,25427.5,25362.5,25401.5,19990.0
2026-02-10 15:30:00+00:00,25400.5,25438.75,25382.75,25412.75,14474.0
2026-02-10 15:45:00+00:00,25412.75,25429.75,25348.0,25375.0,14442.0
2026-02-10 16:00:00+00:00,25375.0,25400.25,25350.5,25376.5,11213.0
2026-02-10 16:15:00+00:00,25376.0,25394.75,25331.25,25351.25,15227.0
2026-02-10 16:30:00+00:00,25350.25,25363.75,25324.0,25330.0,12925.0
2026-02-10 16:45:00+00:00,25330.0,25366.75,25316.25,25327.0,11614.0
2026-02-10 17:00:00+00:00,25327.25,25369.5,25304.0,25364.75,10737.0
2026-02-10 17:15:00+00:00,25365.0,25385.5,25356.0,25367.75,9613.0
2026-02-10 17:30:00+00:00,25367.25,25382.25,25353.0,25376.5,6245.0
2026-02-10 17:45:00+00:00,25376.0,25397.75,25375.75,25384.0,6221.0
2026-02-10 18:00:00+00:00,25383.75,25386.0,25341.75,25346.0,8112.0
2026-02-10 18:15:00+00:00,25345.5,25349.25,25288.5,25292.5,14080.0
2026-02-10 18:30:00+00:00,25292.0,25308.0,25270.75,25297.25,15123.0
2026-02-10 18:45:00+00:00,25297.0,25322.75,25275.75,25312.5,11222.0
2026-02-10 19:00:00+00:00,25312.5,25323.25,25285.25,25301.0,10148.0
2026-02-10 19:15:00+00:00,25300.25,25305.25,25275.0,25300.0,6635.0
2026-02-10 19:30:00+00:00,25299.75,25313.0,25274.5,25281.25,6720.0
2026-02-10 19:45:00+00:00,25282.0,25304.5,25275.75,25294.5,6235.0
2026-02-10 20:00:00+00:00,25292.5,25296.75,25245.25,25251.5,8910.0
2026-02-10 20:15:00+00:00,25251.25,25275.25,25244.0,25254.25,8406.0
2026-02-10 20:30:00+00:00,25254.25,25268.5,25228.5,25247.75,8649.0
2026-02-10 20:45:00+00:00,25248.25,25265.75,25198.25,25219.0,26233.0
2026-02-10 21:00:00+00:00,25219.0,25240.0,25208.75,25234.75,7648.0
2026-02-10 21:15:00+00:00,25235.0,25239.0,25226.0,25231.5,1177.0
2026-02-10 21:30:00+00:00,25232.5,25245.5,25231.0,25244.75,1334.0
2026-02-10 21:45:00+00:00,25244.0,25258.0,25241.75,25257.25,1365.0
2026-02-10 23:00:00+00:00,25259.0,25278.75,25252.75,25277.5,520.0
2026-02-10 23:15:00+00:00,25278.75,25287.75,25276.75,25279.0,733.0
2026-02-10 23:30:00+00:00,25277.5,25282.0,25267.75,25279.5,823.0
2026-02-10 23:45:00+00:00,25280.25,25284.5,25271.75,25272.75,729.0
2026-02-11 00:00:00+00:00,25273.5,25286.25,25272.0,25280.25,714.0
2026-02-11 00:15:00+00:00,25280.5,25283.25,25266.25,25276.75,761.0
2026-02-11 00:30:00+00:00,25277.75,25295.5,25276.5,25289.5,624.0
2026-02-11 00:45:00+00:00,25289.25,25297.0,25285.75,25290.5,487.0
2026-02-11 01:00:00+00:00,25291.0,25312.5,25290.25,25310.25,1197.0
2026-02-11 01:15:00+00:00,25310.5,25314.75,25301.75,25306.25,668.0
2026-02-11 01:30:00+00:00,25305.0,25317.75,25300.25,25313.75,1003.0
2026-02-11 01:45:00+00:00,25314.0,25326.25,25313.5,25316.25,906.0
2026-02-11 02:00:00+00:00,25315.75,25321.75,25308.0,25317.75,952.0
2026-02-11 02:15:00+00:00,25318.75,25330.0,25313.0,25320.25,972.0
2026-02-11 02:30:00+00:00,25319.75,25324.25,25306.75,25309.25,658.0
2026-02-11 02:45:00+00:00,25310.25,25327.5,25310.0,25322.25,607.0
2026-02-11 03:00:00+00:00,25322.25,25325.25,25310.0,25314.0,590.0
2026-02-11 03:15:00+00:00,25314.25,25325.75,25303.25,25322.75,714.0
2026-02-11 03:30:00+00:00,25323.0,25335.25,25317.0,25332.25,705.0
2026-02-11 03:45:00+00:00,25332.5,25345.5,25331.25,25337.75,1003.0
2026-02-11 04:00:00+00:00,25338.5,25340.0,25320.5,25324.25,611.0
2026-02-11 04:15:00+00:00,25323.5,25332.5,25313.0,25313.75,723.0
2026-02-11 04:30:00+00:00,25314.25,25317.5,25295.75,25302.5,664.0
2026-02-11 04:45:00+00:00,25304.0,25314.25,25302.0,25304.75,451.0
2026-02-11 05:00:00+00:00,25315.75,25319.75,25311.25,25314.25,732.0
2026-02-11 05:15:00+00:00,25315.0,25325.75,25302.75,25304.75,515.0
2026-02-11 05:30:00+00:00,25304.5,25306.75,25284.75,25286.5,1267.0
2026-02-11 05:45:00+00:00,25285.0,25292.5,25278.75,25287.5,613.0
2026-02-11 06:00:00+00:00,25287.75,25316.0,25287.0,25291.0,1234.0
2026-02-11 06:15:00+00:00,25290.75,25291.5,25273.5,25274.75,923.0
2026-02-11 06:30:00+00:00,25275.5,25286.0,25271.0,25277.75,553.0
2026-02-11 06:45:00+00:00,25279.25,25279.25,25267.5,25270.75,659.0
2026-02-11 07:00:00+00:00,25270.25,25287.0,25253.0,25256.25,1431.0
2026-02-11 07:15:00+00:00,25256.0,25290.0,25255.25,25283.75,807.0
2026-02-11 07:30:00+00:00,25284.25,25284.5,25260.75,25271.5,743.0
2026-02-11 07:45:00+00:00,25272.5,25285.5,25263.25,25271.0,580.0
2026-02-11 08:00:00+00:00,25271.0,25278.5,25225.0,25227.25,1869.0
2026-02-11 08:15:00+00:00,25227.5,25246.75,25209.75,25237.0,2184.0
2026-02-11 08:30:00+00:00,25238.25,25265.5,25238.25,25257.5,1095.0
2026-02-11 08:45:00+00:00,25259.5,25262.25,25248.75,25250.25,804.0
2026-02-11 09:00:00+00:00,25250.0,25279.0,25242.0,25259.0,1587.0
2026-02-11 09:15:00+00:00,25259.75,25262.75,25236.5,25254.5,1378.0
2026-02-11 09:30:00+00:00,25255.75,25257.25,25204.0,25213.25,1873.0
2026-02-11 09:45:00+00:00,25215.0,25230.0,25205.0,25205.25,1267.0
2026-02-11 10:00:00+00:00,25204.25,25206.0,25146.25,25161.75,4669.0
2026-02-11 10:15:00+00:00,25163.5,25198.0,25159.75,25190.25,1484.0
2026-02-11 10:30:00+00:00,25190.75,25195.5,25175.75,25190.0,1128.0
2026-02-11 10:45:00+00:00,25188.25,25207.5,25166.75,25207.5,1627.0
2026-02-11 11:00:00+00:00,25207.5,25232.5,25205.75,25216.25,1648.0
2026-02-11 11:15:00+00:00,25216.75,25248.0,25215.5,25247.75,1272.0
2026-02-11 11:30:00+00:00,25248.5,25250.0,25213.5,25223.0,2074.0
2026-02-11 11:45:00+00:00,25221.75,25238.25,25207.25,25209.0,1478.0
2026-02-11 12:00:00+00:00,25210.0,25276.0,25206.0,25273.5,3131.0
2026-02-11 12:15:00+00:00,25272.25,25274.25,25250.5,25252.75,1315.0
2026-02-11 12:30:00+00:00,25253.75,25259.25,25238.0,25247.25,1565.0
2026-02-11 12:45:00+00:00,25246.75,25248.5,25222.75,25247.5,1455.0
2026-02-11 13:00:00+00:00,25245.75,25256.0,25236.25,25248.5,1303.0
2026-02-11 13:15:00+00:00,25250.5,25270.5,25238.0,25238.0,1886.0
2026-02-11 13:30:00+00:00,25251.25,25367.75,25238.75,25342.25,11859.0
2026-02-11 13:45:00+00:00,25343.5,25452.0,25343.0,25444.25,12532.0
2026-02-11 14:00:00+00:00,25443.5,25446.5,25410.0,25419.25,6968.0
2026-02-11 14:15:00+00:00,25419.25,25440.75,25407.75,25419.25,6108.0
2026-02-11 14:30:00+00:00,25418.75,25465.25,25339.25,25390.5,42897.0
2026-02-11 14:45:00+00:00,25391.25,25436.75,25290.0,25305.25,28653.0
2026-02-11 15:00:00+00:00,25306.5,25343.25,25141.75,25188.25,35472.0
2026-02-11 15:15:00+00:00,25187.75,25195.0,25058.25,25077.25,37891.0
2026-02-11 15:30:00+00:00,25077.0,25192.75,25068.75,25180.75,24967.0
2026-02-11 15:45:00+00:00,25180.75,25271.5,25133.25,25244.0,24043.0
2026-02-11 16:00:00+00:00,25244.25,25264.25,25181.75,25258.0,14700.0
2026-02-11 16:15:00+00:00,25258.75,25275.0,25192.75,25193.0,13681.0
2026-02-11 16:30:00+00:00,25193.0,25256.75,25175.0,25228.5,13428.0
2026-02-11 16:45:00+00:00,25229.25,25242.0,25177.75,25181.0,9090.0
2026-02-11 17:00:00+00:00,25180.75,25224.25,25141.75,25212.5,12630.0
2026-02-11 17:15:00+00:00,25212.75,25298.25,25197.75,25289.5,13530.0
2026-02-11 17:30:00+00:00,25290.0,25312.5,25263.0,25304.0,10626.0
2026-02-11 17:45:00+00:00,25304.75,25325.0,25255.25,25263.75,10194.0
2026-02-11 18:00:00+00:00,25264.5,25277.25,25205.0,25210.75,11725.0
2026-02-11 18:15:00+00:00,25210.5,25280.25,25200.75,25276.5,10865.0
2026-02-11 18:30:00+00:00,25277.0,25287.5,25254.5,25270.75,8887.0
2026-02-11 18:45:00+00:00,25271.0,25312.5,25255.0,25301.25,9571.0
2026-02-11 19:00:00+00:00,25302.0,25326.0,25257.75,25316.5,9983.0
2026-02-11 19:15:00+00:00,25316.0,25360.5,25316.0,25348.75,8825.0
2026-02-11 19:30:00+00:00,25349.0,25356.5,25327.75,25342.0,6753.0
2026-02-11 19:45:00+00:00,25342.25,25344.25,25281.75,25309.0,9474.0
2026-02-11 20:00:00+00:00,25308.75,25320.75,25297.0,25307.25,5088.0
2026-02-11 20:15:00+00:00,25307.5,25322.5,25284.0,25284.75,6448.0
2026-02-11 20:30:00+00:00,25285.0,25320.0,25271.75,25304.5,8872.0
2026-02-11 20:45:00+00:00,25305.0,25321.5,25273.75,25278.25,19546.0
2026-02-11 21:00:00+00:00,25278.0,25308.0,25268.0,25275.75,7717.0
2026-02-11 21:15:00+00:00,25276.25,25298.0,25274.0,25286.5,2024.0
2026-02-11 21:30:00+00:00,25288.0,25296.25,25278.75,25279.25,1301.0
2026-02-11 21:45:00+00:00,25279.75,25292.0,25277.25,25278.75,1611.0
2026-02-11 23:00:00+00:00,25289.0,25296.5,25250.0,25253.75,811.0
2026-02-11 23:15:00+00:00,25252.25,25271.0,25237.25,25239.25,1134.0
2026-02-11 23:30:00+00:00,25239.25,25242.25,25206.0,25214.0,1444.0
2026-02-11 23:45:00+00:00,25288.5,25288.5,25226.0,25235.25,1688.0
2026-02-12 00:00:00+00:00,25233.25,25254.75,25221.25,25231.0,1488.0
2026-02-12 00:15:00+00:00,25231.25,25239.25,25214.25,25230.25,1286.0
2026-02-12 00:30:00+00:00,25231.0,25273.0,25229.25,25270.5,1401.0
2026-02-12 00:45:00+00:00,25270.75,25272.25,25260.0,25265.25,674.0
2026-02-12 01:00:00+00:00,25266.25,25278.0,25254.0,25268.0,1095.0
2026-02-12 01:15:00+00:00,25266.0,25288.25,25242.5,25282.75,1328.0
2026-02-12 01:30:00+00:00,25280.25,25314.75,25274.0,25302.0,1680.0
2026-02-12 01:45:00+00:00,25302.75,25310.5,25290.0,25301.0,976.0
2026-02-12 02:00:00+00:00,25301.75,25310.5,25287.25,25288.25,958.0
2026-02-12 02:15:00+00:00,25288.75,25293.5,25268.75,25282.0,1063.0
2026-02-12 02:30:00+00:00,25283.0,25287.0,25271.75,25274.75,562.0
2026-02-12 02:45:00+00:00,25275.25,25299.25,25269.0,25293.5,825.0
2026-02-12 03:00:00+00:00,25292.5,25304.0,25286.75,25297.5,620.0
2026-02-12 03:15:00+00:00,25298.5,25306.25,25282.0,25306.25,799.0
2026-02-12 03:30:00+00:00,25306.25,25320.5,25303.75,25319.5,847.0
2026-02-12 03:45:00+00:00,25320.75,25320.75,25309.0,25310.0,465.0
2026-02-12 04:00:00+00:00,25311.5,25313.5,25303.0,25312.0,592.0
2026-02-12 04:15:00+00:00,25311.75,25339.5,25309.0,25338.0,1286.0
2026-02-12 04:30:00+00:00,25338.0,25338.0,25316.25,25318.25,636.0
2026-02-12 04:45:00+00:00,25318.5,25331.5,25317.0,25328.5,440.0
2026-02-12 05:00:00+00:00,25334.0,25336.75,25331.25,25336.0,486.0
2026-02-12 05:15:00+00:00,25336.25,25343.5,25332.5,25334.25,585.0
2026-02-12 05:30:00+00:00,25333.0,25344.75,25327.75,25336.25,473.0
2026-02-12 05:45:00+00:00,25336.0,25341.25,25330.0,25337.0,562.0
2026-02-12 06:00:00+00:00,25338.5,25343.75,25321.25,25336.75,744.0
2026-02-12 06:15:00+00:00,25336.5,25344.5,25312.5,25320.25,865.0
2026-02-12 06:30:00+00:00,25322.0,25332.5,25295.0,25299.0,1193.0
2026-02-12 06:45:00+00:00,25298.25,25323.5,25292.0,25319.75,1110.0
2026-02-12 07:00:00+00:00,25319.25,25336.75,25313.0,25333.0,1164.0
2026-02-12 07:15:00+00:00,25333.5,25357.25,25329.0,25351.25,958.0
2026-02-12 07:30:00+00:00,25351.25,25359.25,25346.25,25350.75,875.0
2026-02-12 07:45:00+00:00,25351.0,25354.75,25342.0,25351.0,634.0
2026-02-12 08:00:00+00:00,25350.25,25369.25,25339.0,25350.5,2258.0
2026-02-12 08:15:00+00:00,25350.0,25362.0,25339.75,25345.75,972.0
2026-02-12 08:30:00+00:00,25344.5,25350.75,25324.75,25331.0,1135.0
2026-02-12 08:45:00+00:00,25331.25,25360.5,25328.25,25353.5,890.0
2026-02-12 09:00:00+00:00,25352.75,25363.5,25341.75,25356.5,1062.0
2026-02-12 09:15:00+00:00,25356.75,25364.25,25348.5,25349.5,794.0
2026-02-12 09:30:00+00:00,25349.0,25361.5,25341.0,25343.25,752.0
2026-02-12 09:45:00+00:00,25344.25,25358.5,25330.0,25355.75,938.0
2026-02-12 10:00:00+00:00,25354.75,25374.0,25341.0,25343.25,1518.0
2026-02-12 10:15:00+00:00,25342.5,25349.75,25334.0,25340.5,823.0
2026-02-12 10:30:00+00:00,25342.25,25351.75,25338.5,25342.75,721.0
2026-02-12 10:45:00+00:00,25343.0,25351.0,25340.0,25349.75,678.0
2026-02-12 11:00:00+00:00,25349.75,25360.5,25338.25,25355.75,1146.0
2026-02-12 11:15:00+00:00,25356.25,25370.25,25353.0,25367.5,750.0
2026-02-12 11:30:00+00:00,25366.25,25370.5,25342.5,25345.0,745.0
2026-02-12 11:45:00+00:00,25344.5,25369.5,25344.5,25366.5,893.0
2026-02-12 12:00:00+00:00,25365.75,25369.0,25343.0,25354.5,1094.0
2026-02-12 12:15:00+00:00,25354.75,25368.0,25348.0,25365.0,1028.0
2026-02-12 12:30:00+00:00,25364.0,25384.0,25363.25,25365.0,1564.0
2026-02-12 12:45:00+00:00,25364.25,25373.5,25351.75,25356.75,1388.0
2026-02-12 13:00:00+00:00,25356.25,25358.5,25327.75,25328.5,2047.0
2026-02-12 13:15:00+00:00,25328.5,25344.25,25320.25,25342.25,1944.0
2026-02-12 13:30:00+00:00,25342.75,25419.75,25331.25,25411.75,5738.0
2026-02-12 13:45:00+00:00,25412.0,25413.75,25380.75,25395.75,3629.0
2026-02-12 14:00:00+00:00,25396.25,25400.25,25365.25,25368.0,3112.0
2026-02-12 14:15:00+00:00,25367.5,25380.5,25346.0,25346.75,4590.0
2026-02-12 14:30:00+00:00,25346.25,25392.5,25304.0,25308.25,36231.0
2026-02-12 14:45:00+00:00,25309.0,25323.75,25186.25,25206.5,35371.0
2026-02-12 15:00:00+00:00,25208.25,25251.5,25169.75,25232.75,28777.0
2026-02-12 15:15:00+00:00,25232.5,25260.25,25194.0,25232.25,19070.0
2026-02-12 15:30:00+00:00,25232.5,25253.75,25082.0,25087.25,25823.0
2026-02-12 15:45:00+00:00,25086.0,25121.25,25006.5,25010.25,27190.0
2026-02-12 16:00:00+00:00,25011.0,25031.75,24928.25,24940.5,31417.0
2026-02-12 16:15:00+00:00,24939.75,24950.75,24811.25,24818.75,32716.0
2026-02-12 16:30:00+00:00,24819.0,24921.75,24805.75,24875.25,33712.0
2026-02-12 16:45:00+00:00,24876.25,24902.0,24843.0,24878.5,18462.0
2026-02-12 17:00:00+00:00,24878.0,24903.75,24831.25,24858.75,19675.0
2026-02-12 17:15:00+00:00,24858.0,24924.0,24834.0,24871.25,17970.0
2026-02-12 17:30:00+00:00,24871.0,24940.75,24862.25,24898.75,15021.0
2026-02-12 17:45:00+00:00,24900.0,24915.0,24823.75,24825.25,14816.0
2026-02-12 18:00:00+00:00,24825.5,24881.75,24800.25,24855.25,16441.0
2026-02-12 18:15:00+00:00,24854.25,24862.0,24802.25,24841.75,15692.0
2026-02-12 18:30:00+00:00,24842.25,24911.25,24824.75,24908.0,15430.0
2026-02-12 18:45:00+00:00,24907.75,24929.75,24876.0,24905.5,13572.0
2026-02-12 19:00:00+00:00,24906.25,24923.75,24846.5,24868.5,13352.0
2026-02-12 19:15:00+00:00,24868.25,24928.0,24866.25,24871.75,15352.0
2026-02-12 19:30:00+00:00,24870.75,24938.0,24870.5,24915.5,13221.0
2026-02-12 19:45:00+00:00,24915.75,24943.75,24884.25,24898.5,14880.0
2026-02-12 20:00:00+00:00,24899.75,24912.75,24843.25,24871.5,13011.0
2026-02-12 20:15:00+00:00,24872.0,24873.5,24797.0,24805.5,14179.0
2026-02-12 20:30:00+00:00,24804.5,24834.5,24783.0,24804.0,15288.0
2026-02-12 20:45:00+00:00,24803.5,24808.25,24721.5,24762.75,39058.0
2026-02-12 21:00:00+00:00,24765.25,24806.75,24743.75,24804.5,13675.0
2026-02-12 21:15:00+00:00,24804.25,24823.25,24797.25,24823.25,3143.0
2026-02-12 21:30:00+00:00,24823.25,24833.75,24819.5,24823.75,2908.0
2026-02-12 21:45:00+00:00,24824.25,24839.75,24817.75,24822.0,2190.0
2026-02-12 23:00:00+00:00,24842.25,24849.0,24797.75,24835.75,1746.0
2026-02-12 23:15:00+00:00,24835.5,24856.75,24822.25,24841.0,2004.0
2026-02-12 23:30:00+00:00,24842.25,24849.5,24744.75,24787.5,5466.0
2026-02-12 23:45:00+00:00,24787.25,24835.25,24777.5,24824.0,1980.0
2026-02-13 00:00:00+00:00,24820.0,24864.75,24801.5,24843.75,3011.0
2026-02-13 00:15:00+00:00,24845.75,24847.0,24765.5,24781.5,4427.0
2026-02-13 00:30:00+00:00,24781.25,24796.0,24740.5,24742.75,3106.0
2026-02-13 00:45:00+00:00,24742.5,24755.25,24709.75,24731.25,4617.0
2026-02-13 01:00:00+00:00,24731.25,24816.5,24730.25,24806.25,3436.0
2026-02-13 01:15:00+00:00,24806.0,24820.0,24770.5,24796.75,3680.0
2026-02-13 01:30:00+00:00,24796.75,24812.25,24780.75,24795.5,2058.0
2026-02-13 01:45:00+00:00,24794.75,24821.25,24765.0,24787.0,2457.0
2026-02-13 02:00:00+00:00,24786.75,24825.5,24786.25,24819.5,2004.0
2026-02-13 02:15:00+00:00,24820.0,24820.5,24794.0,24813.0,1396.0
2026-02-13 02:30:00+00:00,24813.75,24832.25,24804.0,24806.5,1385.0
2026-02-13 02:45:00+00:00,24806.25,24810.5,24794.0,24802.75,960.0
2026-02-13 03:00:00+00:00,24803.75,24820.75,24797.25,24803.0,679.0
2026-02-13 03:15:00+00:00,24803.5,24808.75,24769.5,24776.25,1327.0
2026-02-13 03:30:00+00:00,24775.5,24796.5,24774.25,24782.75,829.0
2026-02-13 03:45:00+00:00,24783.25,24787.25,24745.25,24750.25,1216.0
2026-02-13 04:00:00+00:00,24750.5,24768.75,24744.5,24768.75,845.0
2026-02-13 04:15:00+00:00,24769.0,24802.5,24768.75,24784.0,1136.0
2026-02-13 04:30:00+00:00,24783.5,24787.75,24758.25,24760.5,819.0
2026-02-13 04:45:00+00:00,24760.0,24768.0,24753.0,24762.5,768.0
2026-02-13 05:00:00+00:00,24759.0,24767.25,24749.75,24750.5,997.0
2026-02-13 05:15:00+00:00,24750.25,24753.5,24704.75,24707.0,2223.0
2026-02-13 05:30:00+00:00,24707.5,24729.75,24690.75,24712.5,2312.0
2026-02-13 05:45:00+00:00,24712.0,24736.75,24697.75,24712.5,1495.0
2026-02-13 06:00:00+00:00,24711.75,24731.0,24704.75,24718.75,1256.0
2026-02-13 06:15:00+00:00,24720.75,24731.0,24677.5,24686.5,2354.0
2026-02-13 06:30:00+00:00,24686.75,24688.5,24642.25,24664.25,2920.0
2026-02-13 06:45:00+00:00,24665.5,24724.5,24656.5,24714.25,1980.0
2026-02-13 07:00:00+00:00,24713.5,24744.75,24711.25,24736.0,2722.0
2026-02-13 07:15:00+00:00,24736.0,24762.25,24734.75,24738.5,1785.0
2026-02-13 07:30:00+00:00,24739.0,24747.0,24719.5,24726.75,1687.0
2026-02-13 07:45:00+00:00,24727.75,24750.5,24715.0,24747.0,1445.0
2026-02-13 08:00:00+00:00,24746.75,24776.0,24723.25,24732.25,3826.0
2026-02-13 08:15:00+00:00,24732.25,24748.0,24675.0,24744.75,3994.0
2026-02-13 08:30:00+00:00,24743.0,24760.5,24716.0,24747.75,2288.0
2026-02-13 08:45:00+00:00,24750.0,24785.5,24750.0,24775.25,2422.0
2026-02-13 09:00:00+00:00,24775.5,24779.25,24732.0,24756.75,2390.0
2026-02-13 09:15:00+00:00,24755.25,24807.0,24754.5,24795.5,2339.0
2026-02-13 09:30:00+00:00,24795.5,24805.5,24784.5,24789.25,2025.0
2026-02-13 09:45:00+00:00,24789.25,24808.0,24766.0,24774.0,2591.0
2026-02-13 10:00:00+00:00,24773.25,24790.25,24759.5,24785.5,1821.0
2026-02-13 10:15:00+00:00,24786.5,24799.5,24776.0,24788.25,1366.0
2026-02-13 10:30:00+00:00,24788.5,24793.25,24752.5,24758.75,1513.0
2026-02-13 10:45:00+00:00,24759.0,24768.25,24727.5,24729.75,2204.0
2026-02-13 11:00:00+00:00,24730.75,24738.5,24670.0,24672.25,4011.0
2026-02-13 11:15:00+00:00,24671.75,24696.0,24650.5,24665.5,4211.0
2026-02-13 11:30:00+00:00,24663.0,24701.0,24624.0,24672.75,4226.0
2026-02-13 11:45:00+00:00,24673.75,24723.0,24660.25,24721.25,2352.0
2026-02-13 12:00:00+00:00,24721.5,24745.75,24676.5,24684.5,3564.0
2026-02-13 12:15:00+00:00,24684.25,24724.5,24670.5,24708.0,2295.0
2026-02-13 12:30:00+00:00,24707.75,24730.5,24703.25,24722.5,1864.0
2026-02-13 12:45:00+00:00,24723.0,24734.75,24667.25,24695.5,4353.0
2026-02-13 13:00:00+00:00,24694.0,24719.25,24625.75,24631.5,6115.0
2026-02-13 13:15:00+00:00,24636.5,24719.0,24620.5,24706.25,6030.0
2026-02-13 13:30:00+00:00,24706.0,24823.25,24695.5,24775.25,17407.0
2026-02-13 13:45:00+00:00,24774.5,24812.25,24729.5,24781.5,9189.0
2026-02-13 14:00:00+00:00,24780.75,24820.0,24718.0,24742.25,8467.0
2026-02-13 14:15:00+00:00,24742.75,24756.5,24713.5,24742.0,8157.0
2026-02-13 14:30:00+00:00,24743.0,24799.75,24578.75,24716.0,63076.0
2026-02-13 14:45:00+00:00,24715.0,24849.5,24681.0,24698.25,51009.0
2026-02-13 15:00:00+00:00,24699.0,24834.0,24692.25,24759.25,33922.0
2026-02-13 15:15:00+00:00,24759.75,24870.5,24718.0,24848.5,27390.0
2026-02-13 15:30:00+00:00,24848.75,24928.5,24767.5,24773.5,25245.0
2026-02-13 15:45:00+00:00,24774.75,24846.0,24721.0,24810.25,21036.0
2026-02-13 16:00:00+00:00,24811.0,24888.75,24800.5,24840.5,16701.0
2026-02-13 16:15:00+00:00,24840.25,24869.25,24762.75,24851.25,16020.0
2026-02-13 16:30:00+00:00,24851.0,24892.5,24810.5,24889.25,12974.0
2026-02-13 16:45:00+00:00,24889.0,24934.5,24866.75,24894.5,12846.0
2026-02-13 17:00:00+00:00,24894.25,24959.75,24883.5,24952.0,11257.0
2026-02-13 17:15:00+00:00,24952.0,24969.75,24907.5,24950.0,11468.0
2026-02-13 17:30:00+00:00,24950.25,24993.5,24943.0,24965.5,9676.0
2026-02-13 17:45:00+00:00,24965.25,24982.5,24932.25,24938.25,10195.0
2026-02-13 18:00:00+00:00,24938.5,24962.5,24900.75,24943.5,11837.0
2026-02-13 18:15:00+00:00,24942.75,24991.5,24932.5,24954.75,10922.0
2026-02-13 18:30:00+00:00,24955.0,24995.5,24940.0,24948.75,8772.0
2026-02-13 18:45:00+00:00,24949.5,24984.0,24923.0,24939.75,9279.0
2026-02-13 19:00:00+00:00,24940.5,24965.75,24921.0,24947.25,8751.0
2026-02-13 19:15:00+00:00,24947.5,24968.5,24912.0,24924.0,8193.0
2026-02-13 19:30:00+00:00,24924.5,24949.25,24888.25,24908.5,10136.0
2026-02-13 19:45:00+00:00,24907.5,24935.0,24848.75,24852.75,11099.0
2026-02-13 20:00:00+00:00,24852.25,24890.5,24823.25,24824.0,10688.0
2026-02-13 20:15:00+00:00,24824.0,24853.0,24754.75,24764.75,14858.0
2026-02-13 20:30:00+00:00,24766.0,24786.25,24731.75,24750.0,21149.0
2026-02-13 20:45:00+00:00,24749.25,24812.0,24745.0,24802.75,28361.0
2026-02-13 21:00:00+00:00,24801.75,24828.0,24776.0,24798.75,10905.0
2026-02-13 21:15:00+00:00,24798.75,24801.25,24776.25,24781.75,2079.0
2026-02-13 21:30:00+00:00,24782.5,24795.0,24781.0,24782.75,1011.0
2026-02-13 21:45:00+00:00,24783.25,24791.5,24771.0,24773.5,1370.0
2026-02-15 23:15:00+00:00,24803.25,24803.25,24803.25,24803.25,0.0
2026-02-15 23:30:00+00:00,24819.0,24830.0,24796.5,24817.0,1142.0
2026-02-15 23:45:00+00:00,24819.5,24838.75,24793.25,24836.25,1052.0
2026-02-16 00:00:00+00:00,24831.75,24847.75,24810.5,24840.25,1415.0
2026-02-16 00:15:00+00:00,24842.0,24847.0,24825.75,24840.25,919.0
2026-02-16 00:30:00+00:00,24838.75,24849.25,24832.0,24833.0,561.0
2026-02-16 00:45:00+00:00,24832.25,24848.0,24827.25,24834.25,681.0
2026-02-16 01:00:00+00:00,24835.0,24847.0,24822.25,24833.25,857.0
2026-02-16 01:15:00+00:00,24832.5,24843.0,24831.75,24835.25,408.0
2026-02-16 01:30:00+00:00,24835.25,24843.0,24827.75,24837.75,490.0
2026-02-16 01:45:00+00:00,24836.5,24868.75,24831.75,24861.0,1004.0
2026-02-16 02:00:00+00:00,24860.5,24872.5,24838.25,24847.25,927.0
2026-02-16 02:15:00+00:00,24846.25,24853.75,24841.25,24844.25,534.0
2026-02-16 02:30:00+00:00,24845.0,24850.5,24838.0,24843.25,313.0
2026-02-16 02:45:00+00:00,24842.0,24844.5,24827.5,24832.0,524.0
2026-02-16 03:00:00+00:00,24832.75,24835.5,24823.5,24830.0,417.0
2026-02-16 03:15:00+00:00,24830.25,24836.5,24815.0,24817.5,718.0
2026-02-16 03:30:00+00:00,24817.0,24820.5,24808.25,24814.75,431.0
2026-02-16 03:45:00+00:00,24815.25,24825.25,24812.0,24823.5,337.0
2026-02-16 04:00:00+00:00,24824.25,24838.75,24822.5,24828.5,599.0
2026-02-16 04:15:00+00:00,24829.0,24839.75,24820.0,24836.75,356.0
2026-02-16 04:30:00+00:00,24837.0,24840.0,24822.75,24826.25,296.0
2026-02-16 04:45:00+00:00,24824.75,24834.0,24821.25,24826.0,197.0
2026-02-17 05:00:00+00:00,24623.75,24626.0,24599.25,24600.75,762.0
2026-02-17 05:15:00+00:00,24600.75,24604.25,24567.5,24598.5,1724.0
2026-02-17 05:30:00+00:00,24600.25,24602.5,24558.25,24598.25,1512.0
2026-02-17 05:45:00+00:00,24600.0,24611.25,24575.0,24582.75,1537.0
2026-02-17 06:00:00+00:00,24582.75,24633.75,24582.75,24620.0,1453.0
2026-02-17 06:15:00+00:00,24621.25,24625.75,24607.5,24610.25,698.0
2026-02-17 06:30:00+00:00,24610.25,24639.0,24602.0,24629.25,1381.0
2026-02-17 06:45:00+00:00,24629.5,24641.0,24619.75,24627.25,1008.0
2026-02-17 07:00:00+00:00,24628.0,24630.25,24596.5,24600.5,1147.0
2026-02-17 07:15:00+00:00,24600.0,24616.25,24584.5,24591.5,1457.0
2026-02-17 07:30:00+00:00,24594.75,24635.0,24584.0,24628.0,1555.0
2026-02-17 07:45:00+00:00,24628.0,24663.75,24622.25,24660.0,2307.0
2026-02-17 08:00:00+00:00,24659.75,24726.75,24651.5,24705.25,3826.0
2026-02-17 08:15:00+00:00,24705.0,24706.0,24674.25,24686.5,2026.0
2026-02-17 08:30:00+00:00,24686.25,24690.0,24636.5,24642.25,1960.0
2026-02-17 08:45:00+00:00,24642.5,24653.75,24623.75,24639.5,1783.0
2026-02-17 09:00:00+00:00,24641.25,24680.0,24636.75,24645.5,2646.0
2026-02-17 09:15:00+00:00,24641.75,24673.0,24637.0,24671.0,1275.0
2026-02-17 09:30:00+00:00,24673.0,24693.75,24667.25,24682.5,1324.0
2026-02-17 09:45:00+00:00,24684.25,24695.5,24672.0,24686.75,757.0
2026-02-17 10:00:00+00:00,24687.5,24697.5,24658.25,24661.5,836.0
2026-02-17 10:15:00+00:00,24663.25,24668.75,24647.0,24661.5,851.0
2026-02-17 10:30:00+00:00,24661.0,24661.0,24602.25,24608.25,2409.0
2026-02-17 10:45:00+00:00,24607.25,24624.5,24590.0,24607.5,1458.0
2026-02-17 11:00:00+00:00,24606.75,24623.0,24586.0,24599.75,1483.0
2026-02-17 11:15:00+00:00,24599.75,24619.25,24572.25,24618.75,2118.0
2026-02-17 11:30:00+00:00,24618.75,24629.75,24600.25,24612.0,1319.0
2026-02-17 11:45:00+00:00,24612.0,24638.0,24606.75,24623.75,1253.0
2026-02-17 12:00:00+00:00,24622.75,24666.75,24609.25,24651.0,2091.0
2026-02-17 12:15:00+00:00,24652.75,24659.75,24616.5,24619.0,1598.0
2026-02-17 12:30:00+00:00,24620.25,24621.0,24596.75,24607.0,1521.0
2026-02-17 12:45:00+00:00,24607.5,24610.25,24577.75,24584.5,1996.0
2026-02-17 13:00:00+00:00,24584.25,24590.75,24518.0,24548.75,5594.0
2026-02-17 13:15:00+00:00,24549.0,24622.5,24535.0,24605.0,5673.0
2026-02-17 13:30:00+00:00,24607.75,24610.5,24577.0,24600.5,2561.0
2026-02-17 13:45:00+00:00,24602.0,24705.25,24578.0,24612.0,10035.0
2026-02-17 14:00:00+00:00,24613.0,24671.25,24611.5,24650.5,4699.0
2026-02-17 14:15:00+00:00,24651.25,24669.5,24633.0,24658.25,4273.0
2026-02-17 14:30:00+00:00,24659.25,24815.75,24606.5,24700.75,42983.0
2026-02-17 14:45:00+00:00,24701.25,24711.5,24475.0,24485.75,42278.0
2026-02-17 15:00:00+00:00,24483.75,24571.5,24462.25,24498.75,29224.0
2026-02-17 15:15:00+00:00,24499.25,24641.0,24495.5,24527.5,30229.0
2026-02-17 15:30:00+00:00,24526.0,24543.25,24449.25,24511.25,28281.0
2026-02-17 15:45:00+00:00,24512.0,24603.75,24503.75,24600.25,26271.0
2026-02-17 16:00:00+00:00,24599.25,24787.0,24593.25,24773.75,24452.0
2026-02-17 16:15:00+00:00,24773.25,24796.75,24722.25,24727.75,21151.0
2026-02-17 16:30:00+00:00,24726.5,24780.0,24693.25,24735.25,17827.0
2026-02-17 16:45:00+00:00,24734.75,24788.0,24721.75,24759.25,12534.0
2026-02-17 17:00:00+00:00,24759.0,24764.5,24685.5,24702.75,10502.0
2026-02-17 17:15:00+00:00,24701.5,24756.0,24668.5,24755.0,10862.0
2026-02-17 17:30:00+00:00,24755.75,24759.25,24646.5,24649.5,13201.0
2026-02-17 17:45:00+00:00,24648.5,24706.0,24608.75,24697.5,17323.0
2026-02-17 18:00:00+00:00,24698.0,24704.0,24649.25,24673.25,11827.0
2026-02-17 18:15:00+00:00,24673.25,24785.25,24651.75,24768.25,17467.0
2026-02-17 18:30:00+00:00,24768.25,24854.75,24750.5,24826.0,14785.0
2026-02-17 18:45:00+00:00,24825.75,24874.75,24812.75,24845.0,11598.0
2026-02-17 19:00:00+00:00,24845.5,24863.5,24826.5,24851.75,11306.0
2026-02-17 19:15:00+00:00,24851.25,24867.25,24832.0,24836.25,10644.0
2026-02-17 19:30:00+00:00,24836.5,24889.75,24828.75,24873.0,10656.0
2026-02-17 19:45:00+00:00,24872.5,24875.5,24807.75,24815.0,10420.0
2026-02-17 20:00:00+00:00,24815.0,24841.75,24795.0,24811.75,11466.0
2026-02-17 20:15:00+00:00,24812.0,24818.25,24765.75,24773.5,13922.0
2026-02-17 20:30:00+00:00,24773.0,24795.75,24735.75,24782.25,14411.0
2026-02-17 20:45:00+00:00,24782.25,24786.75,24739.5,24776.75,23189.0
2026-02-17 21:00:00+00:00,24776.75,24795.25,24765.5,24777.5,7606.0
2026-02-17 21:15:00+00:00,24777.75,24818.5,24777.75,24789.0,5639.0
2026-02-17 21:30:00+00:00,24787.0,24788.75,24755.25,24766.75,2943.0
2026-02-17 21:45:00+00:00,24766.5,24775.0,24757.75,24768.25,1279.0
2026-02-17 23:00:00+00:00,24773.75,24783.25,24728.0,24737.0,1068.0
2026-02-17 23:15:00+00:00,24737.5,24761.75,24723.5,24743.5,1361.0
2026-02-17 23:30:00+00:00,24744.5,24755.5,24713.75,24725.5,1992.0
2026-02-17 23:45:00+00:00,24724.5,24730.0,24700.75,24711.0,1489.0
2026-02-18 00:00:00+00:00,24711.25,24750.0,24708.5,24746.0,1699.0
2026-02-18 00:15:00+00:00,24748.5,24754.75,24711.25,24738.75,1709.0
2026-02-18 00:30:00+00:00,24739.75,24752.75,24729.25,24735.75,1409.0
2026-02-18 00:45:00+00:00,24736.25,24738.5,24714.0,24727.0,1691.0
2026-02-18 01:00:00+00:00,24724.75,24732.0,24709.5,24718.5,1733.0
2026-02-18 01:15:00+00:00,24717.5,24742.0,24713.5,24718.25,762.0
2026-02-18 01:30:00+00:00,24721.0,24732.0,24709.5,24730.0,683.0
2026-02-18 01:45:00+00:00,24730.25,24746.25,24716.75,24744.5,716.0
2026-02-18 02:00:00+00:00,24745.75,24762.0,24742.75,24756.25,840.0
2026-02-18 02:15:00+00:00,24756.5,24761.25,24736.0,24749.25,647.0
2026-02-18 02:30:00+00:00,24749.25,24769.75,24749.25,24764.5,786.0
2026-02-18 02:45:00+00:00,24764.5,24770.75,24754.0,24758.0,592.0
2026-02-18 03:00:00+00:00,24758.75,24770.0,24743.5,24747.0,629.0
2026-02-18 03:15:00+00:00,24747.5,24750.0,24736.5,24747.5,663.0
2026-02-18 03:30:00+00:00,24747.75,24769.5,24746.0,24765.5,523.0
2026-02-18 03:45:00+00:00,24765.75,24798.75,24765.25,24794.25,1261.0
2026-02-18 04:00:00+00:00,24794.0,24814.0,24783.25,24802.75,1300.0
2026-02-18 04:15:00+00:00,24803.5,24818.25,24796.75,24813.5,697.0
2026-02-18 04:30:00+00:00,24812.75,24840.0,24811.0,24836.75,1353.0
2026-02-18 04:45:00+00:00,24837.5,24838.75,24827.25,24837.0,735.0
2026-02-18 05:00:00+00:00,24828.0,24834.0,24825.25,24833.75,664.0
2026-02-18 05:15:00+00:00,24833.0,24840.0,24829.25,24830.75,362.0
2026-02-18 05:30:00+00:00,24831.0,24847.0,24827.0,24830.25,554.0
2026-02-18 05:45:00+00:00,24830.0,24833.25,24820.0,24825.5,585.0
2026-02-18 06:00:00+00:00,24826.0,24829.0,24809.0,24817.75,808.0
2026-02-18 06:15:00+00:00,24816.25,24830.75,24815.5,24824.75,815.0
2026-02-18 06:30:00+00:00,24824.75,24841.25,24812.5,24839.5,893.0
2026-02-18 06:45:00+00:00,24838.75,24846.75,24823.5,24823.5,605.0
2026-02-18 07:00:00+00:00,24823.0,24828.75,24806.5,24812.0,695.0
2026-02-18 07:15:00+00:00,24811.0,24823.0,24802.0,24822.25,602.0
2026-02-18 07:30:00+00:00,24822.25,24839.75,24819.75,24839.75,812.0
2026-02-18 07:45:00+00:00,24839.75,24842.0,24826.0,24834.75,588.0
2026-02-18 08:00:00+00:00,24833.5,24880.0,24833.5,24865.5,3416.0
2026-02-18 08:15:00+00:00,24865.25,24915.25,24864.0,24895.5,4102.0
2026-02-18 08:30:00+00:00,24896.5,24916.0,24890.0,24896.0,1787.0
2026-02-18 08:45:00+00:00,24897.25,24909.75,24890.0,24903.5,1406.0
2026-02-18 09:00:00+00:00,24903.25,24926.75,24899.75,24914.75,2118.0
2026-02-18 09:15:00+00:00,24914.5,24925.25,24903.0,24919.75,1149.0
2026-02-18 09:30:00+00:00,24920.0,24941.5,24917.0,24936.25,1657.0
2026-02-18 09:45:00+00:00,24937.0,24938.0,24905.5,24909.0,1585.0
2026-02-18 10:00:00+00:00,24910.0,24938.0,24908.0,24931.75,1732.0
2026-02-18 10:15:00+00:00,24931.0,24937.75,24924.5,24933.0,557.0
2026-02-18 10:30:00+00:00,24933.75,24940.5,24917.0,24925.5,1181.0
2026-02-18 10:45:00+00:00,24925.75,24931.75,24913.75,24921.75,1281.0
2026-02-18 11:00:00+00:00,24921.75,24928.0,24896.5,24903.5,1079.0
2026-02-18 11:15:00+00:00,24902.5,24926.75,24902.0,24907.5,1054.0
2026-02-18 11:30:00+00:00,24907.5,24916.5,24889.75,24894.75,1657.0
2026-02-18 11:45:00+00:00,24894.5,24905.75,24890.0,24895.0,1020.0
2026-02-18 12:00:00+00:00,24894.5,24960.0,24894.25,24958.0,4992.0
2026-02-18 12:15:00+00:00,24957.75,24962.5,24899.5,24900.75,2797.0
2026-02-18 12:30:00+00:00,24902.0,24903.75,24844.0,24884.5,4370.0
2026-02-18 12:45:00+00:00,24884.25,24896.75,24866.0,24889.5,2023.0
2026-02-18 13:00:00+00:00,24890.5,24899.75,24867.75,24889.5,1994.0
2026-02-18 13:15:00+00:00,24889.25,24901.25,24867.0,24895.25,2479.0
2026-02-18 13:30:00+00:00,24896.0,24921.75,24834.5,24847.75,5378.0
2026-02-18 13:45:00+00:00,24849.0,24854.0,24817.25,24828.0,4306.0
2026-02-18 14:00:00+00:00,24828.75,24842.0,24808.5,24832.25,3392.0
2026-02-18 14:15:00+00:00,24832.25,24848.25,24809.0,24809.0,4599.0
2026-02-18 14:30:00+00:00,24809.5,24868.75,24752.0,24850.5,49207.0
2026-02-18 14:45:00+00:00,24850.75,24958.5,24792.0,24940.0,38095.0
2026-02-18 15:00:00+00:00,24940.75,25049.5,24937.5,25042.0,33852.0
2026-02-18 15:15:00+00:00,25043.0,25074.0,25032.75,25058.0,20711.0
2026-02-18 15:30:00+00:00,25057.25,25081.25,25021.5,25064.75,15874.0
2026-02-18 15:45:00+00:00,25064.75,25099.75,25052.25,25086.75,14196.0
2026-02-18 16:00:00+00:00,25086.5,25115.75,25082.0,25098.25,11617.0
2026-02-18 16:15:00+00:00,25098.75,25109.75,25077.25,25093.5,10353.0
2026-02-18 16:30:00+00:00,25094.0,25117.25,25086.5,25104.25,9776.0
2026-02-18 16:45:00+00:00,25104.5,25110.75,25057.5,25061.5,12648.0
2026-02-18 17:00:00+00:00,25061.25,25128.25,25058.75,25083.25,15370.0
2026-02-18 17:15:00+00:00,25083.0,25114.25,25079.75,25090.0,7619.0
2026-02-18 17:30:00+00:00,25089.5,25102.25,25069.75,25079.25,7732.0
2026-02-18 17:45:00+00:00,25079.0,25114.25,25075.5,25098.25,7699.0
2026-02-18 18:00:00+00:00,25097.75,25127.25,25079.5,25083.5,8311.0
2026-02-18 18:15:00+00:00,25083.5,25092.75,25051.0,25063.0,8991.0
2026-02-18 18:30:00+00:00,25063.25,25076.75,25009.5,25029.5,12046.0
2026-02-18 18:45:00+00:00,25029.25,25048.5,24981.75,25027.5,12466.0
2026-02-18 19:00:00+00:00,25025.75,25036.75,25005.25,25008.75,10835.0
2026-02-18 19:15:00+00:00,25008.5,25023.5,24985.25,24991.75,11124.0
2026-02-18 19:30:00+00:00,24992.5,25000.25,24913.25,24925.5,19561.0
2026-02-18 19:45:00+00:00,24926.0,24951.5,24862.0,24883.0,15688.0
2026-02-18 20:00:00+00:00,24884.0,24920.75,24865.0,24877.0,13980.0
2026-02-18 20:15:00+00:00,24876.75,24892.0,24856.0,24875.5,12402.0
2026-02-18 20:30:00+00:00,24875.5,24951.75,24870.75,24942.0,13636.0
2026-02-18 20:45:00+00:00,24942.5,24998.0,24936.0,24957.5,27079.0
2026-02-18 21:00:00+00:00,24957.5,24967.0,24932.0,24944.25,9163.0
2026-02-18 21:15:00+00:00,24943.75,24944.25,24928.75,24938.75,1694.0
2026-02-18 21:30:00+00:00,24938.25,24947.75,24937.0,24944.25,1102.0
2026-02-18 21:45:00+00:00,24944.0,24950.75,24926.5,24936.5,1391.0
2026-02-18 23:00:00+00:00,24943.5,24995.0,24942.25,24991.25,1010.0
2026-02-18 23:15:00+00:00,24991.75,24993.75,24966.5,24980.75,1185.0
2026-02-18 23:30:00+00:00,24982.0,24989.0,24967.75,24972.5,896.0
2026-02-18 23:45:00+00:00,24971.0,24986.0,24962.25,24964.5,1006.0
2026-02-19 00:00:00+00:00,24964.5,24974.0,24943.5,24953.25,1385.0
2026-02-19 00:15:00+00:00,24954.25,24958.5,24916.25,24925.0,1855.0
2026-02-19 00:30:00+00:00,24927.5,24951.25,24921.0,24933.5,1020.0
2026-02-19 00:45:00+00:00,24934.75,24948.5,24930.75,24948.0,774.0
2026-02-19 01:00:00+00:00,24946.75,24994.5,24939.75,24992.0,1716.0
2026-02-19 01:15:00+00:00,24989.5,24994.25,24959.0,24961.5,1317.0
2026-02-19 01:30:00+00:00,24962.0,24971.25,24937.75,24953.25,986.0
2026-02-19 01:45:00+00:00,24952.5,24973.5,24939.25,24972.5,993.0
2026-02-19 02:00:00+00:00,24972.75,24978.5,24953.5,24972.0,983.0
2026-02-19 02:15:00+00:00,24974.0,24985.25,24969.5,24982.5,586.0
2026-02-19 02:30:00+00:00,24983.25,24985.25,24970.0,24981.25,451.0
2026-02-19 02:45:00+00:00,24981.75,24988.25,24970.0,24978.75,582.0
2026-02-19 03:00:00+00:00,24980.0,24990.0,24975.5,24984.25,515.0
2026-02-19 03:15:00+00:00,24985.0,24996.75,24979.0,24995.5,619.0
2026-02-19 03:30:00+00:00,24994.5,24999.5,24970.5,24978.25,780.0
2026-02-19 03:45:00+00:00,24978.0,24988.0,24966.0,24984.0,680.0
2026-02-19 04:00:00+00:00,24985.5,24992.75,24982.25,24988.75,443.0
2026-02-19 04:15:00+00:00,24987.5,24994.25,24973.0,24973.5,520.0
2026-02-19 04:30:00+00:00,24974.0,24983.25,24969.0,24973.0,415.0
2026-02-19 04:45:00+00:00,24972.5,24975.25,24953.5,24956.0,572.0
2026-02-19 05:00:00+00:00,24947.5,24957.5,24944.0,24956.5,770.0
2026-02-19 05:15:00+00:00,24956.5,24975.5,24954.75,24973.5,574.0
2026-02-19 05:30:00+00:00,24973.25,24988.25,24973.0,24983.25,623.0
2026-02-19 05:45:00+00:00,24982.5,25005.5,24982.25,24996.5,906.0
2026-02-19 06:00:00+00:00,24996.0,25004.0,24988.25,24995.25,701.0
2026-02-19 06:15:00+00:00,24994.5,24999.75,24989.5,24998.75,330.0
2026-02-19 06:30:00+00:00,24998.25,25016.5,24998.0,25003.5,1438.0
2026-02-19 06:45:00+00:00,25003.75,25023.5,24997.0,25018.5,728.0
2026-02-19 07:00:00+00:00,25019.5,25029.0,25008.0,25026.0,920.0
2026-02-19 07:15:00+00:00,25024.75,25045.0,25019.0,25041.25,922.0
2026-02-19 07:30:00+00:00,25041.25,25047.25,25023.5,25031.0,915.0
2026-02-19 07:45:00+00:00,25030.75,25037.75,25018.25,25020.75,776.0
2026-02-19 08:00:00+00:00,25019.75,25042.5,25011.75,25032.0,1676.0
2026-02-19 08:15:00+00:00,25030.5,25054.0,25030.0,25039.25,1491.0
2026-02-19 08:30:00+00:00,25040.0,25049.0,25005.0,25010.25,1710.0
2026-02-19 08:45:00+00:00,25009.5,25010.25,24946.0,24954.25,2731.0
2026-02-19 09:00:00+00:00,24955.0,24973.0,24941.5,24968.0,1889.0
2026-02-19 09:15:00+00:00,24966.5,24972.25,24928.75,24933.75,2043.0
2026-02-19 09:30:00+00:00,24934.5,24948.5,24892.25,24898.25,2768.0
2026-02-19 09:45:00+00:00,24899.25,24901.5,24850.5,24894.25,3140.0
2026-02-19 10:00:00+00:00,24892.5,24902.75,24836.0,24838.5,3572.0
2026-02-19 10:15:00+00:00,24838.0,24868.75,24831.25,24840.25,1945.0
2026-02-19 10:30:00+00:00,24839.75,24865.0,24825.0,24859.5,2480.0
2026-02-19 10:45:00+00:00,24859.5,24870.25,24838.0,24854.25,1669.0
2026-02-19 11:00:00+00:00,24855.0,24878.0,24836.25,24870.5,1538.0
2026-02-19 11:15:00+00:00,24871.25,24882.75,24857.75,24874.25,1295.0
2026-02-19 11:30:00+00:00,24874.5,24885.75,24861.0,24869.0,1024.0
2026-02-19 11:45:00+00:00,24867.5,24881.0,24843.75,24878.5,1607.0
2026-02-19 12:00:00+00:00,24877.75,24880.5,24815.0,24860.25,3269.0
2026-02-19 12:15:00+00:00,24860.25,24897.0,24848.0,24880.75,1910.0
2026-02-19 12:30:00+00:00,24879.5,24895.5,24865.25,24891.0,1737.0
2026-02-19 12:45:00+00:00,24890.5,24895.0,24867.0,24868.0,1453.0
2026-02-19 13:00:00+00:00,24869.0,24878.0,24843.5,24850.0,1937.0
2026-02-19 13:15:00+00:00,24850.75,24855.25,24810.5,24831.75,2996.0
2026-02-19 13:30:00+00:00,24832.0,24881.0,24798.0,24849.5,5902.0
2026-02-19 13:45:00+00:00,24849.0,24880.75,24836.0,24853.5,3174.0
2026-02-19 14:00:00+00:00,24855.0,24866.0,24828.0,24848.25,3457.0
2026-02-19 14:15:00+00:00,24848.75,24874.0,24830.0,24833.75,5615.0
2026-02-19 14:30:00+00:00,24833.75,24883.5,24763.0,24846.0,42396.0
2026-02-19 14:45:00+00:00,24847.0,24920.0,24777.0,24881.5,29669.0
2026-02-19 15:00:00+00:00,24880.0,24956.5,24848.25,24877.25,28701.0
2026-02-19 15:15:00+00:00,24877.5,24930.75,24856.0,24858.5,20029.0
2026-02-19 15:30:00+00:00,24858.5,24944.5,24849.0,24920.25,17065.0
2026-02-19 15:45:00+00:00,24921.0,24932.5,24862.25,24924.25,14734.0
2026-02-19 16:00:00+00:00,24925.0,24933.75,24852.25,24906.75,14127.0
2026-02-19 16:15:00+00:00,24907.75,24959.5,24872.5,24872.75,16982.0
2026-02-19 16:30:00+00:00,24874.25,24921.0,24839.75,24842.75,13994.0
2026-02-19 16:45:00+00:00,24842.0,24873.0,24801.25,24843.75,17269.0
2026-02-19 17:00:00+00:00,24844.25,24853.0,24810.0,24845.5,10762.0
2026-02-19 17:15:00+00:00,24846.0,24904.75,24826.0,24860.0,11759.0
2026-02-19 17:30:00+00:00,24859.0,24871.0,24835.75,24840.0,8921.0
2026-02-19 17:45:00+00:00,24841.75,24843.5,24764.75,24780.0,16429.0
2026-02-19 18:00:00+00:00,24779.5,24839.25,24767.0,24831.5,11232.0
2026-02-19 18:15:00+00:00,24831.25,24833.0,24749.0,24788.75,15009.0
2026-02-19 18:30:00+00:00,24787.5,24803.75,24766.0,24785.75,9748.0
2026-02-19 18:45:00+00:00,24783.75,24849.0,24783.0,24842.0,9843.0
2026-02-19 19:00:00+00:00,24840.75,24846.5,24813.75,24823.75,7876.0
2026-02-19 19:15:00+00:00,24824.25,24849.25,24794.75,24809.0,6815.0
2026-02-19 19:30:00+00:00,24808.75,24825.5,24756.0,24773.5,10437.0
2026-02-19 19:45:00+00:00,24773.25,24792.75,24751.5,24782.0,9949.0
2026-02-19 20:00:00+00:00,24781.25,24820.75,24781.0,24795.25,8848.0
2026-02-19 20:15:00+00:00,24795.5,24809.5,24777.5,24788.5,7883.0
2026-02-19 20:30:00+00:00,24787.0,24817.25,24783.0,24807.75,7773.0
2026-02-19 20:45:00+00:00,24808.5,24866.0,24804.75,24863.5,21570.0
2026-02-19 21:00:00+00:00,24863.5,24871.5,24851.25,24852.75,8374.0
2026-02-19 21:15:00+00:00,24852.0,24870.0,24831.75,24848.5,3303.0
2026-02-19 21:30:00+00:00,24848.75,24848.75,24829.0,24829.75,1874.0
2026-02-19 21:45:00+00:00,24829.25,24841.0,24828.75,24836.0,1337.0
2026-02-19 23:00:00+00:00,24837.75,24853.0,24826.0,24844.5,832.0
2026-02-19 23:15:00+00:00,24845.25,24867.25,24845.25,24859.5,1011.0
2026-02-19 23:30:00+00:00,24860.25,24889.25,24859.0,24872.25,1116.0
2026-02-19 23:45:00+00:00,24872.25,24885.25,24865.25,24877.25,951.0
2026-02-20 00:00:00+00:00,24878.25,24894.0,24858.5,24889.75,1471.0
2026-02-20 00:15:00+00:00,24887.5,24896.5,24859.0,24890.0,2230.0
2026-02-20 00:30:00+00:00,24889.5,24912.5,24889.25,24897.75,1850.0
2026-02-20 00:45:00+00:00,24897.5,24908.25,24897.5,24901.0,917.0
2026-02-20 01:00:00+00:00,24901.5,24936.0,24897.75,24933.0,1864.0
2026-02-20 01:15:00+00:00,24931.0,24931.5,24906.75,24921.75,1590.0
2026-02-20 01:30:00+00:00,24917.0,24925.75,24898.25,24900.5,1005.0
2026-02-20 01:45:00+00:00,24900.0,24919.0,24892.0,24906.75,1448.0
2026-02-20 02:00:00+00:00,24908.25,24934.0,24891.75,24893.75,1787.0
2026-02-20 02:15:00+00:00,24894.25,24901.75,24884.25,24888.5,1175.0
2026-02-20 02:30:00+00:00,24889.75,24907.5,24888.5,24889.75,924.0
2026-02-20 02:45:00+00:00,24889.75,24902.25,24878.0,24897.0,861.0
2026-02-20 03:00:00+00:00,24897.75,24908.75,24894.25,24904.5,664.0
2026-02-20 03:15:00+00:00,24905.75,24911.0,24900.0,24902.0,414.0
2026-02-20 03:30:00+00:00,24902.5,24906.0,24889.0,24890.5,502.0
2026-02-20 03:45:00+00:00,24890.5,24902.75,24888.25,24891.0,449.0
2026-02-20 04:00:00+00:00,24889.25,24912.5,24885.5,24912.0,931.0
2026-02-20 04:15:00+00:00,24912.5,24913.75,24893.25,24903.5,559.0
2026-02-20 04:30:00+00:00,24903.0,24903.25,24893.25,24902.0,429.0
2026-02-20 04:45:00+00:00,24902.75,24909.0,24896.75,24898.5,376.0
2026-02-20 05:00:00+00:00,24907.25,24916.25,24906.25,24907.5,772.0
2026-02-20 05:15:00+00:00,24907.75,24926.0,24904.75,24925.25,579.0
2026-02-20 05:30:00+00:00,24926.0,24946.25,24925.0,24936.5,1409.0
2026-02-20 05:45:00+00:00,24936.25,24948.5,24932.5,24943.0,810.0
2026-02-20 06:00:00+00:00,24944.0,24953.75,24940.0,24953.25,699.0
2026-02-20 06:15:00+00:00,24953.0,24956.0,24943.75,24945.25,514.0
2026-02-20 06:30:00+00:00,24944.5,24945.25,24933.25,24937.0,536.0
2026-02-20 06:45:00+00:00,24936.75,24944.25,24930.75,24943.0,599.0
2026-02-20 07:00:00+00:00,24942.75,24954.5,24938.0,24948.0,901.0
2026-02-20 07:15:00+00:00,24948.5,24952.5,24939.0,24941.75,909.0
2026-02-20 07:30:00+00:00,24940.25,24945.75,24923.5,24937.5,1117.0
2026-02-20 07:45:00+00:00,24937.75,24938.5,24907.5,24921.5,1140.0
2026-02-20 08:00:00+00:00,24921.25,24935.25,24906.0,24911.25,1648.0
2026-02-20 08:15:00+00:00,24911.25,24931.0,24896.75,24929.25,1117.0
2026-02-20 08:30:00+00:00,24929.5,24931.5,24898.0,24921.5,1194.0
2026-02-20 08:45:00+00:00,24922.5,24942.5,24917.0,24936.75,841.0
2026-02-20 09:00:00+00:00,24936.5,24962.0,24932.5,24959.25,1847.0
2026-02-20 09:15:00+00:00,24961.0,24984.75,24959.25,24976.25,2108.0
2026-02-20 09:30:00+00:00,24975.0,24982.0,24950.5,24958.0,1275.0
2026-02-20 09:45:00+00:00,24959.5,24960.0,24931.75,24937.25,1072.0
2026-02-20 10:00:00+00:00,24935.75,24945.0,24923.5,24940.5,1008.0
2026-02-20 10:15:00+00:00,24940.75,24946.75,24919.75,24927.25,979.0
2026-02-20 10:30:00+00:00,24927.5,24937.25,24917.25,24924.75,727.0
2026-02-20 10:45:00+00:00,24925.5,24936.25,24900.75,24902.0,1199.0
2026-02-20 11:00:00+00:00,24902.5,24902.5,24840.75,24868.75,3649.0
2026-02-20 11:15:00+00:00,24866.5,24885.75,24856.0,24879.25,1343.0
2026-02-20 11:30:00+00:00,24878.0,24888.0,24850.0,24861.0,1276.0
2026-02-20 11:45:00+00:00,24862.5,24863.25,24811.25,24830.5,2927.0
2026-02-20 12:00:00+00:00,24829.0,24842.5,24805.0,24839.0,2642.0
2026-02-20 12:15:00+00:00,24840.25,24849.5,24799.25,24807.75,2582.0
2026-02-20 12:30:00+00:00,24807.5,24820.0,24791.0,24804.0,2362.0
2026-02-20 12:45:00+00:00,24802.75,24831.25,24792.0,24829.0,2518.0
2026-02-20 13:00:00+00:00,24828.0,24833.75,24816.0,24823.75,1844.0
2026-02-20 13:15:00+00:00,24825.0,24864.0,24824.25,24857.5,2907.0
2026-02-20 13:30:00+00:00,24856.0,24863.0,24724.75,24744.75,11265.0
2026-02-20 13:45:00+00:00,24745.25,24773.0,24722.5,24769.25,5704.0
2026-02-20 14:00:00+00:00,24769.75,24784.0,24728.0,24737.75,4629.0
2026-02-20 14:15:00+00:00,24737.0,24738.75,24696.75,24715.5,9504.0
2026-02-20 14:30:00+00:00,24715.25,24948.5,24678.5,24926.0,44498.0
2026-02-20 14:45:00+00:00,24926.0,24957.5,24852.0,24897.5,29618.0
2026-02-20 15:00:00+00:00,24900.5,25083.0,24858.25,24928.0,44835.0
2026-02-20 15:15:00+00:00,24928.0,25037.75,24860.75,24974.0,28562.0
2026-02-20 15:30:00+00:00,24974.5,25067.75,24908.0,25060.5,23982.0
2026-02-20 15:45:00+00:00,25061.0,25127.0,25026.0,25118.75,23189.0
2026-02-20 16:00:00+00:00,25118.25,25139.5,25070.25,25075.75,17084.0
2026-02-20 16:15:00+00:00,25078.0,25085.75,24975.5,24977.5,20421.0
2026-02-20 16:30:00+00:00,24977.5,25109.5,24967.25,25092.75,17561.0
2026-02-20 16:45:00+00:00,25092.5,25130.5,25089.0,25098.0,14810.0
2026-02-20 17:00:00+00:00,25098.5,25109.25,24980.75,24982.25,18345.0
2026-02-20 17:15:00+00:00,24982.75,24982.75,24879.25,24926.25,25844.0
2026-02-20 17:30:00+00:00,24926.75,24972.75,24912.0,24963.0,18143.0
2026-02-20 17:45:00+00:00,24962.75,25043.75,24941.0,25034.25,16922.0
2026-02-20 18:00:00+00:00,25034.25,25045.5,24991.75,25003.25,12738.0
2026-02-20 18:15:00+00:00,25003.25,25004.0,24929.25,24964.75,16229.0
2026-02-20 18:30:00+00:00,24966.25,25076.25,24928.0,25071.0,23359.0
2026-02-20 18:45:00+00:00,25070.5,25122.25,25047.0,25097.75,15894.0
2026-02-20 19:00:00+00:00,25098.5,25118.75,25059.25,25062.75,10091.0
2026-02-20 19:15:00+00:00,25062.75,25085.5,25037.25,25052.75,8564.0
2026-02-20 19:30:00+00:00,25054.0,25077.5,25034.25,25038.5,7034.0
2026-02-20 19:45:00+00:00,25039.25,25063.75,25018.0,25023.0,7588.0
2026-02-20 20:00:00+00:00,25023.0,25077.25,25016.0,25067.5,9140.0
2026-02-20 20:15:00+00:00,25066.75,25069.5,25014.25,25020.25,6865.0
2026-02-20 20:30:00+00:00,25021.25,25060.5,25018.0,25059.5,7406.0
2026-02-20 20:45:00+00:00,25059.5,25079.25,25035.0,25074.0,20876.0
2026-02-20 21:00:00+00:00,25075.0,25088.0,25064.25,25078.5,10516.0
2026-02-20 21:15:00+00:00,25078.5,25078.5,25066.5,25068.5,1358.0
2026-02-20 21:30:00+00:00,25067.75,25079.25,25066.5,25074.0,1137.0
2026-02-20 21:45:00+00:00,25074.5,25081.0,25067.5,25067.5,1181.0
2026-02-22 23:00:00+00:00,25031.0,25055.25,25030.0,25051.75,454.0
2026-02-22 23:15:00+00:00,25049.75,25057.75,24968.25,24980.0,3202.0
2026-02-22 23:30:00+00:00,24979.5,24990.0,24936.5,24940.5,3243.0
2026-02-22 23:45:00+00:00,24941.5,24983.0,24936.75,24971.0,2602.0
2026-02-23 00:00:00+00:00,24970.0,24971.0,24927.5,24933.5,3035.0
2026-02-23 00:15:00+00:00,24934.5,24950.5,24884.0,24907.75,3183.0
2026-02-23 00:30:00+00:00,24906.75,24907.75,24877.0,24883.75,2502.0
2026-02-23 00:45:00+00:00,24883.25,24900.0,24848.5,24852.75,3386.0
2026-02-23 01:00:00+00:00,24853.75,24876.0,24839.25,24864.0,4303.0
2026-02-23 01:15:00+00:00,24863.5,24882.75,24852.5,24858.75,2854.0
2026-02-23 01:30:00+00:00,24858.75,24874.0,24842.25,24873.25,2162.0
2026-02-23 01:45:00+00:00,24872.75,24881.75,24832.5,24844.25,2715.0
2026-02-23 02:00:00+00:00,24844.25,24857.25,24815.0,24818.0,3156.0
2026-02-23 02:15:00+00:00,24818.0,24840.0,24808.0,24832.0,2045.0
2026-02-23 02:30:00+00:00,24831.75,24845.0,24828.5,24839.5,1537.0
2026-02-23 02:45:00+00:00,24839.0,24842.5,24831.5,24839.0,751.0
2026-02-23 03:00:00+00:00,24839.5,24863.5,24839.5,24849.0,1775.0
2026-02-23 03:15:00+00:00,24848.75,24850.0,24815.25,24833.5,1909.0
2026-02-23 03:30:00+00:00,24833.5,24839.5,24813.25,24838.75,1578.0
2026-02-23 03:45:00+00:00,24838.5,24844.0,24830.25,24841.75,535.0
2026-02-23 04:00:00+00:00,24842.5,24853.0,24828.0,24843.5,974.0
2026-02-23 04:15:00+00:00,24842.0,24842.25,24821.25,24830.5,731.0
2026-02-23 04:30:00+00:00,24831.25,24839.5,24811.0,24824.0,934.0
2026-02-23 04:45:00+00:00,24825.0,24833.75,24819.5,24828.25,579.0
2026-02-23 05:00:00+00:00,24833.5,24835.0,24816.25,24820.0,745.0
2026-02-23 05:15:00+00:00,24819.25,24828.25,24807.25,24827.75,1015.0
2026-02-23 05:30:00+00:00,24827.0,24843.25,24822.75,24835.25,1270.0
2026-02-23 05:45:00+00:00,24835.25,24844.25,24824.75,24838.25,787.0
2026-02-23 06:00:00+00:00,24838.5,24854.75,24832.25,24854.25,806.0
2026-02-23 06:15:00+00:00,24853.0,24854.5,24843.75,24847.25,516.0
2026-02-23 06:30:00+00:00,24845.5,24864.5,24841.0,24857.5,869.0
2026-02-23 06:45:00+00:00,24858.0,24869.5,24853.0,24867.0,647.0
2026-02-23 07:00:00+00:00,24868.5,24913.75,24863.25,24909.75,2634.0
2026-02-23 07:15:00+00:00,24910.25,24914.75,24894.0,24903.75,1713.0
2026-02-23 07:30:00+00:00,24901.5,24911.0,24891.75,24908.0,895.0
2026-02-23 07:45:00+00:00,24907.0,24912.0,24897.5,24898.0,715.0
2026-02-23 08:00:00+00:00,24898.75,24913.5,24877.5,24904.25,1970.0
2026-02-23 08:15:00+00:00,24906.0,24907.25,24887.0,24899.0,843.0
2026-02-23 08:30:00+00:00,24900.25,24905.75,24878.25,24883.25,1118.0
2026-02-23 08:45:00+00:00,24884.75,24934.5,24883.75,24929.75,1920.0
2026-02-23 09:00:00+00:00,24931.0,24998.5,24930.75,24994.5,3503.0
2026-02-23 09:15:00+00:00,24995.25,24996.25,24973.0,24994.25,1821.0
2026-02-23 09:30:00+00:00,24994.5,25004.0,24975.0,24996.25,1766.0
2026-02-23 09:45:00+00:00,24997.0,25000.5,24980.0,24983.5,996.0
2026-02-23 10:00:00+00:00,24985.5,25002.75,24980.0,24991.25,983.0
2026-02-23 10:15:00+00:00,24991.5,24992.0,24945.0,24970.0,2566.0
2026-02-23 10:30:00+00:00,24969.5,24985.75,24959.0,24977.25,1129.0
2026-02-23 10:45:00+00:00,24977.25,24977.75,24962.75,24969.5,753.0
2026-02-23 11:00:00+00:00,24970.75,24980.0,24959.5,24977.0,836.0
2026-02-23 11:15:00+00:00,24977.75,24987.25,24964.75,24967.75,813.0
2026-02-23 11:30:00+00:00,24967.75,24970.0,24945.75,24948.25,1073.0
2026-02-23 11:45:00+00:00,24948.25,24951.0,24907.25,24929.5,2259.0
2026-02-23 12:00:00+00:00,24928.25,24943.5,24910.0,24920.5,1928.0
2026-02-23 12:15:00+00:00,24920.5,24921.5,24901.25,24910.25,1615.0
2026-02-23 12:30:00+00:00,24910.25,24924.0,24883.75,24922.0,2230.0
2026-02-23 12:45:00+00:00,24920.5,24926.75,24893.0,24904.75,2020.0
2026-02-23 13:00:00+00:00,24903.75,24938.0,24887.25,24917.0,2574.0
2026-02-23 13:15:00+00:00,24916.25,24936.25,24912.5,24926.75,1923.0
2026-02-23 13:30:00+00:00,24927.25,24950.5,24910.0,24950.25,2924.0
2026-02-23 13:45:00+00:00,24949.75,24954.5,24926.5,24934.75,3109.0
2026-02-23 14:00:00+00:00,24935.0,24961.25,24931.5,24960.5,2516.0
2026-02-23 14:15:00+00:00,24961.0,24982.5,24937.75,24981.25,5538.0
2026-02-23 14:30:00+00:00,24981.0,25040.0,24879.0,24881.75,47141.0
2026-02-23 14:45:00+00:00,24881.0,24965.25,24857.75,24913.75,30761.0
2026-02-23 15:00:00+00:00,24913.25,24952.25,24840.5,24873.75,30259.0
2026-02-23 15:15:00+00:00,24874.5,24930.0,24857.5,24871.5,21150.0
2026-02-23 15:30:00+00:00,24871.0,24900.5,24816.25,24828.75,20688.0
2026-02-23 15:45:00+00:00,24829.0,24852.0,24738.75,24743.25,26315.0
2026-02-23 16:00:00+00:00,24743.25,24757.0,24668.0,24683.0,30182.0
2026-02-23 16:15:00+00:00,24683.0,24781.75,24668.0,24778.0,21698.0
2026-02-23 16:30:00+00:00,24777.75,24789.25,24748.75,24764.25,13912.0
2026-02-23 16:45:00+00:00,24765.0,24770.0,24727.5,24734.75,12800.0
2026-02-23 17:00:00+00:00,24735.0,24763.75,24725.25,24733.25,11246.0
2026-02-23 17:15:00+00:00,24732.75,24761.5,24732.0,24743.0,7973.0
2026-02-23 17:30:00+00:00,24742.5,24745.75,24677.5,24701.0,14964.0
2026-02-23 17:45:00+00:00,24701.5,24755.5,24693.75,24744.75,13426.0
2026-02-23 18:00:00+00:00,24744.5,24788.5,24739.0,24784.0,9614.0
2026-02-23 18:15:00+00:00,24784.5,24820.25,24780.0,24810.5,11767.0
2026-02-23 18:30:00+00:00,24810.5,24819.75,24776.75,24785.0,10422.0
2026-02-23 18:45:00+00:00,24785.75,24801.75,24720.0,24727.5,13373.0
2026-02-23 19:00:00+00:00,24727.75,24755.0,24721.75,24743.25,10328.0
2026-02-23 19:15:00+00:00,24741.75,24753.25,24708.75,24714.25,8699.0
2026-02-23 19:30:00+00:00,24714.25,24730.25,24683.75,24698.25,11112.0
2026-02-23 19:45:00+00:00,24698.0,24716.0,24684.75,24692.0,10701.0
2026-02-23 20:00:00+00:00,24692.0,24705.75,24678.75,24685.5,10365.0
2026-02-23 20:15:00+00:00,24685.0,24714.75,24684.5,24706.5,9775.0
2026-02-23 20:30:00+00:00,24707.0,24751.5,24704.5,24730.75,13310.0
2026-02-23 20:45:00+00:00,24730.5,24772.75,24710.75,24768.0,30252.0
2026-02-23 21:00:00+00:00,24769.25,24786.75,24758.0,24781.5,11656.0
2026-02-23 21:15:00+00:00,24781.75,24783.5,24770.0,24779.5,1776.0
2026-02-23 21:30:00+00:00,24779.25,24791.25,24778.25,24784.5,1179.0
2026-02-23 21:45:00+00:00,24784.75,24796.5,24777.0,24786.25,1596.0
2026-02-23 23:00:00+00:00,24788.0,24815.0,24767.0,24795.75,1514.0
2026-02-23 23:15:00+00:00,24798.75,24806.75,24784.25,24806.75,1145.0
2026-02-23 23:30:00+00:00,24805.75,24826.75,24802.5,24812.75,1514.0
2026-02-23 23:45:00+00:00,24811.0,24818.0,24784.75,24788.0,1703.0
2026-02-24 00:00:00+00:00,24789.0,24811.25,24782.0,24800.0,2291.0
2026-02-24 00:15:00+00:00,24799.5,24818.5,24773.5,24781.25,1919.0
2026-02-24 00:30:00+00:00,24780.75,24807.0,24776.75,24805.0,1072.0
2026-02-24 00:45:00+00:00,24805.0,24823.5,24800.0,24816.0,1415.0
2026-02-24 01:00:00+00:00,24815.5,24818.25,24795.25,24804.5,1330.0
2026-02-24 01:15:00+00:00,24805.5,24829.0,24795.0,24821.0,1674.0
2026-02-24 01:30:00+00:00,24820.5,24835.5,24798.75,24827.75,1807.0
2026-02-24 01:45:00+00:00,24828.25,24829.25,24812.25,24822.0,786.0
2026-02-24 02:00:00+00:00,24822.0,24840.25,24816.75,24836.25,831.0
2026-02-24 02:15:00+00:00,24836.25,24868.0,24832.5,24862.5,1529.0
2026-02-24 02:30:00+00:00,24863.0,24879.0,24859.25,24864.25,1618.0
2026-02-24 02:45:00+00:00,24863.25,24874.0,24858.25,24869.75,964.0
2026-02-24 03:00:00+00:00,24869.75,24875.75,24866.75,24873.5,760.0
2026-02-24 03:15:00+00:00,24872.5,24884.25,24870.0,24878.25,1513.0
2026-02-24 03:30:00+00:00,24878.25,24880.5,24869.75,24874.25,649.0
2026-02-24 03:45:00+00:00,24873.75,24877.5,24868.75,24873.25,514.0
2026-02-24 04:00:00+00:00,24874.0,24880.75,24870.25,24874.75,533.0
2026-02-24 04:15:00+00:00,24874.25,24882.0,24865.75,24877.25,696.0
2026-02-24 04:30:00+00:00,24878.0,24884.0,24867.25,24871.25,629.0
2026-02-24 04:45:00+00:00,24872.25,24880.25,24870.25,24878.75,406.0
2026-02-24 05:00:00+00:00,24884.0,24886.5,24882.0,24882.0,842.0
2026-02-24 05:15:00+00:00,24882.75,24883.5,24854.5,24863.5,976.0
2026-02-24 05:30:00+00:00,24861.5,24861.5,24843.5,24855.75,820.0
2026-02-24 05:45:00+00:00,24854.0,24855.25,24825.75,24841.0,1276.0
2026-02-24 06:00:00+00:00,24840.5,24853.25,24834.75,24837.0,956.0
2026-02-24 06:15:00+00:00,24836.0,24850.0,24822.75,24832.75,873.0
2026-02-24 06:30:00+00:00,24832.75,24843.0,24824.0,24839.5,637.0
2026-02-24 06:45:00+00:00,24839.25,24844.0,24830.25,24837.75,411.0
2026-02-24 07:00:00+00:00,24837.5,24860.75,24835.25,24857.75,1177.0
2026-02-24 07:15:00+00:00,24858.25,24862.0,24846.0,24859.75,608.0
2026-02-24 07:30:00+00:00,24861.0,24868.5,24831.75,24835.25,774.0
2026-02-24 07:45:00+00:00,24835.5,24846.0,24830.5,24833.25,622.0
2026-02-24 08:00:00+00:00,24834.0,24834.0,24783.5,24793.25,3261.0
2026-02-24 08:15:00+00:00,24792.0,24817.5,24773.5,24807.25,2731.0
2026-02-24 08:30:00+00:00,24809.0,24821.25,24776.0,24787.5,1462.0
2026-02-24 08:45:00+00:00,24786.0,24797.75,24761.0,24791.75,1851.0
2026-02-24 09:00:00+00:00,24791.25,24838.5,24788.25,24837.5,2019.0
2026-02-24 09:15:00+00:00,24837.25,24843.0,24820.75,24825.25,1541.0
2026-02-24 09:30:00+00:00,24825.0,24830.0,24794.25,24828.5,1933.0
2026-02-24 09:45:00+00:00,24830.0,24848.0,24822.25,24846.5,1011.0
2026-02-24 10:00:00+00:00,24847.0,24865.5,24842.25,24842.5,1488.0
2026-02-24 10:15:00+00:00,24842.75,24848.5,24834.5,24840.0,1004.0
2026-02-24 10:30:00+00:00,24841.5,24847.0,24826.5,24843.75,963.0
2026-02-24 10:45:00+00:00,24843.5,24843.75,24825.75,24842.0,571.0
2026-02-24 11:00:00+00:00,24842.5,24853.25,24822.75,24824.5,1291.0
2026-02-24 11:15:00+00:00,24825.5,24832.75,24814.25,24822.25,1062.0
2026-02-24 11:30:00+00:00,24822.0,24828.25,24808.75,24819.0,1112.0
2026-02-24 11:45:00+00:00,24819.0,24834.0,24812.0,24833.0,1028.0
2026-02-24 12:00:00+00:00,24832.5,24902.25,24828.5,24872.25,6274.0
2026-02-24 12:15:00+00:00,24871.75,24873.5,24834.0,24840.75,2140.0
2026-02-24 12:30:00+00:00,24840.0,24847.25,24800.0,24819.5,3572.0
2026-02-24 12:45:00+00:00,24818.0,24824.0,24795.25,24816.25,2689.0
2026-02-24 13:00:00+00:00,24816.75,24841.25,24814.25,24827.0,3476.0
2026-02-24 13:15:00+00:00,24826.0,24858.5,24823.5,24857.0,2496.0
2026-02-24 13:30:00+00:00,24857.5,24876.75,24838.25,24871.75,2928.0
2026-02-24 13:45:00+00:00,24872.5,24892.0,24870.0,24877.25,3177.0
2026-02-24 14:00:00+00:00,24876.75,24878.75,24844.75,24852.75,3401.0
2026-02-24 14:15:00+00:00,24853.0,24854.5,24797.25,24804.75,5774.0
2026-02-24 14:30:00+00:00,24805.0,24913.0,24694.5,24910.75,53372.0
2026-02-24 14:45:00+00:00,24911.25,24964.25,24861.25,24877.25,38189.0
2026-02-24 15:00:00+00:00,24878.5,24923.75,24819.5,24865.75,28525.0
2026-02-24 15:15:00+00:00,24866.0,25014.5,24853.75,25011.75,27213.0
2026-02-24 15:30:00+00:00,25011.25,25031.0,24986.75,25017.25,22545.0
2026-02-24 15:45:00+00:00,25017.5,25019.5,24967.5,24976.5,13725.0
2026-02-24 16:00:00+00:00,24976.5,25047.25,24974.25,25033.75,16405.0
2026-02-24 16:15:00+00:00,25033.25,25040.75,24994.25,25014.25,12434.0
2026-02-24 16:30:00+00:00,25015.25,25016.25,24969.25,24989.25,14432.0
2026-02-24 16:45:00+00:00,24988.75,25040.75,24986.5,25028.75,12293.0
2026-02-24 17:00:00+00:00,25028.75,25076.25,25021.25,25055.25,14095.0
2026-02-24 17:15:00+00:00,25055.5,25074.25,25043.25,25060.75,8969.0
2026-02-24 17:30:00+00:00,25060.25,25070.0,25038.0,25042.0,7343.0
2026-02-24 17:45:00+00:00,25041.25,25064.0,25032.0,25046.0,7072.0
2026-02-24 18:00:00+00:00,25046.0,25078.75,25038.75,25043.0,9742.0
2026-02-24 18:15:00+00:00,25043.0,25045.0,25015.5,25019.25,8703.0
2026-02-24 18:30:00+00:00,25019.75,25051.0,25011.5,25038.75,9356.0
2026-02-24 18:45:00+00:00,25039.0,25044.25,25022.5,25030.0,5373.0
2026-02-24 19:00:00+00:00,25030.0,25037.25,25008.5,25015.0,6379.0
2026-02-24 19:15:00+00:00,25015.0,25015.5,24988.5,25002.75,8212.0
2026-02-24 19:30:00+00:00,25003.0,25030.5,25000.25,25018.75,6221.0
2026-02-24 19:45:00+00:00,25019.5,25060.25,25013.5,25021.5,11828.0
2026-02-24 20:00:00+00:00,25021.75,25028.75,25000.5,25004.5,7041.0
2026-02-24 20:15:00+00:00,25004.0,25024.75,24995.75,24998.75,9643.0
2026-02-24 20:30:00+00:00,24998.75,25032.0,24994.75,25030.25,9337.0
2026-02-24 20:45:00+00:00,25030.5,25072.0,25022.0,25029.5,27188.0
2026-02-24 21:00:00+00:00,25029.5,25037.0,25003.25,25019.5,10048.0
2026-02-24 21:15:00+00:00,25019.5,25027.75,25014.25,25023.75,1673.0
2026-02-24 21:30:00+00:00,25023.75,25028.75,25018.5,25018.5,1132.0
2026-02-24 21:45:00+00:00,25018.0,25022.5,25012.5,25016.25,1796.0
2026-02-24 23:00:00+00:00,25016.25,25030.25,24992.0,25020.0,908.0
2026-02-24 23:15:00+00:00,25019.0,25028.5,25009.25,25023.5,833.0
2026-02-24 23:30:00+00:00,25022.0,25038.0,25017.25,25033.0,759.0
2026-02-24 23:45:00+00:00,25030.0,25051.0,25027.5,25043.5,1216.0
2026-02-25 00:00:00+00:00,25044.5,25045.25,25028.25,25029.0,1116.0
2026-02-25 00:15:00+00:00,25028.75,25044.25,25021.25,25028.5,1193.0
2026-02-25 00:30:00+00:00,25029.0,25063.0,25018.5,25061.0,1464.0
2026-02-25 00:45:00+00:00,25061.25,25075.0,25047.5,25071.0,1942.0
2026-02-25 01:00:00+00:00,25071.25,25095.0,25061.5,25089.75,2467.0
2026-02-25 01:15:00+00:00,25090.0,25108.25,25071.5,25080.5,2557.0
2026-02-25 01:30:00+00:00,25079.5,25103.0,25073.0,25093.0,1387.0
2026-02-25 01:45:00+00:00,25094.0,25113.25,25092.25,25103.5,1511.0
2026-02-25 02:00:00+00:00,25103.0,25110.5,25091.25,25102.0,1129.0
2026-02-25 02:15:00+00:00,25102.75,25105.25,25082.25,25101.0,1318.0
2026-02-25 02:30:00+00:00,25102.0,25114.5,25092.75,25096.0,1504.0
2026-02-25 02:45:00+00:00,25096.0,25109.5,25092.0,25107.5,826.0
2026-02-25 03:00:00+00:00,25106.75,25109.5,25076.75,25080.0,1373.0
2026-02-25 03:15:00+00:00,25079.0,25082.5,25054.75,25069.5,1562.0
2026-02-25 03:30:00+00:00,25070.0,25076.5,24994.0,25058.0,4001.0
2026-02-25 03:45:00+00:00,25057.25,25081.25,25047.5,25066.75,1165.0
2026-02-25 04:00:00+00:00,25066.75,25067.75,25035.0,25042.0,1056.0
2026-02-25 04:15:00+00:00,25041.25,25054.0,25034.5,25054.0,895.0
2026-02-25 04:30:00+00:00,25053.5,25063.0,25053.0,25055.75,567.0
2026-02-25 04:45:00+00:00,25057.0,25061.0,25046.5,25049.25,486.0
2026-02-25 05:00:00+00:00,25059.0,25067.5,25051.5,25054.5,704.0
2026-02-25 05:15:00+00:00,25054.25,25055.5,25035.0,25041.25,656.0
2026-02-25 05:30:00+00:00,25042.0,25046.75,25030.75,25041.25,810.0
2026-02-25 05:45:00+00:00,25041.5,25057.25,25037.0,25040.75,748.0
2026-02-25 06:00:00+00:00,25041.5,25046.0,25032.0,25045.5,668.0
2026-02-25 06:15:00+00:00,25043.75,25058.75,25040.5,25041.0,727.0
2026-02-25 06:30:00+00:00,25040.0,25058.75,25036.5,25044.75,558.0
2026-02-25 06:45:00+00:00,25044.5,25046.5,25037.5,25041.75,462.0
2026-02-25 07:00:00+00:00,25043.0,25053.5,25035.0,25041.25,741.0
2026-02-25 07:15:00+00:00,25042.25,25048.25,25035.25,25041.75,437.0
2026-02-25 07:30:00+00:00,25040.25,25042.75,25017.5,25027.5,1078.0
2026-02-25 07:45:00+00:00,25027.0,25042.25,25026.25,25036.25,661.0
2026-02-25 08:00:00+00:00,25036.0,25077.5,25036.0,25056.75,2255.0
2026-02-25 08:15:00+00:00,25056.75,25090.0,25048.75,25075.0,1541.0
2026-02-25 08:30:00+00:00,25075.75,25080.25,25061.75,25076.25,899.0
2026-02-25 08:45:00+00:00,25076.25,25083.75,25064.0,25074.5,881.0
2026-02-25 09:00:00+00:00,25072.5,25087.25,25055.25,25081.0,1317.0
2026-02-25 09:15:00+00:00,25079.5,25082.75,25064.25,25068.5,882.0
2026-02-25 09:30:00+00:00,25070.0,25083.0,25064.0,25082.0,597.0
2026-02-25 09:45:00+00:00,25082.25,25087.75,25072.25,25082.5,991.0
2026-02-25 10:00:00+00:00,25082.75,25086.0,25066.25,25071.0,820.0
2026-02-25 10:15:00+00:00,25072.25,25082.5,25065.5,25076.25,961.0
2026-02-25 10:30:00+00:00,25077.25,25094.75,25073.0,25087.75,755.0
2026-02-25 10:45:00+00:00,25087.5,25088.25,25067.25,25073.25,757.0
2026-02-25 11:00:00+00:00,25074.25,25081.25,25068.5,25079.75,566.0
2026-02-25 11:15:00+00:00,25079.5,25085.0,25071.25,25081.0,551.0
2026-02-25 11:30:00+00:00,25081.5,25110.25,25081.5,25108.75,1560.0
2026-02-25 11:45:00+00:00,25109.5,25128.5,25107.75,25124.75,1777.0
2026-02-25 12:00:00+00:00,25124.5,25131.5,25105.0,25112.0,1940.0
2026-02-25 12:15:00+00:00,25111.75,25150.0,25110.0,25133.25,3092.0
2026-02-25 12:30:00+00:00,25132.75,25143.0,25123.0,25130.5,1652.0
2026-02-25 12:45:00+00:00,25130.75,25146.75,25129.75,25138.5,1588.0
2026-02-25 13:00:00+00:00,25139.25,25153.0,25133.75,25149.25,1584.0
2026-02-25 13:15:00+00:00,25147.75,25148.75,25131.5,25143.0,1655.0
2026-02-25 13:30:00+00:00,25143.75,25144.25,25123.75,25134.75,2240.0
2026-02-25 13:45:00+00:00,25134.0,25165.75,25132.75,25150.25,2862.0
2026-02-25 14:00:00+00:00,25150.75,25177.5,25145.0,25156.25,6315.0
2026-02-25 14:15:00+00:00,25156.25,25164.25,25129.75,25160.75,7764.0
2026-02-25 14:30:00+00:00,25160.5,25279.0,25156.75,25271.25,37153.0
2026-02-25 14:45:00+00:00,25272.25,25353.25,25271.0,25344.0,30305.0
2026-02-25 15:00:00+00:00,25343.25,25361.75,25303.25,25309.0,19774.0
2026-02-25 15:15:00+00:00,25308.0,25340.75,25282.75,25334.25,20525.0
2026-02-25 15:30:00+00:00,25334.0,25341.5,25284.5,25298.0,16728.0
2026-02-25 15:45:00+00:00,25298.0,25314.5,25264.5,25295.25,15733.0
2026-02-25 16:00:00+00:00,25295.25,25310.75,25283.5,25299.25,11617.0
2026-02-25 16:15:00+00:00,25298.75,25304.75,25282.75,25300.75,9530.0
2026-02-25 16:30:00+00:00,25300.5,25327.5,25293.25,25320.5,10235.0
2026-02-25 16:45:00+00:00,25320.75,25333.25,25313.75,25316.5,8251.0
2026-02-25 17:00:00+00:00,25316.75,25341.0,25310.5,25339.0,8592.0
2026-02-25 17:15:00+00:00,25339.25,25339.75,25319.5,25321.25,5045.0
2026-02-25 17:30:00+00:00,25321.0,25340.75,25315.0,25333.75,6559.0
2026-02-25 17:45:00+00:00,25334.0,25355.0,25330.5,25352.25,8053.0
2026-02-25 18:00:00+00:00,25352.75,25358.0,25341.25,25344.75,5889.0
2026-02-25 18:15:00+00:00,25344.5,25346.0,25336.5,25339.25,4050.0
2026-02-25 18:30:00+00:00,25339.5,25354.0,25334.25,25350.75,4213.0
2026-02-25 18:45:00+00:00,25351.0,25356.0,25347.75,25350.5,2921.0
2026-02-25 19:00:00+00:00,25350.25,25374.0,25349.5,25365.75,6404.0
2026-02-25 19:15:00+00:00,25366.0,25378.0,25364.0,25371.0,4521.0
2026-02-25 19:30:00+00:00,25371.25,25378.5,25365.75,25366.25,4278.0
2026-02-25 19:45:00+00:00,25366.0,25375.5,25364.25,25368.75,3590.0
2026-02-25 20:00:00+00:00,25368.5,25376.5,25364.75,25370.75,4086.0
2026-02-25 20:15:00+00:00,25370.75,25374.0,25359.5,25366.75,5764.0
2026-02-25 20:30:00+00:00,25366.75,25384.0,25352.0,25374.0,11458.0
2026-02-25 20:45:00+00:00,25374.0,25396.5,25369.0,25383.25,23857.0
2026-02-25 21:00:00+00:00,25383.75,25407.0,25371.25,25391.75,10618.0
2026-02-25 21:15:00+00:00,25391.0,25423.75,25370.0,25395.5,2850.0
2026-02-25 21:30:00+00:00,25395.5,25494.75,25382.0,25459.0,12171.0
2026-02-25 21:45:00+00:00,25460.0,25471.5,25436.25,25461.75,4778.0
2026-02-25 23:00:00+00:00,25388.25,25418.25,25365.5,25380.5,1826.0
2026-02-25 23:15:00+00:00,25380.0,25392.75,25361.25,25383.5,1899.0
2026-02-25 23:30:00+00:00,25383.5,25387.5,25274.75,25309.25,5108.0
2026-02-25 23:45:00+00:00,25308.25,25333.25,25301.5,25317.25,2754.0
2026-02-26 00:00:00+00:00,25315.75,25338.0,25304.5,25331.5,2759.0
2026-02-26 00:15:00+00:00,25331.75,25340.0,25318.25,25337.0,1721.0
2026-02-26 00:30:00+00:00,25337.75,25341.5,25302.0,25309.25,2246.0
2026-02-26 00:45:00+00:00,25309.75,25324.25,25308.0,25315.75,1420.0
2026-02-26 01:00:00+00:00,25316.25,25320.0,25288.75,25311.5,2462.0
2026-02-26 01:15:00+00:00,25312.25,25314.75,25273.75,25274.25,2300.0
2026-02-26 01:30:00+00:00,25273.75,25313.0,25264.75,25307.5,1936.0
2026-02-26 01:45:00+00:00,25308.0,25319.75,25304.75,25316.25,1043.0
2026-02-26 02:00:00+00:00,25315.5,25319.25,25291.0,25293.5,1266.0
2026-02-26 02:15:00+00:00,25294.75,25312.0,25294.75,25300.25,849.0
2026-02-26 02:30:00+00:00,25300.0,25303.5,25288.75,25294.5,778.0
2026-02-26 02:45:00+00:00,25294.75,25309.5,25294.75,25308.0,642.0
2026-02-26 03:00:00+00:00,25306.75,25312.25,25294.75,25301.25,679.0
2026-02-26 03:15:00+00:00,25301.5,25311.25,25300.25,25306.0,492.0
2026-02-26 03:30:00+00:00,25305.25,25323.5,25303.75,25313.0,806.0
2026-02-26 03:45:00+00:00,25312.25,25318.25,25298.5,25301.75,689.0
2026-02-26 04:00:00+00:00,25300.5,25310.5,25295.75,25301.0,789.0
2026-02-26 04:15:00+00:00,25300.75,25304.25,25295.25,25298.75,496.0
2026-02-26 04:30:00+00:00,25299.5,25305.75,25293.25,25300.25,485.0
2026-02-26 04:45:00+00:00,25299.75,25306.25,25296.75,25299.25,321.0
2026-02-26 05:00:00+00:00,25286.0,25293.75,25283.5,25285.25,1000.0
2026-02-26 05:15:00+00:00,25285.0,25303.75,25283.5,25295.75,629.0
2026-02-26 05:30:00+00:00,25295.5,25300.0,25291.75,25297.5,481.0
2026-02-26 05:45:00+00:00,25299.0,25309.75,25295.5,25308.0,649.0
2026-02-26 06:00:00+00:00,25308.0,25333.0,25307.0,25333.0,1196.0
2026-02-26 06:15:00+00:00,25333.0,25333.5,25316.75,25320.0,708.0
2026-02-26 06:30:00+00:00,25319.0,25340.5,25316.75,25334.75,1089.0
2026-02-26 06:45:00+00:00,25335.5,25345.0,25322.25,25327.5,1018.0
2026-02-26 07:00:00+00:00,25327.25,25351.0,25326.25,25347.5,1397.0
2026-02-26 07:15:00+00:00,25346.75,25355.75,25328.75,25341.25,997.0
2026-02-26 07:30:00+00:00,25341.0,25361.5,25339.25,25360.5,1034.0
2026-02-26 07:45:00+00:00,25360.0,25364.75,25345.5,25347.25,1110.0
2026-02-26 08:00:00+00:00,25348.0,25367.25,25344.0,25365.0,1619.0
2026-02-26 08:15:00+00:00,25365.5,25392.25,25363.0,25372.0,2418.0
2026-02-26 08:30:00+00:00,25372.75,25375.0,25350.0,25355.75,998.0
2026-02-26 08:45:00+00:00,25353.5,25360.0,25343.25,25350.0,1230.0
2026-02-26 09:00:00+00:00,25349.75,25372.0,25346.0,25372.0,1137.0
2026-02-26 09:15:00+00:00,25372.75,25380.25,25364.0,25379.75,1253.0
2026-02-26 09:30:00+00:00,25379.25,25398.5,25375.25,25393.5,1271.0
2026-02-26 09:45:00+00:00,25394.0,25401.5,25377.25,25378.5,1461.0
2026-02-26 10:00:00+00:00,25379.25,25388.25,25373.75,25383.0,754.0
2026-02-26 10:15:00+00:00,25383.5,25385.5,25362.25,25363.5,906.0
2026-02-26 10:30:00+00:00,25363.5,25373.25,25353.25,25368.0,914.0
2026-02-26 10:45:00+00:00,25369.25,25369.25,25347.5,25356.5,979.0
2026-02-26 11:00:00+00:00,25357.5,25363.25,25345.25,25356.5,830.0
2026-02-26 11:15:00+00:00,25354.25,25369.5,25350.0,25365.0,774.0
2026-02-26 11:30:00+00:00,25362.75,25370.0,25356.25,25356.75,729.0
2026-02-26 11:45:00+00:00,25357.5,25369.5,25350.75,25362.0,1036.0
2026-02-26 12:00:00+00:00,25361.75,25379.0,25360.25,25365.0,1092.0
2026-02-26 12:15:00+00:00,25364.25,25389.0,25363.25,25386.75,1173.0
2026-02-26 12:30:00+00:00,25386.75,25390.75,25369.25,25387.25,1187.0
2026-02-26 12:45:00+00:00,25386.25,25386.75,25370.0,25374.0,988.0
2026-02-26 13:00:00+00:00,25372.75,25380.0,25361.25,25377.5,1481.0
2026-02-26 13:15:00+00:00,25377.25,25399.25,25373.0,25398.25,2453.0
2026-02-26 13:30:00+00:00,25398.25,25402.75,25386.0,25387.25,2425.0
2026-02-26 13:45:00+00:00,25387.5,25415.25,25380.5,25383.75,3782.0
2026-02-26 14:00:00+00:00,25383.0,25398.75,25367.0,25378.25,3374.0
2026-02-26 14:15:00+00:00,25377.75,25384.75,25341.0,25342.5,5739.0
2026-02-26 14:30:00+00:00,25341.25,25342.0,25224.5,25266.5,48081.0
2026-02-26 14:45:00+00:00,25265.25,25266.0,25181.25,25193.0,34336.0
2026-02-26 15:00:00+00:00,25193.5,25210.75,25064.0,25066.25,36353.0
2026-02-26 15:15:00+00:00,25067.0,25067.25,24885.0,24932.25,47650.0
2026-02-26 15:30:00+00:00,24933.0,25000.75,24861.75,24989.5,34362.0
2026-02-26 15:45:00+00:00,24989.5,25026.75,24979.25,24998.75,22992.0
2026-02-26 16:00:00+00:00,24999.5,25051.0,24985.5,25047.0,18045.0
2026-02-26 16:15:00+00:00,25047.5,25085.5,25027.75,25058.75,14776.0
2026-02-26 16:30:00+00:00,25058.75,25070.0,24997.0,25001.5,16062.0
2026-02-26 16:45:00+00:00,25001.75,25029.5,24954.25,24963.5,16910.0
2026-02-26 17:00:00+00:00,24963.75,25009.25,24960.0,24966.5,10733.0
2026-02-26 17:15:00+00:00,24967.0,24977.5,24953.0,24968.0,9041.0
2026-02-26 17:30:00+00:00,24966.75,25008.0,24942.25,24944.5,11373.0
2026-02-26 17:45:00+00:00,24944.25,24953.5,24912.0,24934.75,11409.0
2026-02-26 18:00:00+00:00,24935.25,24939.0,24888.75,24908.25,12772.0
2026-02-26 18:15:00+00:00,24908.0,24935.75,24890.5,24919.75,10204.0
2026-02-26 18:30:00+00:00,24918.75,25014.0,24908.25,24999.5,16796.0
2026-02-26 18:45:00+00:00,24999.75,25030.75,24977.25,25001.5,9693.0
2026-02-26 19:00:00+00:00,25002.0,25072.0,24988.25,25059.5,11560.0
2026-02-26 19:15:00+00:00,25059.75,25086.25,25040.25,25048.25,11456.0
2026-02-26 19:30:00+00:00,25048.75,25078.25,25039.5,25063.5,7706.0
2026-02-26 19:45:00+00:00,25064.25,25099.0,25061.25,25063.0,9946.0
2026-02-26 20:00:00+00:00,25062.75,25094.75,25036.75,25037.25,10153.0
2026-02-26 20:15:00+00:00,25037.0,25053.5,25024.0,25029.75,9212.0
2026-02-26 20:30:00+00:00,25028.75,25072.75,25027.5,25065.25,9736.0
2026-02-26 20:45:00+00:00,25065.25,25086.75,25040.25,25083.25,23318.0
2026-02-26 21:00:00+00:00,25082.75,25090.0,25058.0,25070.0,9400.0
2026-02-26 21:15:00+00:00,25070.0,25075.5,25062.25,25068.0,1896.0
2026-02-26 21:30:00+00:00,25068.25,25072.0,25047.5,25050.5,2010.0
2026-02-26 21:45:00+00:00,25049.5,25052.0,25024.75,25028.0,2756.0
2026-02-26 23:00:00+00:00,25024.25,25030.0,24955.0,25017.25,2822.0
2026-02-26 23:15:00+00:00,25018.5,25038.0,25010.0,25022.0,2391.0
2026-02-26 23:30:00+00:00,25023.25,25023.5,24984.75,24990.25,2005.0
2026-02-26 23:45:00+00:00,24991.25,25004.0,24975.0,24995.25,2023.0
2026-02-27 00:00:00+00:00,24995.0,25021.25,24981.25,25011.75,2258.0
2026-02-27 00:15:00+00:00,25010.5,25026.5,24994.0,24999.0,1606.0
2026-02-27 00:30:00+00:00,24998.5,25003.25,24958.0,24960.25,2187.0
2026-02-27 00:45:00+00:00,24960.0,24996.25,24954.75,24986.0,2119.0
2026-02-27 01:00:00+00:00,24986.0,25006.0,24975.75,25003.5,1865.0
2026-02-27 01:15:00+00:00,25003.75,25018.25,24986.75,24989.0,1815.0
2026-02-27 01:30:00+00:00,24987.25,25006.5,24972.75,24976.25,2059.0
2026-02-27 01:45:00+00:00,24976.0,25003.5,24971.0,24991.75,1153.0
2026-02-27 02:00:00+00:00,24994.5,25017.25,24985.25,24999.0,1612.0
2026-02-27 02:15:00+00:00,24998.5,25019.0,24997.75,25016.25,787.0
2026-02-27 02:30:00+00:00,25015.0,25016.5,24993.5,25006.75,1151.0
2026-02-27 02:45:00+00:00,25007.25,25033.25,25002.75,25031.75,1055.0
2026-02-27 03:00:00+00:00,25032.0,25036.0,25024.0,25026.75,896.0
2026-02-27 03:15:00+00:00,25027.25,25032.25,25011.25,25015.0,852.0
2026-02-27 03:30:00+00:00,25015.0,25023.5,25001.75,25017.75,911.0
2026-02-27 03:45:00+00:00,25017.25,25034.25,25011.75,25024.75,711.0
2026-02-27 04:00:00+00:00,25026.5,25036.25,25023.0,25024.25,829.0
2026-02-27 04:15:00+00:00,25024.75,25030.0,25012.0,25027.5,569.0
2026-02-27 04:30:00+00:00,25027.25,25034.5,25017.25,25032.5,720.0
2026-02-27 04:45:00+00:00,25032.25,25032.25,25020.5,25021.5,239.0
2026-02-27 05:00:00+00:00,25041.0,25047.25,25033.0,25046.75,885.0
2026-02-27 05:15:00+00:00,25045.75,25057.25,25045.0,25055.5,836.0
2026-02-27 05:30:00+00:00,25055.25,25059.5,25048.0,25054.5,563.0
2026-02-27 05:45:00+00:00,25055.75,25061.0,25035.5,25039.5,756.0
2026-02-27 06:00:00+00:00,25040.0,25046.25,25010.25,25014.5,1079.0
2026-02-27 06:15:00+00:00,25015.0,25018.25,24991.75,25006.0,1256.0
2026-02-27 06:30:00+00:00,25004.25,25036.75,25003.0,25031.25,1002.0
2026-02-27 06:45:00+00:00,25032.5,25037.25,25022.0,25032.0,573.0
2026-02-27 07:00:00+00:00,25033.0,25054.75,25032.75,25047.75,1183.0
2026-02-27 07:15:00+00:00,25046.0,25073.25,25045.5,25071.0,1167.0
2026-02-27 07:30:00+00:00,25070.5,25075.0,25061.25,25071.0,1032.0
2026-02-27 07:45:00+00:00,25071.5,25079.0,25063.75,25074.5,887.0
2026-02-27 08:00:00+00:00,25072.5,25089.75,25045.75,25048.0,2152.0
2026-02-27 08:15:00+00:00,25047.5,25071.25,25038.25,25056.0,1654.0
2026-02-27 08:30:00+00:00,25057.25,25076.5,25046.25,25057.0,1081.0
2026-02-27 08:45:00+00:00,25056.25,25070.75,25052.5,25067.25,888.0
2026-02-27 09:00:00+00:00,25067.75,25088.75,25050.5,25081.0,1942.0
2026-02-27 09:15:00+00:00,25080.75,25098.75,25067.5,25078.5,2340.0
2026-02-27 09:30:00+00:00,25078.0,25078.5,25030.0,25031.0,1606.0
2026-02-27 09:45:00+00:00,25031.0,25047.5,25024.5,25029.25,1730.0
2026-02-27 10:00:00+00:00,25030.0,25032.75,24966.75,24987.75,3085.0
2026-02-27 10:15:00+00:00,24987.5,25021.75,24987.25,25017.75,1965.0
2026-02-27 10:30:00+00:00,25017.5,25045.0,25017.0,25035.75,2351.0
2026-02-27 10:45:00+00:00,25035.75,25035.75,24984.75,25001.25,1970.0
2026-02-27 11:00:00+00:00,25000.25,25012.75,24986.25,24994.25,1336.0
2026-02-27 11:15:00+00:00,24994.25,25007.75,24986.75,24991.0,1746.0
2026-02-27 11:30:00+00:00,24991.0,25002.5,24928.75,24938.25,2970.0
2026-02-27 11:45:00+00:00,24939.25,24958.75,24931.25,24954.0,2717.0
2026-02-27 12:00:00+00:00,24952.75,24979.5,24921.25,24976.75,3935.0
2026-02-27 12:15:00+00:00,24977.5,24994.0,24971.5,24973.75,1817.0
2026-02-27 12:30:00+00:00,24974.25,24985.5,24925.75,24928.0,2555.0
2026-02-27 12:45:00+00:00,24927.25,24938.0,24898.0,24921.75,4317.0
2026-02-27 13:00:00+00:00,24919.5,24942.75,24905.25,24910.5,3272.0
2026-02-27 13:15:00+00:00,24911.75,24924.0,24874.0,24880.25,4573.0
2026-02-27 13:30:00+00:00,24881.25,24883.25,24793.75,24839.75,13086.0
2026-02-27 13:45:00+00:00,24840.0,24879.25,24832.25,24870.5,7373.0
2026-02-27 14:00:00+00:00,24871.0,24878.0,24831.5,24844.75,4967.0
2026-02-27 14:15:00+00:00,24844.0,24844.75,24796.0,24814.25,9132.0
2026-02-27 14:30:00+00:00,24815.25,24909.0,24782.0,24844.25,40508.0
2026-02-27 14:45:00+00:00,24845.25,24938.5,24816.25,24880.0,29165.0
2026-02-27 15:00:00+00:00,24879.5,24993.5,24866.5,24953.25,25286.0
2026-02-27 15:15:00+00:00,24954.25,24997.5,24921.25,24971.25,18594.0
2026-02-27 15:30:00+00:00,24971.0,25007.25,24928.0,24998.5,15947.0
2026-02-27 15:45:00+00:00,24999.25,25017.25,24922.5,24982.75,18977.0
2026-02-27 16:00:00+00:00,24983.5,25021.5,24943.25,24988.0,15163.0
2026-02-27 16:15:00+00:00,24988.75,25013.75,24954.5,24968.0,12880.0
2026-02-27 16:30:00+00:00,24969.0,25009.75,24932.5,24936.0,12012.0
2026-02-27 16:45:00+00:00,24936.0,25005.75,24931.5,24968.75,12929.0
2026-02-27 17:00:00+00:00,24969.25,25036.75,24956.5,24960.75,13336.0
2026-02-27 17:15:00+00:00,24961.25,24967.25,24900.25,24952.75,15601.0
2026-02-27 17:30:00+00:00,24952.5,24994.0,24925.25,24933.75,15924.0
2026-02-27 17:45:00+00:00,24934.75,24953.75,24914.0,24945.5,8786.0
2026-02-27 18:00:00+00:00,24945.0,24955.25,24911.25,24914.25,7958.0
2026-02-27 18:15:00+00:00,24912.5,24920.0,24874.75,24911.0,10972.0
2026-02-27 18:30:00+00:00,24911.0,24931.25,24888.0,24912.0,8861.0
2026-02-27 18:45:00+00:00,24912.25,24924.0,24886.0,24902.75,8077.0
2026-02-27 19:00:00+00:00,24902.5,24963.0,24897.25,24909.25,11432.0
2026-02-27 19:15:00+00:00,24910.25,24922.0,24898.0,24906.75,6017.0
2026-02-27 19:30:00+00:00,24906.25,24919.5,24873.0,24887.0,8194.0
2026-02-27 19:45:00+00:00,24886.5,24904.25,24880.0,24895.25,5882.0
2026-02-27 20:00:00+00:00,24894.25,24968.75,24893.5,24968.75,11103.0
2026-02-27 20:15:00+00:00,24968.5,25004.5,24964.75,24978.75,12546.0
2026-02-27 20:30:00+00:00,24978.5,24985.75,24921.75,24935.5,14288.0
2026-02-27 20:45:00+00:00,24935.25,25022.75,24929.75,24998.25,36966.0
2026-02-27 21:00:00+00:00,24998.25,24998.75,24962.0,24976.5,12858.0
2026-02-27 21:15:00+00:00,24976.75,24980.25,24939.25,24960.5,4240.0
2026-02-27 21:30:00+00:00,24961.25,24978.25,24959.25,24962.5,2430.0
2026-02-27 21:45:00+00:00,24963.25,25004.75,24942.25,25004.75,1982.0
2026-03-01 23:00:00+00:00,24785.5,24815.0,24767.75,24777.0,1186.0
2026-03-01 23:15:00+00:00,24775.5,24801.25,24751.0,24765.25,3277.0
2026-03-01 23:30:00+00:00,24764.75,24776.25,24714.5,24771.25,3589.0
2026-03-01 23:45:00+00:00,24771.25,24779.25,24725.25,24742.0,2945.0
2026-03-02 00:00:00+00:00,24739.25,24778.5,24723.0,24758.5,3372.0
2026-03-02 00:15:00+00:00,24756.25,24758.75,24712.75,24733.0,3388.0
2026-03-02 00:30:00+00:00,24732.0,24756.5,24714.0,24753.5,2758.0
2026-03-02 00:45:00+00:00,24757.25,24796.25,24756.5,24786.0,3827.0
2026-03-02 01:00:00+00:00,24785.5,24893.25,24772.5,24873.75,7515.0
2026-03-02 01:15:00+00:00,24876.25,24883.75,24847.75,24869.5,3247.0
2026-03-02 01:30:00+00:00,24870.5,24901.25,24862.25,24869.0,3377.0
2026-03-02 01:45:00+00:00,24870.75,24873.25,24853.0,24861.75,2049.0
2026-03-02 02:00:00+00:00,24864.0,24873.75,24823.0,24838.5,2289.0
2026-03-02 02:15:00+00:00,24838.75,24845.5,24807.75,24809.5,1537.0
2026-03-02 02:30:00+00:00,24811.0,24847.25,24804.0,24838.0,1398.0
2026-03-02 02:45:00+00:00,24837.75,24842.25,24796.5,24821.0,1933.0
2026-03-02 03:00:00+00:00,24821.25,24828.0,24802.75,24819.0,970.0
2026-03-02 03:15:00+00:00,24817.25,24835.5,24805.75,24819.75,1161.0
2026-03-02 03:30:00+00:00,24823.0,24823.0,24785.25,24795.25,1276.0
2026-03-02 03:45:00+00:00,24799.0,24814.0,24787.0,24791.5,1014.0
2026-03-02 04:00:00+00:00,24792.75,24798.25,24778.25,24796.75,977.0
2026-03-02 04:15:00+00:00,24796.25,24809.5,24740.75,24799.5,3441.0
2026-03-02 04:30:00+00:00,24800.0,24817.75,24793.0,24793.0,1180.0
2026-03-02 04:45:00+00:00,24792.5,24796.25,24757.5,24761.75,1173.0
2026-03-02 05:00:00+00:00,24759.0,24769.5,24730.25,24743.25,1519.0
2026-03-02 05:15:00+00:00,24741.75,24757.5,24718.0,24729.0,1540.0
2026-03-02 05:30:00+00:00,24731.75,24749.25,24725.5,24734.75,1075.0
2026-03-02 05:45:00+00:00,24733.5,24738.25,24672.0,24677.25,2376.0
2026-03-02 06:00:00+00:00,24675.75,24703.0,24674.5,24691.0,1695.0
2026-03-02 06:15:00+00:00,24692.5,24698.75,24633.5,24668.25,3057.0
2026-03-02 06:30:00+00:00,24669.75,24679.25,24616.75,24620.75,2725.0
2026-03-02 06:45:00+00:00,24621.0,24622.25,24528.0,24590.75,5360.0
2026-03-02 07:00:00+00:00,24588.0,24602.5,24533.0,24541.0,4612.0
2026-03-02 07:15:00+00:00,24541.25,24588.25,24533.5,24567.25,3651.0
2026-03-02 07:30:00+00:00,24566.25,24583.5,24547.0,24577.0,2498.0
2026-03-02 07:45:00+00:00,24577.25,24577.25,24531.0,24540.5,2872.0
2026-03-02 08:00:00+00:00,24542.0,24556.0,24483.0,24530.75,7577.0
2026-03-02 08:15:00+00:00,24529.5,24537.25,24477.0,24489.75,4497.0
2026-03-02 08:30:00+00:00,24487.75,24569.25,24485.25,24554.25,4368.0
2026-03-02 08:45:00+00:00,24554.5,24591.0,24544.0,24563.5,3805.0
2026-03-02 09:00:00+00:00,24562.25,24633.5,24552.0,24617.25,4802.0
2026-03-02 09:15:00+00:00,24617.75,24652.5,24617.75,24637.5,3869.0
2026-03-02 09:30:00+00:00,24638.75,24654.25,24612.0,24635.75,3437.0
2026-03-02 09:45:00+00:00,24636.25,24638.5,24610.25,24629.0,1759.0
2026-03-02 10:00:00+00:00,24628.5,24684.25,24625.5,24646.5,5237.0
2026-03-02 10:15:00+00:00,24647.0,24673.0,24632.5,24656.75,1943.0
2026-03-02 10:30:00+00:00,24657.25,24684.5,24654.0,24680.75,2015.0
2026-03-02 10:45:00+00:00,24680.5,24683.75,24640.75,24657.75,1522.0
2026-03-02 11:00:00+00:00,24657.75,24668.75,24636.75,24645.25,1901.0
2026-03-02 11:15:00+00:00,24646.0,24671.0,24635.0,24655.75,1617.0
2026-03-02 11:30:00+00:00,24655.75,24689.0,24655.75,24681.0,2056.0
2026-03-02 11:45:00+00:00,24681.75,24729.0,24670.0,24688.0,4744.0
2026-03-02 12:00:00+00:00,24685.75,24705.5,24636.75,24661.0,3252.0
2026-03-02 12:15:00+00:00,24659.75,24659.75,24630.75,24634.0,2878.0
2026-03-02 12:30:00+00:00,24634.0,24655.5,24628.0,24640.0,2320.0
2026-03-02 12:45:00+00:00,24640.5,24664.0,24609.75,24629.0,3331.0
2026-03-02 13:00:00+00:00,24630.0,24663.25,24621.5,24648.5,3453.0
2026-03-02 13:15:00+00:00,24649.5,24739.25,24645.25,24700.75,7241.0
2026-03-02 13:30:00+00:00,24701.75,24710.25,24655.0,24656.5,4037.0
2026-03-02 13:45:00+00:00,24656.75,24675.0,24592.75,24620.75,5083.0
2026-03-02 14:00:00+00:00,24621.5,24652.0,24607.75,24633.0,4403.0
2026-03-02 14:15:00+00:00,24631.75,24649.25,24608.0,24644.25,5236.0
2026-03-02 14:30:00+00:00,24644.75,24885.0,24605.0,24838.25,45900.0
2026-03-02 14:45:00+00:00,24836.0,24898.5,24809.5,24862.0,25699.0
2026-03-02 15:00:00+00:00,24862.0,24947.75,24802.0,24930.5,24162.0
2026-03-02 15:15:00+00:00,24931.5,24946.0,24857.0,24881.75,19261.0
2026-03-02 15:30:00+00:00,24881.75,24940.75,24842.0,24939.0,17764.0
2026-03-02 15:45:00+00:00,24938.75,24958.5,24877.5,24924.5,15363.0
2026-03-02 16:00:00+00:00,24923.75,24991.25,24892.5,24972.25,13956.0
2026-03-02 16:15:00+00:00,24972.5,24975.75,24852.0,24867.5,16105.0
2026-03-02 16:30:00+00:00,24866.5,25019.25,24861.0,25013.5,20335.0
2026-03-02 16:45:00+00:00,25014.0,25044.25,24994.75,25033.5,17667.0
2026-03-02 17:00:00+00:00,25033.75,25040.5,25007.5,25030.5,9927.0
2026-03-02 17:15:00+00:00,25030.75,25076.5,25029.5,25045.0,11298.0
2026-03-02 17:30:00+00:00,25044.0,25056.25,25026.25,25046.0,8914.0
2026-03-02 17:45:00+00:00,25046.5,25075.75,25036.5,25065.75,7217.0
2026-03-02 18:00:00+00:00,25066.0,25074.75,25036.5,25049.5,7317.0
2026-03-02 18:15:00+00:00,25048.5,25050.75,25013.5,25036.0,7933.0
2026-03-02 18:30:00+00:00,25036.25,25039.5,24999.75,25021.75,9083.0
2026-03-02 18:45:00+00:00,25021.0,25021.75,24968.5,24972.5,8944.0
2026-03-02 19:00:00+00:00,24972.0,25055.25,24966.25,25049.0,10533.0
2026-03-02 19:15:00+00:00,25049.5,25089.0,25049.0,25079.25,16047.0
2026-03-02 19:30:00+00:00,25079.75,25098.25,25068.5,25076.75,10349.0
2026-03-02 19:45:00+00:00,25077.0,25101.0,25076.25,25082.75,6644.0
2026-03-02 20:00:00+00:00,25082.5,25090.5,24959.0,24967.75,23418.0
2026-03-02 20:15:00+00:00,24967.25,25020.75,24946.75,24966.25,16948.0
2026-03-02 20:30:00+00:00,24967.5,25015.75,24962.0,25008.75,10193.0
2026-03-02 20:45:00+00:00,25008.0,25062.75,24996.5,25021.75,24427.0
2026-03-02 21:00:00+00:00,25022.0,25028.75,24976.5,24997.25,10050.0
2026-03-02 21:15:00+00:00,24998.0,25000.75,24984.25,24997.5,1810.0
2026-03-02 21:30:00+00:00,24996.25,25007.75,24992.5,25005.25,1075.0
2026-03-02 21:45:00+00:00,25005.25,25006.5,24978.5,24995.75,1747.0
2026-03-02 23:00:00+00:00,25002.75,25011.0,24965.0,24972.0,1127.0
2026-03-02 23:15:00+00:00,24973.25,24977.25,24947.0,24960.75,1792.0
2026-03-02 23:30:00+00:00,24963.0,24971.5,24944.25,24947.5,1187.0
2026-03-02 23:45:00+00:00,24947.25,24978.75,24947.0,24971.0,1276.0
2026-03-03 00:00:00+00:00,24972.5,24982.25,24939.5,24947.5,2055.0
2026-03-03 00:15:00+00:00,24948.0,24957.25,24927.0,24939.5,1763.0
2026-03-03 00:30:00+00:00,24942.0,24948.25,24930.75,24946.5,914.0
2026-03-03 00:45:00+00:00,24947.25,24952.0,24925.0,24931.5,1013.0
2026-03-03 01:00:00+00:00,24931.75,24956.5,24904.0,24942.75,2276.0
2026-03-03 01:15:00+00:00,24944.25,24960.0,24921.25,24923.5,1919.0
2026-03-03 01:30:00+00:00,24923.25,24934.0,24893.0,24909.75,2061.0
2026-03-03 01:45:00+00:00,24910.5,24914.0,24869.0,24872.75,1736.0
2026-03-03 02:00:00+00:00,24874.0,24878.25,24835.0,24853.5,3271.0
2026-03-03 02:15:00+00:00,24857.0,24859.0,24806.5,24837.5,3229.0
2026-03-03 02:30:00+00:00,24837.25,24879.25,24831.0,24862.0,2688.0
2026-03-03 02:45:00+00:00,24860.75,24877.75,24850.75,24861.25,1532.0
2026-03-03 03:00:00+00:00,24862.75,24883.25,24833.25,24851.75,1661.0
2026-03-03 03:15:00+00:00,24852.75,24860.5,24816.0,24823.25,1352.0
2026-03-03 03:30:00+00:00,24823.25,24873.25,24804.25,24863.25,2377.0
2026-03-03 03:45:00+00:00,24865.0,24880.0,24839.0,24846.0,1318.0
2026-03-03 04:00:00+00:00,24846.5,24864.0,24822.5,24835.25,1425.0
2026-03-03 04:15:00+00:00,24835.75,24846.25,24800.75,24815.25,1727.0
2026-03-03 04:30:00+00:00,24816.0,24830.5,24800.0,24818.25,1676.0
2026-03-03 04:45:00+00:00,24819.5,24825.0,24788.75,24802.75,1905.0
2026-03-03 05:00:00+00:00,24823.25,24829.0,24796.75,24808.75,1743.0
2026-03-03 05:15:00+00:00,24810.25,24822.25,24799.0,24813.25,1289.0
2026-03-03 05:30:00+00:00,24811.5,24811.5,24771.75,24776.0,2535.0
2026-03-03 05:45:00+00:00,24776.25,24784.5,24744.0,24765.5,2291.0
2026-03-03 06:00:00+00:00,24765.25,24789.25,24743.0,24763.5,2313.0
2026-03-03 06:15:00+00:00,24763.25,24797.75,24736.0,24797.25,2107.0
2026-03-03 06:30:00+00:00,24795.25,24800.0,24757.75,24758.5,1868.0
2026-03-03 06:45:00+00:00,24757.75,24765.25,24737.0,24754.0,1934.0
2026-03-03 07:00:00+00:00,24753.25,24767.5,24721.0,24738.25,3490.0
2026-03-03 07:15:00+00:00,24738.25,24758.0,24692.75,24703.75,2952.0
2026-03-03 07:30:00+00:00,24703.75,24713.5,24676.5,24701.0,2769.0
2026-03-03 07:45:00+00:00,24700.5,24713.5,24668.5,24676.0,2542.0
2026-03-03 08:00:00+00:00,24674.75,24694.5,24634.0,24638.0,5992.0
2026-03-03 08:15:00+00:00,24638.0,24662.0,24597.75,24598.75,6488.0
2026-03-03 08:30:00+00:00,24598.0,24621.5,24506.75,24539.0,9173.0
2026-03-03 08:45:00+00:00,24538.75,24548.0,24505.0,24516.5,5653.0
2026-03-03 09:00:00+00:00,24516.25,24581.75,24515.25,24560.0,6388.0
2026-03-03 09:15:00+00:00,24558.5,24561.0,24509.0,24520.25,3734.0
2026-03-03 09:30:00+00:00,24520.0,24543.25,24495.0,24500.25,4300.0
2026-03-03 09:45:00+00:00,24500.25,24503.0,24444.0,24453.75,6485.0
2026-03-03 10:00:00+00:00,24454.0,24484.0,24422.0,24451.5,5743.0
2026-03-03 10:15:00+00:00,24447.5,24480.0,24433.75,24436.75,3711.0
2026-03-03 10:30:00+00:00,24436.5,24470.25,24393.0,24469.0,8000.0
2026-03-03 10:45:00+00:00,24468.25,24483.0,24400.25,24452.75,5244.0
2026-03-03 11:00:00+00:00,24450.25,24478.25,24423.0,24428.5,3665.0
2026-03-03 11:15:00+00:00,24428.25,24486.75,24370.0,24455.0,6128.0
2026-03-03 11:30:00+00:00,24457.75,24508.25,24455.5,24498.0,4383.0
2026-03-03 11:45:00+00:00,24497.75,24514.25,24471.0,24488.5,3613.0
2026-03-03 12:00:00+00:00,24487.0,24576.0,24478.5,24555.25,5891.0
2026-03-03 12:15:00+00:00,24556.25,24601.25,24535.5,24571.5,5253.0
2026-03-03 12:30:00+00:00,24570.5,24591.5,24549.75,24581.25,4264.0
2026-03-03 12:45:00+00:00,24582.0,24606.75,24557.25,24583.5,3936.0
2026-03-03 13:00:00+00:00,24584.0,24590.0,24528.5,24549.5,4111.0
2026-03-03 13:15:00+00:00,24550.5,24575.5,24515.0,24529.75,4691.0
2026-03-03 13:30:00+00:00,24530.25,24532.75,24474.25,24495.5,7796.0
2026-03-03 13:45:00+00:00,24496.0,24501.0,24447.75,24495.0,6254.0
2026-03-03 14:00:00+00:00,24496.0,24507.0,24456.0,24478.75,6077.0
2026-03-03 14:15:00+00:00,24478.25,24543.5,24471.25,24533.5,8961.0
2026-03-03 14:30:00+00:00,24534.5,24661.25,24502.5,24533.0,52541.0
2026-03-03 14:45:00+00:00,24532.0,24614.25,24480.25,24489.25,33677.0
2026-03-03 15:00:00+00:00,24489.0,24562.5,24459.75,24502.75,32099.0
2026-03-03 15:15:00+00:00,24501.25,24518.5,24352.0,24358.5,27110.0
2026-03-03 15:30:00+00:00,24358.75,24472.75,24356.25,24415.25,24899.0
2026-03-03 15:45:00+00:00,24415.5,24460.0,24373.0,24446.75,20996.0
2026-03-03 16:00:00+00:00,24447.25,24592.0,24436.5,24572.0,23758.0
2026-03-03 16:15:00+00:00,24573.0,24642.5,24570.0,24618.75,19501.0
2026-03-03 16:30:00+00:00,24618.0,24653.75,24563.25,24647.5,19645.0
2026-03-03 16:45:00+00:00,24647.25,24724.75,24644.75,24671.0,20200.0
2026-03-03 17:00:00+00:00,24672.0,24691.5,24620.5,24656.5,14813.0
2026-03-03 17:15:00+00:00,24656.0,24712.25,24631.75,24703.5,11730.0
2026-03-03 17:30:00+00:00,24704.75,24707.5,24602.5,24692.75,12915.0
2026-03-03 17:45:00+00:00,24692.0,24699.0,24624.5,24641.5,9081.0
2026-03-03 18:00:00+00:00,24641.0,24704.0,24640.75,24679.0,10865.0
2026-03-03 18:15:00+00:00,24680.0,24772.25,24674.5,24746.75,13787.0
2026-03-03 18:30:00+00:00,24746.25,24832.5,24742.0,24802.5,14753.0
2026-03-03 18:45:00+00:00,24803.0,24824.5,24771.0,24800.25,10391.0
2026-03-03 19:00:00+00:00,24799.5,24813.5,24730.25,24766.5,10751.0
2026-03-03 19:15:00+00:00,24768.5,24802.75,24752.0,24759.25,8743.0
2026-03-03 19:30:00+00:00,24759.5,24822.75,24709.5,24819.75,16997.0
2026-03-03 19:45:00+00:00,24820.75,24850.0,24766.0,24787.25,12785.0
2026-03-03 20:00:00+00:00,24787.25,24821.75,24773.5,24774.5,9907.0
2026-03-03 20:15:00+00:00,24773.75,24790.25,24741.5,24782.75,9957.0
2026-03-03 20:30:00+00:00,24782.25,24807.75,24755.75,24768.0,9127.0
2026-03-03 20:45:00+00:00,24767.5,24780.0,24718.0,24756.5,24664.0
2026-03-03 21:00:00+00:00,24756.5,24758.25,24727.0,24737.5,7914.0
2026-03-03 21:15:00+00:00,24736.75,24746.75,24717.0,24723.5,2040.0
2026-03-03 21:30:00+00:00,24723.5,24731.25,24691.5,24721.0,2906.0
2026-03-03 21:45:00+00:00,24720.0,24727.25,24707.75,24709.75,1363.0
2026-03-03 23:00:00+00:00,24710.75,24765.0,24669.75,24746.25,2316.0
2026-03-03 23:15:00+00:00,24747.75,24759.5,24702.25,24706.75,2230.0
2026-03-03 23:30:00+00:00,24708.5,24733.0,24700.5,24720.25,899.0
2026-03-03 23:45:00+00:00,24719.75,24742.0,24698.0,24703.0,1157.0
2026-03-04 00:00:00+00:00,24702.0,24744.5,24676.0,24737.0,2881.0
2026-03-04 00:15:00+00:00,24737.5,24803.5,24732.25,24766.75,3205.0
2026-03-04 00:30:00+00:00,24768.25,24770.5,24688.75,24700.0,3056.0
2026-03-04 00:45:00+00:00,24699.25,24766.0,24699.25,24747.5,3060.0
2026-03-04 01:00:00+00:00,24749.0,24772.25,24691.0,24705.0,2747.0
2026-03-04 01:15:00+00:00,24704.75,24719.5,24637.5,24653.0,3627.0
2026-03-04 01:30:00+00:00,24651.75,24721.5,24630.75,24709.0,3355.0
2026-03-04 01:45:00+00:00,24710.25,24713.75,24645.5,24676.0,2949.0
2026-03-04 02:00:00+00:00,24676.5,24703.25,24633.75,24644.0,2639.0
2026-03-04 02:15:00+00:00,24642.25,24667.5,24619.0,24622.5,2011.0
2026-03-04 02:30:00+00:00,24621.75,24629.5,24588.0,24624.25,2868.0
2026-03-04 02:45:00+00:00,24624.5,24666.75,24623.25,24637.0,2158.0
2026-03-04 03:00:00+00:00,24637.0,24638.0,24586.0,24593.25,2760.0
2026-03-04 03:15:00+00:00,24593.75,24603.5,24555.5,24569.5,2410.0
2026-03-04 03:30:00+00:00,24568.25,24573.0,24525.0,24565.25,3368.0
2026-03-04 03:45:00+00:00,24566.25,24600.75,24550.5,24599.25,2248.0
2026-03-04 04:00:00+00:00,24600.25,24644.75,24594.0,24623.0,2492.0
2026-03-04 04:15:00+00:00,24621.75,24637.25,24586.0,24593.25,1697.0
2026-03-04 04:30:00+00:00,24591.75,24605.5,24566.0,24598.25,1824.0
2026-03-04 04:45:00+00:00,24599.0,24607.5,24575.0,24595.75,1118.0
2026-03-04 05:00:00+00:00,24580.5,24588.0,24562.0,24565.0,1748.0
2026-03-04 05:15:00+00:00,24565.25,24593.75,24532.5,24557.5,1827.0
2026-03-04 05:30:00+00:00,24557.0,24617.75,24541.0,24597.5,1742.0
2026-03-04 05:45:00+00:00,24597.75,24606.75,24570.0,24574.25,1193.0
2026-03-04 06:00:00+00:00,24573.5,24573.5,24511.5,24517.5,2044.0
2026-03-04 06:15:00+00:00,24517.25,24549.25,24499.0,24547.25,2796.0
2026-03-04 06:30:00+00:00,24547.0,24590.0,24541.0,24572.75,2303.0
2026-03-04 06:45:00+00:00,24572.25,24575.5,24547.0,24572.25,1475.0
2026-03-04 07:00:00+00:00,24570.25,24585.0,24537.5,24543.0,2112.0
2026-03-04 07:15:00+00:00,24540.75,24615.25,24535.5,24601.0,2624.0
2026-03-04 07:30:00+00:00,24602.5,24665.5,24597.5,24656.25,2966.0
2026-03-04 07:45:00+00:00,24655.75,24677.75,24642.0,24657.0,2086.0
2026-03-04 08:00:00+00:00,24657.0,24675.75,24635.75,24669.0,3865.0
2026-03-04 08:15:00+00:00,24669.75,24688.25,24611.5,24629.75,2773.0
2026-03-04 08:30:00+00:00,24629.75,24668.5,24619.75,24664.0,2051.0
2026-03-04 08:45:00+00:00,24667.0,24678.0,24632.25,24644.0,1640.0
2026-03-04 09:00:00+00:00,24648.25,24708.0,24621.0,24693.25,2677.0
2026-03-04 09:15:00+00:00,24692.5,24720.75,24685.5,24706.75,2229.0
2026-03-04 09:30:00+00:00,24707.25,24745.5,24694.75,24734.0,2678.0
2026-03-04 09:45:00+00:00,24733.5,24771.25,24726.25,24754.75,2936.0
2026-03-04 10:00:00+00:00,24754.25,24860.0,24734.25,24850.25,7662.0
2026-03-04 10:15:00+00:00,24851.25,24866.25,24795.25,24805.25,4967.0
2026-03-04 10:30:00+00:00,24806.0,24845.25,24805.25,24832.75,2281.0
2026-03-04 10:45:00+00:00,24833.25,24854.5,24812.25,24842.5,2587.0
2026-03-04 11:00:00+00:00,24842.75,24875.0,24839.5,24859.0,3843.0
2026-03-04 11:15:00+00:00,24860.0,24895.0,24855.75,24864.0,3354.0
2026-03-04 11:30:00+00:00,24864.5,24872.5,24816.25,24817.5,2703.0
2026-03-04 11:45:00+00:00,24815.0,24836.25,24801.25,24805.5,2875.0
2026-03-04 12:00:00+00:00,24806.25,24844.25,24804.25,24828.0,3259.0
2026-03-04 12:15:00+00:00,24829.5,24829.5,24728.0,24731.25,4995.0
2026-03-04 12:30:00+00:00,24732.25,24794.25,24720.5,24783.75,4097.0
2026-03-04 12:45:00+00:00,24782.25,24803.25,24758.25,24800.75,2676.0
2026-03-04 13:00:00+00:00,24800.5,24930.25,24795.5,24918.0,9212.0
2026-03-04 13:15:00+00:00,24918.0,24926.75,24863.25,24882.0,5410.0
2026-03-04 13:30:00+00:00,24882.75,24925.0,24860.25,24904.25,6489.0
2026-03-04 13:45:00+00:00,24902.75,24918.25,24875.5,24889.25,5914.0
2026-03-04 14:00:00+00:00,24889.5,24904.5,24866.0,24897.0,4273.0
2026-03-04 14:15:00+00:00,24896.0,24911.5,24846.5,24852.25,6640.0
2026-03-04 14:30:00+00:00,24853.0,24970.25,24837.25,24853.25,44027.0
2026-03-04 14:45:00+00:00,24849.25,24944.0,24826.0,24922.5,25339.0
2026-03-04 15:00:00+00:00,24919.25,25009.75,24891.5,24978.25,30270.0
2026-03-04 15:15:00+00:00,24978.0,25146.25,24973.75,25139.5,30809.0
2026-03-04 15:30:00+00:00,25139.0,25148.5,25060.75,25061.5,22356.0
2026-03-04 15:45:00+00:00,25062.25,25132.5,25036.75,25127.5,18283.0
2026-03-04 16:00:00+00:00,25127.25,25158.25,25059.0,25070.25,19618.0
2026-03-04 16:15:00+00:00,25071.0,25121.25,25051.0,25105.75,15153.0
2026-03-04 16:30:00+00:00,25105.75,25168.5,25097.25,25159.75,16132.0
2026-03-04 16:45:00+00:00,25160.0,25170.5,25139.25,25145.5,12401.0
2026-03-04 17:00:00+00:00,25146.25,25174.25,25132.25,25156.5,8670.0
2026-03-04 17:15:00+00:00,25156.25,25166.0,25131.0,25133.5,8276.0
2026-03-04 17:30:00+00:00,25132.75,25173.5,25105.0,25153.5,11784.0
2026-03-04 17:45:00+00:00,25152.5,25181.5,25150.25,25168.75,8769.0
2026-03-04 18:00:00+00:00,25170.0,25183.0,25157.25,25163.25,7119.0
2026-03-04 18:15:00+00:00,25162.5,25174.75,25140.5,25171.75,6658.0
2026-03-04 18:30:00+00:00,25172.0,25213.75,25170.5,25200.25,10993.0
2026-03-04 18:45:00+00:00,25201.0,25214.25,25178.75,25192.75,8986.0
2026-03-04 19:00:00+00:00,25192.5,25217.75,25186.25,25209.75,7458.0
2026-03-04 19:15:00+00:00,25209.5,25216.25,25189.25,25194.5,5721.0
2026-03-04 19:30:00+00:00,25194.75,25207.0,25183.5,25191.25,5386.0
2026-03-04 19:45:00+00:00,25191.25,25201.75,25180.25,25189.0,4846.0
2026-03-04 20:00:00+00:00,25188.75,25195.25,25147.25,25150.0,8240.0
2026-03-04 20:15:00+00:00,25150.25,25155.25,25124.0,25151.25,10562.0
2026-03-04 20:30:00+00:00,25150.75,25167.75,25135.75,25164.25,7235.0
2026-03-04 20:45:00+00:00,25164.25,25165.75,25113.5,25120.5,26579.0
2026-03-04 21:00:00+00:00,25120.25,25156.25,25092.5,25151.25,13254.0
2026-03-04 21:15:00+00:00,25151.5,25163.25,25114.0,25139.25,4479.0
2026-03-04 21:30:00+00:00,25139.5,25145.0,25130.0,25136.5,1173.0
2026-03-04 21:45:00+00:00,25136.25,25153.5,25127.75,25138.0,1559.0
2026-03-04 23:00:00+00:00,25156.5,25177.25,25140.0,25171.5,1000.0
2026-03-04 23:15:00+00:00,25170.5,25172.5,25143.5,25151.5,1392.0
2026-03-04 23:30:00+00:00,25152.0,25185.0,25145.0,25180.0,1346.0
2026-03-04 23:45:00+00:00,25180.25,25190.75,25166.0,25171.75,1655.0
2026-03-05 00:00:00+00:00,25171.0,25203.5,25160.25,25198.75,2047.0
2026-03-05 00:15:00+00:00,25200.0,25250.0,25198.75,25212.25,4069.0
2026-03-05 00:30:00+00:00,25213.0,25228.75,25202.0,25211.75,2117.0
2026-03-05 00:45:00+00:00,25213.0,25221.0,25198.5,25208.25,1418.0
2026-03-05 01:00:00+00:00,25209.75,25217.5,25184.5,25197.25,1940.0
2026-03-05 01:15:00+00:00,25196.25,25197.5,25134.25,25140.75,3995.0
2026-03-05 01:30:00+00:00,25140.0,25174.75,25072.0,25086.0,5722.0
2026-03-05 01:45:00+00:00,25087.25,25121.5,25044.0,25071.0,4870.0
2026-03-05 02:00:00+00:00,25070.75,25095.0,25060.25,25085.25,2234.0
2026-03-05 02:15:00+00:00,25083.75,25094.0,25056.5,25068.0,1705.0
2026-03-05 02:30:00+00:00,25070.0,25094.75,25050.0,25085.75,1899.0
2026-03-05 02:45:00+00:00,25087.25,25125.5,25078.0,25091.25,2387.0
2026-03-05 03:00:00+00:00,25090.75,25101.5,25074.5,25078.5,1431.0
2026-03-05 03:15:00+00:00,25079.75,25086.5,25029.75,25047.5,2057.0
2026-03-05 03:30:00+00:00,25048.5,25062.0,25025.25,25041.25,2919.0
2026-03-05 03:45:00+00:00,25040.0,25070.75,25030.5,25048.25,1817.0
2026-03-05 04:00:00+00:00,25046.75,25083.75,25031.75,25073.75,1898.0
2026-03-05 04:15:00+00:00,25074.5,25088.75,25066.75,25088.75,1063.0
2026-03-05 04:30:00+00:00,25088.75,25095.75,25066.75,25082.25,1071.0
2026-03-05 04:45:00+00:00,25082.5,25106.75,25082.0,25098.5,1091.0
2026-03-05 05:00:00+00:00,25097.0,25104.25,25086.75,25089.0,936.0
2026-03-05 05:15:00+00:00,25088.75,25090.5,25067.75,25077.25,1104.0
2026-03-05 05:30:00+00:00,25077.5,25081.0,25052.5,25055.5,1039.0
2026-03-05 05:45:00+00:00,25054.5,25066.0,25033.0,25034.75,1799.0
2026-03-05 06:00:00+00:00,25035.0,25041.0,24983.0,24985.75,3820.0
2026-03-05 06:15:00+00:00,24986.5,25022.75,24981.0,25010.75,1844.0
2026-03-05 06:30:00+00:00,25010.5,25012.0,24986.75,25007.5,1588.0
2026-03-05 06:45:00+00:00,25008.0,25092.75,24999.25,25092.0,3920.0
2026-03-05 07:00:00+00:00,25091.75,25098.0,25057.5,25069.0,2523.0
2026-03-05 07:15:00+00:00,25069.0,25094.25,25050.75,25088.75,1781.0
2026-03-05 07:30:00+00:00,25088.0,25089.25,25056.75,25064.75,1446.0
2026-03-05 07:45:00+00:00,25063.5,25073.25,25041.0,25073.0,1776.0
2026-03-05 08:00:00+00:00,25072.0,25078.25,24990.0,24997.25,4405.0
2026-03-05 08:15:00+00:00,24997.5,25044.5,24995.0,24995.0,3311.0
2026-03-05 08:30:00+00:00,24995.5,25023.25,24973.25,25005.75,3744.0
2026-03-05 08:45:00+00:00,25006.5,25053.5,25000.0,25051.75,2174.0
2026-03-05 09:00:00+00:00,25052.5,25205.75,25041.0,25183.0,9687.0
2026-03-05 09:15:00+00:00,25185.75,25196.75,25121.75,25128.25,6895.0
2026-03-05 09:30:00+00:00,25128.5,25146.0,25088.5,25092.0,3335.0
2026-03-05 09:45:00+00:00,25093.75,25124.0,25082.0,25114.0,2707.0
2026-03-05 10:00:00+00:00,25115.0,25131.0,25085.0,25116.5,2090.0
2026-03-05 10:15:00+00:00,25117.0,25143.25,25112.75,25135.0,1803.0
2026-03-05 10:30:00+00:00,25135.75,25142.75,25098.0,25106.0,1834.0
2026-03-05 10:45:00+00:00,25104.75,25123.75,25092.25,25106.25,1625.0
2026-03-05 11:00:00+00:00,25107.5,25138.5,25085.25,25137.0,2859.0
2026-03-05 11:15:00+00:00,25137.25,25148.25,25121.25,25136.0,1720.0
2026-03-05 11:30:00+00:00,25134.5,25153.75,25104.75,25122.25,2255.0
2026-03-05 11:45:00+00:00,25122.5,25137.5,25089.0,25093.5,1747.0
2026-03-05 12:00:00+00:00,25094.5,25111.25,25078.5,25098.25,2438.0
2026-03-05 12:15:00+00:00,25099.0,25157.75,25084.0,25117.75,3353.0
2026-03-05 12:30:00+00:00,25118.75,25125.0,25066.5,25081.75,2770.0
2026-03-05 12:45:00+00:00,25079.5,25102.75,25036.75,25069.0,4440.0
2026-03-05 13:00:00+00:00,25069.5,25076.0,25025.0,25040.25,4123.0
2026-03-05 13:15:00+00:00,25043.5,25060.5,25024.0,25054.25,3314.0
2026-03-05 13:30:00+00:00,25054.0,25072.25,24992.0,25021.75,6438.0
2026-03-05 13:45:00+00:00,25022.0,25048.0,24980.75,24993.75,5455.0
2026-03-05 14:00:00+00:00,24994.5,25013.0,24978.0,24988.0,6030.0
2026-03-05 14:15:00+00:00,24987.75,25002.25,24962.75,24987.25,8143.0
2026-03-05 14:30:00+00:00,24987.75,25125.25,24985.25,25058.0,40208.0
2026-03-05 14:45:00+00:00,25059.5,25187.75,25036.0,25186.0,28667.0
2026-03-05 15:00:00+00:00,25185.5,25209.75,25126.0,25176.0,25965.0
2026-03-05 15:15:00+00:00,25176.5,25180.25,24991.75,25011.25,25767.0
2026-03-05 15:30:00+00:00,25012.0,25072.75,24930.5,25041.25,30593.0
2026-03-05 15:45:00+00:00,25041.25,25098.0,25032.75,25082.5,17854.0
2026-03-05 16:00:00+00:00,25080.25,25093.25,24957.0,24986.0,19605.0
2026-03-05 16:15:00+00:00,24985.75,25011.5,24942.0,24967.25,18663.0
2026-03-05 16:30:00+00:00,24967.75,25039.75,24965.5,25005.75,13225.0
2026-03-05 16:45:00+00:00,25007.5,25054.25,25006.0,25042.5,10831.0
2026-03-05 17:00:00+00:00,25043.0,25123.0,25005.75,25032.0,19135.0
2026-03-05 17:15:00+00:00,25032.75,25033.75,24927.0,24928.0,18378.0
2026-03-05 17:30:00+00:00,24927.75,24944.0,24834.5,24849.5,24231.0
2026-03-05 17:45:00+00:00,24849.25,24852.25,24789.0,24807.0,19637.0
2026-03-05 18:00:00+00:00,24807.0,24887.5,24799.5,24876.0,15351.0
2026-03-05 18:15:00+00:00,24875.5,24888.75,24781.75,24794.0,13725.0
2026-03-05 18:30:00+00:00,24792.5,24869.75,24772.5,24859.25,11553.0
2026-03-05 18:45:00+00:00,24859.25,24862.0,24775.25,24814.0,12443.0
2026-03-05 19:00:00+00:00,24814.0,24860.0,24803.0,24854.0,9185.0
2026-03-05 19:15:00+00:00,24854.75,24880.75,24814.25,24839.0,8424.0
2026-03-05 19:30:00+00:00,24839.25,24852.0,24792.5,24850.25,10184.0
2026-03-05 19:45:00+00:00,24850.0,24882.25,24823.0,24858.0,9668.0
2026-03-05 20:00:00+00:00,24857.75,24934.75,24826.75,24919.0,18820.0
2026-03-05 20:15:00+00:00,24920.0,24994.25,24902.5,24955.0,15710.0
2026-03-05 20:30:00+00:00,24954.25,24999.5,24941.0,24967.75,12021.0
2026-03-05 20:45:00+00:00,24968.0,25056.0,24944.0,25048.0,28853.0
2026-03-05 21:00:00+00:00,25047.75,25051.0,25020.5,25030.75,9363.0
2026-03-05 21:15:00+00:00,25030.75,25045.25,25010.0,25029.0,3832.0
2026-03-05 21:30:00+00:00,25029.5,25029.5,25002.5,25010.75,2407.0
2026-03-05 21:45:00+00:00,25010.75,25021.5,25000.25,25010.5,1939.0
2026-03-05 23:00:00+00:00,25019.75,25046.25,25001.0,25036.5,947.0
2026-03-05 23:15:00+00:00,25036.5,25055.5,25028.25,25047.5,1168.0
2026-03-05 23:30:00+00:00,25049.0,25066.25,25037.25,25061.0,1541.0
2026-03-05 23:45:00+00:00,25060.0,25070.0,25046.25,25060.0,1362.0
2026-03-06 00:00:00+00:00,25059.75,25098.0,25059.25,25092.25,2145.0
2026-03-06 00:15:00+00:00,25092.0,25095.0,25065.75,25072.75,1414.0
2026-03-06 00:30:00+00:00,25074.0,25085.75,25066.75,25085.5,1805.0
2026-03-06 00:45:00+00:00,25084.75,25092.75,25067.0,25075.0,1392.0
2026-03-06 01:00:00+00:00,25073.5,25090.75,25066.75,25075.5,1773.0
2026-03-06 01:15:00+00:00,25076.25,25091.25,25038.0,25052.0,1956.0
2026-03-06 01:30:00+00:00,25053.0,25089.0,25050.25,25055.25,1843.0
2026-03-06 01:45:00+00:00,25055.25,25084.0,25041.5,25066.0,1496.0
2026-03-06 02:00:00+00:00,25069.75,25103.5,25060.0,25103.5,1516.0
2026-03-06 02:15:00+00:00,25102.5,25116.0,25096.25,25109.5,1619.0
2026-03-06 02:30:00+00:00,25109.25,25112.0,25085.75,25092.75,1159.0
2026-03-06 02:45:00+00:00,25093.0,25097.0,25067.0,25071.75,1120.0
2026-03-06 03:00:00+00:00,25070.25,25099.75,25070.0,25085.25,852.0
2026-03-06 03:15:00+00:00,25085.5,25095.0,25076.75,25083.75,679.0
2026-03-06 03:30:00+00:00,25084.75,25102.0,25074.0,25097.5,920.0
2026-03-06 03:45:00+00:00,25098.5,25115.0,25094.5,25114.5,1189.0
2026-03-06 04:00:00+00:00,25113.0,25115.25,25103.75,25105.25,927.0
2026-03-06 04:15:00+00:00,25106.75,25109.5,25093.5,25097.0,604.0
2026-03-06 04:30:00+00:00,25096.75,25137.75,25095.5,25128.5,1282.0
2026-03-06 04:45:00+00:00,25126.25,25135.25,25105.75,25106.25,804.0
2026-03-06 05:00:00+00:00,25118.25,25130.0,25118.25,25127.75,938.0
2026-03-06 05:15:00+00:00,25127.5,25127.75,25111.75,25121.25,683.0
2026-03-06 05:30:00+00:00,25120.25,25141.5,25118.5,25129.5,905.0
2026-03-06 05:45:00+00:00,25128.25,25129.5,25106.75,25118.75,1035.0
2026-03-06 06:00:00+00:00,25117.5,25135.5,25117.5,25123.25,841.0
2026-03-06 06:15:00+00:00,25122.5,25125.5,25107.5,25111.5,971.0
2026-03-06 06:30:00+00:00,25111.75,25122.25,25103.75,25119.25,922.0
2026-03-06 06:45:00+00:00,25118.5,25119.25,25100.75,25106.5,816.0
2026-03-06 07:00:00+00:00,25106.5,25120.25,25091.75,25098.0,1573.0
2026-03-06 07:15:00+00:00,25098.5,25140.5,25098.0,25131.25,1600.0
2026-03-06 07:30:00+00:00,25130.5,25139.25,25124.5,25134.25,867.0
2026-03-06 07:45:00+00:00,25134.25,25134.25,25114.75,25125.0,1091.0
2026-03-06 08:00:00+00:00,25125.5,25128.5,25088.25,25093.25,2925.0
2026-03-06 08:15:00+00:00,25092.25,25112.0,25034.75,25038.5,3597.0
2026-03-06 08:30:00+00:00,25039.25,25091.25,25033.0,25091.0,2939.0
2026-03-06 08:45:00+00:00,25090.75,25108.75,25068.75,25074.0,1895.0
2026-03-06 09:00:00+00:00,25074.25,25082.0,25009.0,25027.0,3311.0
2026-03-06 09:15:00+00:00,25026.25,25029.0,24957.75,24962.25,3862.0
2026-03-06 09:30:00+00:00,24960.75,24979.25,24906.5,24927.5,4730.0
2026-03-06 09:45:00+00:00,24927.0,24935.25,24882.25,24920.25,4892.0
2026-03-06 10:00:00+00:00,24920.75,24968.0,24918.25,24946.5,2966.0
2026-03-06 10:15:00+00:00,24948.25,24981.0,24937.25,24972.5,2974.0
2026-03-06 10:30:00+00:00,24972.75,24974.5,24937.25,24940.75,2096.0
2026-03-06 10:45:00+00:00,24942.0,24962.0,24928.0,24949.75,1878.0
2026-03-06 11:00:00+00:00,24948.0,24954.0,24887.25,24941.75,4931.0
2026-03-06 11:15:00+00:00,24942.75,24962.75,24923.5,24947.75,2390.0
2026-03-06 11:30:00+00:00,24948.75,24951.5,24857.0,24872.75,5288.0
2026-03-06 11:45:00+00:00,24875.25,24896.0,24835.0,24856.25,4014.0
2026-03-06 12:00:00+00:00,24858.75,24877.0,24838.0,24872.0,4552.0
2026-03-06 12:15:00+00:00,24874.25,24884.75,24851.75,24859.25,3908.0
2026-03-06 12:30:00+00:00,24857.0,24862.0,24818.75,24845.25,4878.0
2026-03-06 12:45:00+00:00,24844.75,24852.25,24805.5,24835.75,3782.0
2026-03-06 13:00:00+00:00,24835.0,24863.5,24822.0,24849.5,4434.0
2026-03-06 13:15:00+00:00,24850.0,24878.0,24836.25,24863.5,3136.0
2026-03-06 13:30:00+00:00,24873.75,24908.75,24726.75,24734.25,15933.0
2026-03-06 13:45:00+00:00,24735.0,24735.0,24618.25,24645.75,19551.0
2026-03-06 14:00:00+00:00,24644.5,24669.75,24612.5,24628.5,11126.0
2026-03-06 14:15:00+00:00,24628.0,24687.0,24614.75,24685.75,9186.0
2026-03-06 14:30:00+00:00,24685.75,24732.5,24608.75,24679.25,45866.0
2026-03-06 14:45:00+00:00,24680.0,24742.5,24633.0,24690.0,27233.0
2026-03-06 15:00:00+00:00,24691.25,24795.75,24664.5,24790.5,30012.0
2026-03-06 15:15:00+00:00,24789.5,24829.0,24759.5,24822.0,19529.0
2026-03-06 15:30:00+00:00,24821.75,24893.25,24811.0,24837.0,21168.0
2026-03-06 15:45:00+00:00,24836.0,24884.0,24752.0,24858.5,21556.0
2026-03-06 16:00:00+00:00,24859.0,24899.5,24816.0,24823.25,16175.0
2026-03-06 16:15:00+00:00,24824.5,24863.5,24790.0,24844.0,14728.0
2026-03-06 16:30:00+00:00,24844.25,24874.25,24796.0,24849.5,14226.0
2026-03-06 16:45:00+00:00,24848.25,24915.0,24843.5,24880.75,16151.0
2026-03-06 17:00:00+00:00,24881.0,24926.25,24822.5,24834.5,12795.0
2026-03-06 17:15:00+00:00,24834.0,24871.0,24793.0,24813.25,11188.0
2026-03-06 17:30:00+00:00,24812.5,24826.0,24744.25,24770.25,11729.0
2026-03-06 17:45:00+00:00,24769.5,24825.75,24769.0,24784.25,11232.0
2026-03-06 18:00:00+00:00,24783.75,24895.5,24779.0,24888.75,14300.0
2026-03-06 18:15:00+00:00,24889.25,24898.5,24815.5,24830.5,12274.0
2026-03-06 18:30:00+00:00,24830.25,24861.5,24804.0,24840.0,11174.0
2026-03-06 18:45:00+00:00,24840.75,24848.0,24790.75,24799.75,8685.0
2026-03-06 19:00:00+00:00,24800.5,24854.0,24790.0,24843.25,9065.0
2026-03-06 19:15:00+00:00,24841.5,24848.0,24783.25,24820.0,10547.0
2026-03-06 19:30:00+00:00,24818.5,24840.75,24784.75,24798.25,8607.0
2026-03-06 19:45:00+00:00,24798.0,24816.0,24773.5,24808.25,8365.0
2026-03-06 20:00:00+00:00,24808.0,24853.25,24726.0,24750.75,14692.0
2026-03-06 20:15:00+00:00,24750.75,24773.75,24643.5,24654.0,15829.0
2026-03-06 20:30:00+00:00,24652.75,24708.0,24601.0,24679.5,20121.0
2026-03-06 20:45:00+00:00,24679.5,24704.75,24651.25,24667.25,24329.0
2026-03-06 21:00:00+00:00,24667.25,24677.75,24618.0,24658.5,12386.0
2026-03-06 21:15:00+00:00,24658.75,24659.25,24630.0,24632.5,2911.0
2026-03-06 21:30:00+00:00,24632.75,24668.25,24631.25,24662.25,2388.0
2026-03-06 21:45:00+00:00,24662.5,24682.25,24658.75,24670.25,2945.0
2026-03-08 22:00:00+00:00,24245.0,24280.0,24224.0,24234.5,2013.0
2026-03-08 22:15:00+00:00,24232.5,24299.0,24226.75,24293.5,5840.0
2026-03-08 22:30:00+00:00,24291.25,24312.0,24275.5,24301.5,3638.0
2026-03-08 22:45:00+00:00,24302.75,24320.0,24279.0,24306.25,3246.0
2026-03-08 23:00:00+00:00,24304.5,24326.25,24265.0,24279.5,3004.0
2026-03-08 23:15:00+00:00,24279.5,24295.25,24259.5,24276.5,1914.0
2026-03-08 23:30:00+00:00,24277.75,24280.25,24225.75,24239.75,2745.0
2026-03-08 23:45:00+00:00,24240.0,24242.75,24168.25,24215.25,6002.0
2026-03-09 00:00:00+00:00,24215.5,24238.75,24186.0,24202.0,5334.0
2026-03-09 00:15:00+00:00,24201.5,24208.5,24122.25,24164.0,5265.0
2026-03-09 00:30:00+00:00,24164.0,24206.5,24133.0,24139.75,3234.0
2026-03-09 00:45:00+00:00,24139.75,24148.0,24092.0,24117.75,4024.0
2026-03-09 01:00:00+00:00,24118.5,24137.75,24062.5,24085.5,4516.0
2026-03-09 01:15:00+00:00,24087.0,24102.75,24065.75,24070.75,3050.0
2026-03-09 01:30:00+00:00,24071.75,24118.0,24052.0,24062.0,4037.0
2026-03-09 01:45:00+00:00,24062.0,24067.25,24004.5,24007.5,5116.0
2026-03-09 02:00:00+00:00,24009.5,24057.75,24004.75,24026.5,4306.0
2026-03-09 02:15:00+00:00,24027.5,24066.25,24000.0,24047.75,4890.0
2026-03-09 02:30:00+00:00,24048.5,24086.0,24027.5,24082.0,3318.0
2026-03-09 02:45:00+00:00,24083.5,24103.0,24065.25,24084.0,3108.0
2026-03-09 03:00:00+00:00,24085.0,24111.25,24081.5,24108.0,2333.0
2026-03-09 03:15:00+00:00,24108.0,24130.0,24090.75,24099.5,2554.0
2026-03-09 03:30:00+00:00,24100.0,24132.0,24078.25,24085.25,2627.0
2026-03-09 03:45:00+00:00,24084.75,24114.25,24077.0,24095.5,1853.0
2026-03-09 04:00:00+00:00,24095.0,24133.75,24092.5,24111.75,2283.0
2026-03-09 04:15:00+00:00,24109.75,24132.5,24099.25,24131.5,1203.0
2026-03-09 04:30:00+00:00,24130.5,24134.25,24109.25,24113.25,1066.0
2026-03-09 04:45:00+00:00,24114.75,24119.0,24098.75,24101.0,946.0
2026-03-09 05:00:00+00:00,24102.0,24151.75,24086.25,24142.0,1892.0
2026-03-09 05:15:00+00:00,24141.0,24204.75,24115.0,24203.0,4720.0
2026-03-09 05:30:00+00:00,24204.5,24223.25,24162.0,24208.25,3484.0
2026-03-09 05:45:00+00:00,24208.25,24258.5,24194.5,24258.5,3226.0
2026-03-09 06:00:00+00:00,24258.5,24305.0,24230.75,24288.25,4332.0
2026-03-09 06:15:00+00:00,24290.5,24315.75,24270.25,24294.75,2976.0
2026-03-09 06:30:00+00:00,24295.0,24307.25,24252.0,24265.5,2740.0
2026-03-09 06:45:00+00:00,24266.0,24269.5,24226.75,24245.25,2883.0
2026-03-09 07:00:00+00:00,24247.75,24276.75,24210.0,24266.75,3996.0
2026-03-09 07:15:00+00:00,24265.75,24315.25,24245.0,24298.75,3321.0
2026-03-09 07:30:00+00:00,24299.5,24303.5,24260.0,24283.5,3087.0
2026-03-09 07:45:00+00:00,24283.0,24295.25,24258.75,24277.0,2641.0
2026-03-09 08:00:00+00:00,24278.0,24311.5,24247.75,24260.75,6071.0
2026-03-09 08:15:00+00:00,24257.5,24315.75,24233.25,24276.75,5169.0
2026-03-09 08:30:00+00:00,24276.5,24337.25,24276.25,24283.5,4245.0
2026-03-09 08:45:00+00:00,24282.5,24326.5,24268.0,24312.5,3103.0
2026-03-09 09:00:00+00:00,24315.75,24350.5,24284.5,24346.25,3845.0
2026-03-09 09:15:00+00:00,24346.25,24427.5,24342.75,24409.25,4365.0
2026-03-09 09:30:00+00:00,24408.75,24495.75,24380.25,24462.75,7039.0
2026-03-09 09:45:00+00:00,24460.75,24483.25,24392.75,24419.75,4734.0
2026-03-09 10:00:00+00:00,24420.25,24434.25,24368.0,24381.0,4045.0
2026-03-09 10:15:00+00:00,24381.0,24415.75,24376.25,24380.5,3393.0
2026-03-09 10:30:00+00:00,24379.0,24417.0,24359.0,24390.5,4030.0
2026-03-09 10:45:00+00:00,24389.25,24402.0,24340.0,24370.75,3391.0
2026-03-09 11:00:00+00:00,24372.0,24413.25,24366.5,24378.75,3051.0
2026-03-09 11:15:00+00:00,24380.0,24392.0,24348.0,24361.25,3081.0
2026-03-09 11:30:00+00:00,24361.0,24423.5,24355.75,24389.5,3819.0
2026-03-09 11:45:00+00:00,24388.0,24412.5,24375.0,24384.75,2747.0
2026-03-09 12:00:00+00:00,24384.5,24440.25,24378.75,24439.25,3419.0
2026-03-09 12:15:00+00:00,24438.0,24459.25,24432.75,24451.75,3587.0
2026-03-09 12:30:00+00:00,24451.75,24457.25,24363.5,24369.75,4717.0
2026-03-09 12:45:00+00:00,24367.25,24382.5,24350.0,24379.75,4216.0
2026-03-09 13:00:00+00:00,24380.75,24445.75,24375.5,24434.25,5774.0
2026-03-09 13:15:00+00:00,24434.25,24442.0,24384.0,24432.75,8111.0
2026-03-09 13:30:00+00:00,24432.25,24525.25,24354.0,24383.5,36067.0
2026-03-09 13:45:00+00:00,24382.25,24419.75,24313.0,24370.75,26670.0
2026-03-09 14:00:00+00:00,24370.75,24479.75,24320.0,24357.5,25335.0
2026-03-09 14:15:00+00:00,24359.0,24469.0,24341.25,24401.5,23276.0
2026-03-09 14:30:00+00:00,24401.0,24536.0,24398.25,24535.5,19721.0
2026-03-09 14:45:00+00:00,24535.5,24585.5,24530.0,24549.0,20294.0
2026-03-09 15:00:00+00:00,24549.5,24610.0,24549.5,24600.0,13669.0
2026-03-09 15:15:00+00:00,24600.75,24650.0,24581.5,24642.75,15014.0
2026-03-09 15:30:00+00:00,24643.25,24644.0,24590.25,24608.0,12533.0
2026-03-09 15:45:00+00:00,24607.25,24659.25,24599.25,24642.5,10475.0
2026-03-09 16:00:00+00:00,24642.75,24680.0,24631.25,24663.25,10602.0
2026-03-09 16:15:00+00:00,24663.0,24727.75,24633.75,24691.5,13760.0
2026-03-09 16:30:00+00:00,24690.75,24746.0,24653.75,24737.75,12483.0
2026-03-09 16:45:00+00:00,24738.0,24749.25,24705.25,24709.25,9427.0
2026-03-09 17:00:00+00:00,24709.75,24712.25,24665.5,24683.5,9429.0
2026-03-09 17:15:00+00:00,24684.0,24688.25,24606.0,24613.5,11867.0
2026-03-09 17:30:00+00:00,24612.5,24623.25,24575.75,24583.75,9687.0
2026-03-09 17:45:00+00:00,24583.5,24630.25,24581.75,24611.0,8888.0
2026-03-09 18:00:00+00:00,24611.25,24650.75,24609.0,24639.5,9271.0
2026-03-09 18:15:00+00:00,24638.5,24683.25,24630.0,24650.25,9668.0
2026-03-09 18:30:00+00:00,24650.0,24701.75,24647.5,24686.5,9502.0
2026-03-09 18:45:00+00:00,24687.5,24708.25,24650.0,24655.5,7685.0
2026-03-09 19:00:00+00:00,24655.5,24681.75,24640.0,24669.0,7156.0
2026-03-09 19:15:00+00:00,24667.25,24959.75,24661.75,24952.5,35013.0
2026-03-09 19:30:00+00:00,24952.0,25058.0,24894.75,24969.5,35785.0
2026-03-09 19:45:00+00:00,24969.5,25018.25,24937.75,24992.0,31849.0
2026-03-09 20:00:00+00:00,24992.25,25025.75,24934.25,24963.25,12626.0
2026-03-09 20:15:00+00:00,24963.0,24974.0,24907.5,24963.75,4953.0
2026-03-09 20:30:00+00:00,24962.0,24978.0,24937.0,24960.0,3600.0
2026-03-09 20:45:00+00:00,24959.5,24975.5,24941.25,24958.0,3228.0
2026-03-09 22:00:00+00:00,24981.5,24981.5,24884.0,24932.25,2953.0
2026-03-09 22:15:00+00:00,24934.75,24946.75,24870.0,24932.75,2910.0
2026-03-09 22:30:00+00:00,24934.0,24935.75,24888.0,24925.25,1841.0
2026-03-09 22:45:00+00:00,24924.75,24936.25,24893.75,24908.75,1399.0
2026-03-09 23:00:00+00:00,24908.25,24932.25,24889.75,24924.75,1468.0
2026-03-09 23:15:00+00:00,24925.0,24933.5,24901.75,24917.5,1035.0
2026-03-09 23:30:00+00:00,24915.75,24918.75,24875.25,24877.25,1335.0
2026-03-09 23:45:00+00:00,24877.5,24886.75,24858.0,24883.25,1750.0
2026-03-10 00:00:00+00:00,24881.0,24892.75,24830.0,24841.25,2656.0
2026-03-10 00:15:00+00:00,24841.5,24919.75,24841.5,24918.0,2274.0
2026-03-10 00:30:00+00:00,24917.25,24966.0,24893.5,24959.5,2355.0
2026-03-10 00:45:00+00:00,24960.25,24970.0,24933.5,24936.0,1635.0
2026-03-10 01:00:00+00:00,24935.0,24975.0,24925.25,24962.0,2050.0
2026-03-10 01:15:00+00:00,24963.25,24977.25,24949.0,24954.5,1579.0
2026-03-10 01:30:00+00:00,24954.75,24969.0,24935.0,24947.5,1294.0
2026-03-10 01:45:00+00:00,24950.0,24998.0,24944.75,24988.0,1506.0
2026-03-10 02:00:00+00:00,24987.0,24999.0,24967.25,24977.5,1230.0
2026-03-10 02:15:00+00:00,24977.5,24980.75,24967.5,24974.75,597.0
2026-03-10 02:30:00+00:00,24973.0,24975.25,24939.75,24945.25,1513.0
2026-03-10 02:45:00+00:00,24943.25,24949.75,24907.0,24927.0,2024.0
2026-03-10 03:00:00+00:00,24926.75,24950.5,24922.25,24930.5,1239.0
2026-03-10 03:15:00+00:00,24929.0,24963.0,24909.5,24922.75,1295.0
2026-03-10 03:30:00+00:00,24922.75,24924.75,24865.5,24867.0,1696.0
2026-03-10 03:45:00+00:00,24867.75,24898.5,24854.75,24888.75,1767.0
2026-03-10 04:00:00+00:00,24885.25,24893.25,24874.25,24889.0,1035.0
2026-03-10 04:15:00+00:00,24890.5,24906.5,24882.0,24886.75,911.0
2026-03-10 04:30:00+00:00,24888.75,24919.75,24879.25,24906.0,904.0
2026-03-10 04:45:00+00:00,24905.25,24912.75,24882.5,24903.75,826.0
2026-03-10 05:00:00+00:00,24905.0,24957.5,24903.75,24939.25,1273.0
2026-03-10 05:15:00+00:00,24942.5,24948.5,24918.5,24934.0,765.0
2026-03-10 05:30:00+00:00,24935.25,24953.5,24920.25,24942.25,1022.0
2026-03-10 05:45:00+00:00,24942.5,24963.0,24934.5,24955.5,588.0
2026-03-10 06:00:00+00:00,24957.5,24967.5,24951.25,24961.5,691.0
2026-03-10 06:15:00+00:00,24961.25,24966.0,24941.0,24965.25,711.0
2026-03-10 06:30:00+00:00,24964.0,24986.25,24956.75,24959.0,1442.0
2026-03-10 06:45:00+00:00,24958.5,24962.0,24943.25,24954.5,955.0
2026-03-10 07:00:00+00:00,24953.0,25019.75,24939.0,24990.0,2744.0
2026-03-10 07:15:00+00:00,24988.5,25065.75,24987.25,25060.0,3116.0
2026-03-10 07:30:00+00:00,25058.75,25076.5,25024.0,25056.75,2518.0
2026-03-10 07:45:00+00:00,25056.0,25075.25,25044.5,25072.5,1953.0
2026-03-10 08:00:00+00:00,25073.0,25150.5,25063.5,25114.5,6107.0
2026-03-10 08:15:00+00:00,25113.0,25136.5,25098.75,25123.75,2814.0
2026-03-10 08:30:00+00:00,25123.5,25146.0,25112.5,25127.25,2353.0
2026-03-10 08:45:00+00:00,25127.5,25138.5,25078.25,25087.75,2782.0
2026-03-10 09:00:00+00:00,25088.0,25134.0,25080.75,25121.25,1850.0
2026-03-10 09:15:00+00:00,25122.5,25124.25,25094.0,25107.0,1521.0
2026-03-10 09:30:00+00:00,25107.75,25128.0,25099.25,25115.25,1566.0
2026-03-10 09:45:00+00:00,25113.75,25117.5,25085.0,25089.5,1889.0
2026-03-10 10:00:00+00:00,25090.5,25095.75,25054.0,25064.5,2576.0
2026-03-10 10:15:00+00:00,25062.75,25081.75,25045.0,25078.5,2044.0
2026-03-10 10:30:00+00:00,25079.5,25092.0,25020.25,25063.5,3249.0
2026-03-10 10:45:00+00:00,25063.5,25073.25,25044.5,25066.0,1372.0
2026-03-10 11:00:00+00:00,25065.25,25109.0,25005.25,25008.25,5478.0
2026-03-10 11:15:00+00:00,25009.0,25028.75,24994.75,25023.5,2164.0
2026-03-10 11:30:00+00:00,25024.0,25027.0,24967.0,24973.5,2485.0
2026-03-10 11:45:00+00:00,24973.75,24993.0,24958.75,24972.0,2851.0
2026-03-10 12:00:00+00:00,24972.75,24975.5,24900.5,24931.5,5786.0
2026-03-10 12:15:00+00:00,24932.0,24950.25,24914.0,24919.0,2953.0
2026-03-10 12:30:00+00:00,24919.25,24960.0,24892.0,24950.25,4003.0
2026-03-10 12:45:00+00:00,24950.5,24999.5,24949.0,24968.5,4554.0
2026-03-10 13:00:00+00:00,24970.25,24991.25,24958.75,24970.0,3729.0
2026-03-10 13:15:00+00:00,24970.5,25008.25,24965.5,24990.25,5311.0
2026-03-10 13:30:00+00:00,24990.75,25081.75,24959.5,25029.25,32759.0
2026-03-10 13:45:00+00:00,25029.25,25056.5,24947.25,24962.25,21798.0
2026-03-10 14:00:00+00:00,24964.75,24998.0,24895.0,24931.0,23391.0
2026-03-10 14:15:00+00:00,24931.0,25024.75,24892.25,25003.5,21344.0
2026-03-10 14:30:00+00:00,25003.75,25116.25,25001.75,25102.75,18215.0
2026-03-10 14:45:00+00:00,25103.25,25152.75,25085.5,25151.25,14327.0
2026-03-10 15:00:00+00:00,25151.25,25182.0,25117.75,25125.5,17546.0
2026-03-10 15:15:00+00:00,25125.5,25177.5,25123.25,25143.25,11154.0
2026-03-10 15:30:00+00:00,25143.5,25172.25,25109.75,25149.5,12856.0
2026-03-10 15:45:00+00:00,25150.75,25163.75,25121.25,25148.75,9611.0
2026-03-10 16:00:00+00:00,25149.5,25150.5,25080.25,25114.75,11535.0
2026-03-10 16:15:00+00:00,25114.75,25163.25,25107.25,25131.75,10958.0
2026-03-10 16:30:00+00:00,25131.75,25164.0,25131.75,25161.25,8600.0
2026-03-10 16:45:00+00:00,25161.75,25169.25,25117.75,25156.25,9670.0
2026-03-10 17:00:00+00:00,25155.75,25180.0,25145.75,25157.25,11599.0
2026-03-10 17:15:00+00:00,25158.5,25217.5,25156.0,25212.75,13439.0
2026-03-10 17:30:00+00:00,25212.0,25212.0,25102.25,25134.5,17693.0
2026-03-10 17:45:00+00:00,25135.75,25187.75,25127.75,25170.25,9251.0
2026-03-10 18:00:00+00:00,25169.75,25181.0,25036.5,25038.5,15956.0
2026-03-10 18:15:00+00:00,25039.0,25103.25,24987.75,25068.0,28164.0
2026-03-10 18:30:00+00:00,25067.0,25107.0,25024.5,25038.0,14804.0
2026-03-10 18:45:00+00:00,25036.5,25087.0,25026.25,25030.0,9026.0
2026-03-10 19:00:00+00:00,25030.25,25052.0,25009.25,25046.75,9516.0
2026-03-10 19:15:00+00:00,25046.75,25072.5,24985.5,24987.75,16805.0
2026-03-10 19:30:00+00:00,24988.75,25034.0,24957.25,24993.5,16309.0
2026-03-10 19:45:00+00:00,24992.5,25006.25,24940.25,24986.25,20165.0
2026-03-10 20:00:00+00:00,24986.5,25039.0,24985.0,25032.75,7542.0
2026-03-10 20:15:00+00:00,25034.0,25034.0,25012.0,25023.5,2393.0
2026-03-10 20:30:00+00:00,25024.75,25029.0,25008.75,25017.25,1724.0
2026-03-10 20:45:00+00:00,25017.5,25026.5,24993.0,25010.5,1949.0
2026-03-10 22:00:00+00:00,25010.25,25016.5,24980.75,25013.0,721.0
2026-03-10 22:15:00+00:00,25013.25,25018.5,24967.5,24971.25,1564.0
2026-03-10 22:30:00+00:00,24971.75,24977.75,24951.5,24953.0,1051.0
2026-03-10 22:45:00+00:00,24954.25,24970.25,24953.75,24970.25,578.0
2026-03-10 23:00:00+00:00,24969.75,24986.5,24963.75,24984.0,868.0
2026-03-10 23:15:00+00:00,24984.0,24994.0,24978.25,24985.25,753.0
2026-03-10 23:30:00+00:00,24985.75,24986.5,24975.0,24979.75,711.0
2026-03-10 23:45:00+00:00,24979.75,25025.5,24979.5,25016.0,1680.0
2026-03-11 00:00:00+00:00,25019.5,25072.5,25009.75,25058.0,2511.0
2026-03-11 00:15:00+00:00,25059.0,25086.0,25049.0,25069.25,2042.0
2026-03-11 00:30:00+00:00,25068.75,25076.75,25053.0,25059.75,967.0
2026-03-11 00:45:00+00:00,25061.0,25076.5,25052.0,25062.0,657.0
2026-03-11 01:00:00+00:00,25063.5,25078.25,25051.0,25076.5,1054.0
2026-03-11 01:15:00+00:00,25075.5,25082.5,25070.75,25076.25,702.0
2026-03-11 01:30:00+00:00,25074.0,25098.0,25072.5,25093.25,1170.0
2026-03-11 01:45:00+00:00,25093.0,25097.0,25082.0,25091.0,856.0
2026-03-11 02:00:00+00:00,25091.5,25093.5,25075.25,25079.25,693.0
2026-03-11 02:15:00+00:00,25080.25,25102.75,25079.75,25088.25,962.0
2026-03-11 02:30:00+00:00,25087.25,25092.0,25074.0,25089.25,907.0
2026-03-11 02:45:00+00:00,25089.75,25099.25,25084.5,25094.25,467.0
2026-03-11 03:00:00+00:00,25094.0,25100.25,25086.25,25093.0,426.0
2026-03-11 03:15:00+00:00,25093.0,25100.0,25090.75,25093.0,350.0
2026-03-11 03:30:00+00:00,25092.75,25119.25,25092.75,25114.5,1082.0
2026-03-11 03:45:00+00:00,25113.75,25125.0,25109.75,25117.5,564.0
2026-03-11 04:00:00+00:00,25115.5,25117.25,25110.75,25116.25,595.0
2026-03-11 04:15:00+00:00,25116.25,25118.75,25113.0,25117.25,201.0
2026-03-11 04:30:00+00:00,25117.5,25118.0,25096.25,25098.25,684.0
2026-03-11 04:45:00+00:00,25097.0,25105.25,25086.5,25090.75,564.0
2026-03-11 05:00:00+00:00,25092.0,25095.5,25056.25,25060.75,1068.0
2026-03-11 05:15:00+00:00,25060.75,25076.25,25057.25,25064.75,589.0
2026-03-11 05:30:00+00:00,25064.0,25065.0,25040.0,25040.5,883.0
2026-03-11 05:45:00+00:00,25040.25,25043.0,25025.75,25030.5,1016.0
2026-03-11 06:00:00+00:00,25029.25,25038.5,25010.0,25038.5,1371.0
2026-03-11 06:15:00+00:00,25037.5,25041.5,25007.0,25020.5,1136.0
2026-03-11 06:30:00+00:00,25020.0,25053.25,25020.0,25048.75,1204.0
2026-03-11 06:45:00+00:00,25047.5,25048.0,25023.0,25041.0,715.0
2026-03-11 07:00:00+00:00,25041.25,25047.25,25009.0,25033.0,1307.0
2026-03-11 07:15:00+00:00,25033.5,25035.0,24997.75,25002.0,1516.0
2026-03-11 07:30:00+00:00,25003.75,25008.75,24945.0,24965.0,2700.0
2026-03-11 07:45:00+00:00,24964.75,25007.75,24954.5,25005.5,2688.0
2026-03-11 08:00:00+00:00,25006.0,25028.25,24997.5,25027.0,2151.0
2026-03-11 08:15:00+00:00,25024.75,25033.5,24999.75,25011.25,2047.0
2026-03-11 08:30:00+00:00,25013.5,25037.5,24979.25,24991.25,1880.0
2026-03-11 08:45:00+00:00,24990.0,24999.0,24934.0,24967.5,3276.0
2026-03-11 09:00:00+00:00,24968.25,24969.25,24925.5,24935.5,2193.0
2026-03-11 09:15:00+00:00,24934.5,24970.75,24920.0,24923.0,1812.0
2026-03-11 09:30:00+00:00,24923.5,24948.0,24914.0,24922.0,1697.0
2026-03-11 09:45:00+00:00,24921.5,24940.75,24899.5,24903.25,1876.0
2026-03-11 10:00:00+00:00,24902.0,24974.25,24895.75,24974.25,2567.0
2026-03-11 10:15:00+00:00,24974.25,24985.75,24958.0,24977.0,1410.0
2026-03-11 10:30:00+00:00,24978.5,25020.0,24971.25,25016.25,2312.0
2026-03-11 10:45:00+00:00,25016.75,25025.0,25009.25,25017.5,1537.0
2026-03-11 11:00:00+00:00,25017.0,25043.5,25012.0,25031.5,2213.0
2026-03-11 11:15:00+00:00,25032.5,25038.5,24971.0,24977.5,2080.0
2026-03-11 11:30:00+00:00,24977.25,24993.75,24955.0,24972.75,2147.0
2026-03-11 11:45:00+00:00,24971.5,24999.75,24928.25,24947.5,5450.0
2026-03-11 12:00:00+00:00,24947.25,24971.25,24938.5,24955.75,2023.0
2026-03-11 12:15:00+00:00,24958.0,25000.0,24949.75,25000.0,2113.0
2026-03-11 12:30:00+00:00,24991.0,25058.0,24921.25,24933.75,6167.0
2026-03-11 12:45:00+00:00,24932.0,24958.75,24909.25,24945.25,3668.0
2026-03-11 13:00:00+00:00,24946.25,24999.25,24943.5,24964.0,5124.0
2026-03-11 13:15:00+00:00,24964.5,25035.25,24961.5,25034.5,5209.0
2026-03-11 13:30:00+00:00,25034.75,25115.5,25034.75,25068.75,26601.0
2026-03-11 13:45:00+00:00,25070.5,25108.25,25015.25,25101.25,22758.0
2026-03-11 14:00:00+00:00,25101.5,25180.0,25058.0,25102.5,31851.0
2026-03-11 14:15:00+00:00,25102.25,25110.5,24978.75,25027.75,18712.0
2026-03-11 14:30:00+00:00,25027.75,25053.0,24958.25,25036.75,17627.0
2026-03-11 14:45:00+00:00,25037.25,25080.0,25016.25,25065.0,9884.0
2026-03-11 15:00:00+00:00,25065.75,25090.0,24954.0,24993.25,17314.0
2026-03-11 15:15:00+00:00,24994.0,25018.5,24933.0,24935.25,17924.0
2026-03-11 15:30:00+00:00,24934.5,24963.25,24911.5,24919.25,16677.0
2026-03-11 15:45:00+00:00,24920.25,24960.0,24888.0,24934.75,15979.0
2026-03-11 16:00:00+00:00,24934.25,24941.0,24897.75,24933.5,11706.0
2026-03-11 16:15:00+00:00,24933.75,24953.0,24906.0,24952.5,9748.0
2026-03-11 16:30:00+00:00,24951.0,25007.0,24949.25,24980.0,13153.0
2026-03-11 16:45:00+00:00,24980.0,25012.5,24966.0,25007.25,6367.0
2026-03-11 17:00:00+00:00,25006.5,25026.5,24985.5,24995.75,8279.0
2026-03-11 17:15:00+00:00,24994.25,25021.5,24970.5,25007.5,7366.0
2026-03-11 17:30:00+00:00,25007.5,25016.75,24873.5,24934.0,18527.0
2026-03-11 17:45:00+00:00,24935.5,24984.75,24916.25,24951.0,11447.0
2026-03-11 18:00:00+00:00,24951.5,24961.75,24888.75,24913.0,8646.0
2026-03-11 18:15:00+00:00,24913.5,24958.0,24901.75,24947.0,10383.0
2026-03-11 18:30:00+00:00,24948.25,24965.25,24934.25,24943.0,9301.0
2026-03-11 18:45:00+00:00,24943.75,24977.0,24930.0,24957.5,8359.0
2026-03-11 19:00:00+00:00,24958.0,24965.75,24916.0,24921.75,8218.0
2026-03-11 19:15:00+00:00,24921.0,24944.75,24913.5,24934.75,6791.0
2026-03-11 19:30:00+00:00,24935.0,24988.0,24928.5,24977.0,7643.0
2026-03-11 19:45:00+00:00,24976.0,25006.75,24955.0,24984.0,14611.0
2026-03-11 20:00:00+00:00,24984.0,24990.75,24947.5,24963.75,7802.0
2026-03-11 20:15:00+00:00,24964.5,24970.0,24958.75,24965.5,1298.0
2026-03-11 20:30:00+00:00,24964.25,24969.0,24960.5,24968.25,776.0
2026-03-11 20:45:00+00:00,24967.5,24968.5,24940.0,24945.5,1483.0
2026-03-11 22:00:00+00:00,24934.5,24949.25,24890.5,24904.75,1440.0
2026-03-11 22:15:00+00:00,24905.0,24906.5,24842.0,24858.5,3263.0
2026-03-11 22:30:00+00:00,24862.5,24870.5,24816.5,24830.0,3194.0
2026-03-11 22:45:00+00:00,24831.75,24852.0,24817.0,24849.5,2062.0
2026-03-11 23:00:00+00:00,24848.25,24853.75,24787.25,24828.75,2708.0
2026-03-11 23:15:00+00:00,24828.0,24847.75,24802.75,24804.5,2022.0
2026-03-11 23:30:00+00:00,24803.75,24804.5,24739.0,24739.25,5092.0
2026-03-11 23:45:00+00:00,24739.25,24789.5,24733.25,24787.75,3271.0
2026-03-12 00:00:00+00:00,24788.0,24791.0,24744.0,24755.25,2677.0
2026-03-12 00:15:00+00:00,24755.75,24781.5,24740.0,24769.25,2465.0
2026-03-12 00:30:00+00:00,24768.5,24805.0,24765.25,24795.25,2007.0
2026-03-12 00:45:00+00:00,24795.0,24804.75,24782.0,24791.25,1057.0
2026-03-12 01:00:00+00:00,24790.75,24802.0,24770.0,24786.0,1812.0
2026-03-12 01:15:00+00:00,24784.0,24819.75,24782.0,24819.5,1525.0
2026-03-12 01:30:00+00:00,24819.25,24842.25,24818.25,24837.5,1451.0
2026-03-12 01:45:00+00:00,24836.0,24836.25,24772.0,24789.5,2028.0
2026-03-12 02:00:00+00:00,24790.5,24796.0,24774.0,24776.75,1138.0
2026-03-12 02:15:00+00:00,24776.25,24786.0,24749.25,24754.5,1520.0
2026-03-12 02:30:00+00:00,24753.75,24760.0,24704.25,24731.0,3002.0
2026-03-12 02:45:00+00:00,24733.5,24737.5,24710.25,24731.0,1505.0
2026-03-12 03:00:00+00:00,24729.75,24758.5,24726.0,24732.0,1463.0
2026-03-12 03:15:00+00:00,24731.25,24742.75,24721.0,24721.5,777.0
2026-03-12 03:30:00+00:00,24723.25,24724.75,24695.5,24709.0,2007.0
2026-03-12 03:45:00+00:00,24709.75,24728.75,24705.0,24726.5,807.0
2026-03-12 04:00:00+00:00,24744.0,24744.0,24729.25,24737.75,1163.0
2026-03-12 04:15:00+00:00,24738.5,24752.0,24730.5,24745.5,792.0
2026-03-12 04:30:00+00:00,24744.0,24746.25,24711.0,24711.0,926.0
2026-03-12 04:45:00+00:00,24710.5,24726.75,24709.5,24718.5,619.0
2026-03-12 05:00:00+00:00,24718.25,24777.75,24717.75,24761.5,2162.0
2026-03-12 05:15:00+00:00,24762.25,24765.5,24743.75,24752.75,865.0
2026-03-12 05:30:00+00:00,24752.75,24777.5,24746.5,24774.0,1195.0
2026-03-12 05:45:00+00:00,24774.0,24776.25,24732.5,24771.0,1337.0
2026-03-12 06:00:00+00:00,24769.75,24771.5,24746.5,24752.25,994.0
2026-03-12 06:15:00+00:00,24754.25,24787.25,24752.25,24784.5,1948.0
2026-03-12 06:30:00+00:00,24788.0,24798.5,24780.0,24795.0,1019.0
2026-03-12 06:45:00+00:00,24795.75,24814.5,24788.5,24809.5,1061.0
2026-03-12 07:00:00+00:00,24809.75,24825.75,24807.75,24823.75,1423.0
2026-03-12 07:15:00+00:00,24823.0,24839.0,24818.5,24835.0,1339.0
2026-03-12 07:30:00+00:00,24834.25,24835.25,24809.0,24829.25,1337.0
2026-03-12 07:45:00+00:00,24829.0,24872.0,24813.0,24871.75,2112.0
2026-03-12 08:00:00+00:00,24872.0,24902.5,24867.25,24878.75,3765.0
2026-03-12 08:15:00+00:00,24878.75,24893.0,24856.25,24856.75,1840.0
2026-03-12 08:30:00+00:00,24856.5,24874.5,24836.75,24871.75,1840.0
2026-03-12 08:45:00+00:00,24873.0,24890.0,24859.0,24878.0,1597.0
2026-03-12 09:00:00+00:00,24879.25,24883.75,24832.5,24839.5,1538.0
2026-03-12 09:15:00+00:00,24838.25,24853.0,24813.0,24852.25,1890.0
2026-03-12 09:30:00+00:00,24852.25,24908.25,24851.0,24900.25,2248.0
2026-03-12 09:45:00+00:00,24901.25,24921.5,24887.75,24917.0,2303.0
2026-03-12 10:00:00+00:00,24917.75,24927.0,24892.75,24908.75,1927.0
2026-03-12 10:15:00+00:00,24908.75,24909.5,24882.0,24889.5,1103.0
2026-03-12 10:30:00+00:00,24890.25,24926.5,24883.0,24892.25,1847.0
2026-03-12 10:45:00+00:00,24890.75,24906.5,24875.25,24884.75,1294.0
2026-03-12 11:00:00+00:00,24883.0,24890.0,24858.5,24861.5,1651.0
2026-03-12 11:15:00+00:00,24862.0,24885.75,24847.5,24875.5,2340.0
2026-03-12 11:30:00+00:00,24877.25,24928.0,24877.25,24911.0,2424.0
2026-03-12 11:45:00+00:00,24911.25,24912.0,24852.5,24857.0,2940.0
2026-03-12 12:00:00+00:00,24858.25,24862.75,24810.25,24833.5,3791.0
2026-03-12 12:15:00+00:00,24834.25,24844.0,24818.0,24843.25,2441.0
2026-03-12 12:30:00+00:00,24843.25,24843.25,24801.25,24821.75,3133.0
2026-03-12 12:45:00+00:00,24821.5,24835.0,24801.5,24834.25,2558.0
2026-03-12 13:00:00+00:00,24834.5,24852.75,24800.0,24803.0,3916.0
2026-03-12 13:15:00+00:00,24802.5,24813.25,24750.5,24775.75,10461.0
2026-03-12 13:30:00+00:00,24775.75,24834.5,24742.25,24765.0,30303.0
2026-03-12 13:45:00+00:00,24765.5,24767.25,24630.5,24657.75,30895.0
2026-03-12 14:00:00+00:00,24658.75,24747.5,24651.5,24736.75,22553.0
2026-03-12 14:15:00+00:00,24737.5,24747.5,24616.75,24617.5,19415.0
2026-03-12 14:30:00+00:00,24617.25,24649.25,24572.5,24645.25,24450.0
2026-03-12 14:45:00+00:00,24644.75,24720.0,24601.0,24619.75,22893.0
2026-03-12 15:00:00+00:00,24620.5,24633.5,24561.0,24590.0,15431.0
2026-03-12 15:15:00+00:00,24590.25,24639.75,24567.0,24619.75,14953.0
2026-03-12 15:30:00+00:00,24619.5,24709.75,24579.0,24688.0,24251.0
2026-03-12 15:45:00+00:00,24688.75,24697.5,24624.0,24665.5,12982.0
2026-03-12 16:00:00+00:00,24666.0,24706.25,24587.75,24654.75,18053.0
2026-03-12 16:15:00+00:00,24654.0,24735.25,24632.0,24640.75,20363.0
2026-03-12 16:30:00+00:00,24639.75,24716.0,24630.75,24689.25,13844.0
2026-03-12 16:45:00+00:00,24688.0,24696.25,24624.0,24662.25,10783.0
2026-03-12 17:00:00+00:00,24661.5,24724.0,24656.5,24662.5,10830.0
2026-03-12 17:15:00+00:00,24660.5,24688.5,24630.5,24651.25,9161.0
2026-03-12 17:30:00+00:00,24651.0,24692.5,24643.0,24646.75,7816.0
2026-03-12 17:45:00+00:00,24646.25,24656.75,24585.25,24625.5,11486.0
2026-03-12 18:00:00+00:00,24625.25,24671.5,24624.75,24657.0,8036.0
2026-03-12 18:15:00+00:00,24657.5,24671.5,24612.25,24636.25,8423.0
2026-03-12 18:30:00+00:00,24637.25,24646.5,24601.25,24609.0,7441.0
2026-03-12 18:45:00+00:00,24609.25,24630.5,24595.25,24599.75,7810.0
2026-03-12 19:00:00+00:00,24599.5,24629.75,24570.0,24593.75,11940.0
2026-03-12 19:15:00+00:00,24594.25,24630.25,24584.0,24615.75,7619.0
2026-03-12 19:30:00+00:00,24615.5,24643.0,24573.5,24583.5,10401.0
2026-03-12 19:45:00+00:00,24583.75,24585.0,24542.75,24555.75,24213.0
2026-03-12 20:00:00+00:00,24555.25,24574.0,24517.75,24531.5,11246.0
2026-03-12 20:15:00+00:00,24532.5,24565.25,24530.75,24550.25,2918.0
2026-03-12 20:30:00+00:00,24549.5,24569.25,24546.0,24563.75,1302.0
2026-03-12 20:45:00+00:00,24564.0,24577.5,24561.0,24568.5,1898.0
2026-03-12 22:00:00+00:00,24567.0,24586.75,24540.0,24559.25,1554.0
2026-03-12 22:15:00+00:00,24559.5,24583.75,24541.75,24581.25,1623.0
2026-03-12 22:30:00+00:00,24580.5,24601.75,24574.5,24589.25,1892.0
2026-03-12 22:45:00+00:00,24590.0,24597.25,24570.5,24586.75,1180.0
2026-03-12 23:00:00+00:00,24587.0,24614.0,24585.25,24588.0,1311.0
2026-03-12 23:15:00+00:00,24587.5,24589.75,24562.25,24575.25,1205.0
2026-03-12 23:30:00+00:00,24576.25,24586.75,24550.0,24569.5,1395.0
2026-03-12 23:45:00+00:00,24567.75,24568.25,24526.5,24528.0,1612.0
2026-03-13 00:00:00+00:00,24529.0,24579.0,24491.25,24578.25,3769.0
2026-03-13 00:15:00+00:00,24579.0,24639.25,24578.75,24619.0,3704.0
2026-03-13 00:30:00+00:00,24619.25,24643.0,24614.75,24615.25,1729.0
2026-03-13 00:45:00+00:00,24616.0,24629.5,24605.25,24624.0,1423.0
2026-03-13 01:00:00+00:00,24624.5,24662.25,24624.5,24645.75,2404.0
2026-03-13 01:15:00+00:00,24647.0,24655.5,24635.5,24645.5,1119.0
2026-03-13 01:30:00+00:00,24645.5,24653.5,24633.0,24636.25,1065.0
2026-03-13 01:45:00+00:00,24636.0,24639.0,24618.25,24629.5,1066.0
2026-03-13 02:00:00+00:00,24629.25,24651.5,24624.75,24625.0,1132.0
2026-03-13 02:15:00+00:00,24626.5,24634.0,24615.0,24619.5,885.0
2026-03-13 02:30:00+00:00,24620.0,24640.0,24603.0,24606.75,1358.0
2026-03-13 02:45:00+00:00,24607.75,24617.5,24599.25,24603.75,1020.0
2026-03-13 03:00:00+00:00,24605.0,24620.5,24590.0,24590.25,1415.0
2026-03-13 03:15:00+00:00,24591.25,24610.25,24581.75,24600.75,1047.0
2026-03-13 03:30:00+00:00,24599.25,24612.5,24584.0,24609.5,994.0
2026-03-13 03:45:00+00:00,24608.75,24629.0,24607.75,24625.5,751.0
2026-03-13 04:00:00+00:00,24619.25,24619.5,24605.0,24607.25,598.0
2026-03-13 04:15:00+00:00,24608.25,24610.25,24579.5,24584.25,1310.0
2026-03-13 04:30:00+00:00,24584.25,24587.75,24562.75,24587.0,1058.0
2026-03-13 04:45:00+00:00,24587.25,24588.25,24566.75,24576.5,716.0
2026-03-13 05:00:00+00:00,24576.5,24585.5,24553.5,24557.75,987.0
2026-03-13 05:15:00+00:00,24559.0,24585.25,24555.0,24581.25,836.0
2026-03-13 05:30:00+00:00,24581.5,24599.5,24571.0,24572.5,867.0
2026-03-13 05:45:00+00:00,24574.0,24588.25,24568.0,24585.75,789.0
2026-03-13 06:00:00+00:00,24584.0,24596.0,24563.5,24580.0,892.0
2026-03-13 06:15:00+00:00,24579.25,24579.75,24539.0,24548.0,1173.0
2026-03-13 06:30:00+00:00,24550.0,24560.5,24515.75,24517.0,2134.0
2026-03-13 06:45:00+00:00,24516.0,24521.5,24476.5,24479.75,2438.0
2026-03-13 07:00:00+00:00,24479.25,24488.0,24423.25,24431.0,3765.0
2026-03-13 07:15:00+00:00,24430.0,24462.0,24410.5,24458.25,2827.0
2026-03-13 07:30:00+00:00,24457.25,24475.5,24446.25,24460.75,2267.0
2026-03-13 07:45:00+00:00,24461.0,24463.0,24423.25,24447.5,1644.0
2026-03-13 08:00:00+00:00,24448.75,24459.25,24397.0,24412.5,4440.0
2026-03-13 08:15:00+00:00,24410.0,24434.75,24398.0,24415.75,2398.0
2026-03-13 08:30:00+00:00,24415.0,24483.0,24414.25,24468.5,2631.0
2026-03-13 08:45:00+00:00,24469.0,24524.25,24456.5,24512.5,2677.0
2026-03-13 09:00:00+00:00,24513.75,24574.25,24513.75,24531.0,5494.0
2026-03-13 09:15:00+00:00,24532.5,24543.5,24512.75,24528.0,1428.0
2026-03-13 09:30:00+00:00,24528.25,24534.75,24508.5,24530.5,1635.0
2026-03-13 09:45:00+00:00,24529.0,24553.0,24519.0,24532.0,1939.0
2026-03-13 10:00:00+00:00,24531.75,24594.0,24525.25,24590.0,2482.0
2026-03-13 10:15:00+00:00,24589.75,24613.5,24579.0,24585.5,2554.0
2026-03-13 10:30:00+00:00,24585.5,24587.0,24568.75,24577.25,1318.0
2026-03-13 10:45:00+00:00,24577.5,24623.0,24573.75,24619.0,3861.0
2026-03-13 11:00:00+00:00,24617.5,24645.75,24602.0,24618.75,4236.0
2026-03-13 11:15:00+00:00,24619.0,24653.0,24605.5,24630.5,3710.0
2026-03-13 11:30:00+00:00,24628.25,24649.25,24620.75,24648.25,2531.0
2026-03-13 11:45:00+00:00,24648.5,24665.25,24638.0,24662.75,3153.0
2026-03-13 12:00:00+00:00,24663.75,24676.5,24635.0,24650.5,4394.0
2026-03-13 12:15:00+00:00,24651.25,24658.75,24630.5,24653.0,3477.0
2026-03-13 12:30:00+00:00,24650.5,24680.0,24634.0,24660.75,4698.0
2026-03-13 12:45:00+00:00,24658.5,24738.0,24658.25,24681.0,8413.0
2026-03-13 13:00:00+00:00,24680.5,24691.0,24642.75,24667.75,5358.0
2026-03-13 13:15:00+00:00,24667.75,24684.25,24637.75,24645.5,5030.0
2026-03-13 13:30:00+00:00,24645.5,24773.0,24611.0,24769.75,33234.0
2026-03-13 13:45:00+00:00,24769.5,24805.25,24721.0,24726.0,29378.0
2026-03-13 14:00:00+00:00,24728.5,24765.0,24658.75,24666.5,24698.0
2026-03-13 14:15:00+00:00,24667.0,24703.25,24634.0,24674.25,23027.0
2026-03-13 14:30:00+00:00,24674.75,24728.25,24594.25,24595.5,23008.0
2026-03-13 14:45:00+00:00,24596.75,24598.0,24482.0,24489.75,29345.0
2026-03-13 15:00:00+00:00,24490.5,24569.25,24461.75,24561.75,23813.0
2026-03-13 15:15:00+00:00,24561.0,24564.25,24463.0,24469.75,15310.0
2026-03-13 15:30:00+00:00,24469.0,24496.0,24402.25,24414.5,19646.0
2026-03-13 15:45:00+00:00,24414.5,24476.0,24391.75,24408.75,22354.0
2026-03-13 16:00:00+00:00,24408.75,24475.0,24406.75,24435.0,15227.0
2026-03-13 16:15:00+00:00,24436.5,24462.75,24411.5,24444.25,11392.0
2026-03-13 16:30:00+00:00,24443.5,24488.5,24426.75,24427.75,13101.0
2026-03-13 16:45:00+00:00,24427.75,24473.5,24382.0,24397.25,16294.0
2026-03-13 17:00:00+00:00,24396.0,24459.5,24390.75,24459.5,12978.0
2026-03-13 17:15:00+00:00,24460.0,24473.75,24420.0,24450.25,11833.0
2026-03-13 17:30:00+00:00,24448.75,24456.25,24405.25,24425.75,10447.0
2026-03-13 17:45:00+00:00,24425.0,24433.0,24353.0,24374.25,12944.0
2026-03-13 18:00:00+00:00,24374.75,24407.5,24370.0,24401.0,9880.0
2026-03-13 18:15:00+00:00,24400.25,24415.75,24367.25,24411.5,10349.0
2026-03-13 18:30:00+00:00,24411.5,24462.0,24398.5,24457.75,10162.0
2026-03-13 18:45:00+00:00,24457.25,24472.5,24440.0,24448.5,10743.0
2026-03-13 19:00:00+00:00,24448.25,24449.5,24406.0,24416.5,11288.0
2026-03-13 19:15:00+00:00,24416.0,24431.5,24367.75,24376.75,10414.0
2026-03-13 19:30:00+00:00,24376.5,24398.75,24350.5,24367.25,10124.0
2026-03-13 19:45:00+00:00,24367.25,24404.0,24356.5,24397.25,22456.0
2026-03-13 20:00:00+00:00,24398.0,24400.25,24360.25,24364.25,9589.0
2026-03-13 20:15:00+00:00,24363.25,24379.75,24361.0,24368.75,2288.0
2026-03-13 20:30:00+00:00,24369.5,24383.75,24361.75,24364.75,1521.0
2026-03-13 20:45:00+00:00,24364.5,24394.25,24333.75,24394.25,2724.0
2026-03-15 22:00:00+00:00,24326.0,24336.5,24306.0,24309.0,608.0
2026-03-15 22:15:00+00:00,24309.25,24350.0,24295.25,24338.75,1367.0
2026-03-15 22:30:00+00:00,24340.0,24395.0,24323.75,24391.25,1275.0
2026-03-15 22:45:00+00:00,24391.25,24475.5,24385.5,24464.75,2399.0
2026-03-15 23:00:00+00:00,24468.75,24496.75,24426.0,24452.0,2850.0
2026-03-15 23:15:00+00:00,24450.25,24454.5,24428.0,24434.25,983.0
2026-03-15 23:30:00+00:00,24433.25,24449.75,24408.5,24434.0,1155.0
2026-03-15 23:45:00+00:00,24435.25,24460.5,24435.25,24439.5,1154.0
2026-03-16 00:00:00+00:00,24439.0,24520.25,24437.25,24507.25,3051.0
2026-03-16 00:15:00+00:00,24509.0,24525.5,24486.5,24491.0,1566.0
2026-03-16 00:30:00+00:00,24490.5,24512.5,24485.25,24498.5,1212.0
2026-03-16 00:45:00+00:00,24497.75,24521.75,24488.75,24508.25,1136.0
2026-03-16 01:00:00+00:00,24511.5,24523.5,24490.0,24500.25,1391.0
2026-03-16 01:15:00+00:00,24502.5,24519.25,24492.25,24494.25,953.0
2026-03-16 01:30:00+00:00,24494.5,24496.75,24468.75,24481.25,1732.0
2026-03-16 01:45:00+00:00,24483.0,24523.75,24483.0,24514.5,1509.0
2026-03-16 02:00:00+00:00,24516.0,24518.5,24496.0,24502.25,858.0
2026-03-16 02:15:00+00:00,24504.5,24507.75,24480.0,24487.25,1005.0
2026-03-16 02:30:00+00:00,24485.75,24490.25,24474.25,24479.5,596.0
2026-03-16 02:45:00+00:00,24479.0,24500.0,24476.75,24492.0,690.0
2026-03-16 03:00:00+00:00,24490.5,24501.25,24488.25,24494.0,375.0
2026-03-16 03:15:00+00:00,24496.0,24509.75,24492.5,24509.25,544.0
2026-03-16 03:30:00+00:00,24510.0,24520.0,24508.5,24516.5,555.0
2026-03-16 03:45:00+00:00,24517.75,24540.25,24514.0,24531.75,891.0
2026-03-16 04:00:00+00:00,24531.25,24539.75,24527.5,24532.75,412.0
2026-03-16 04:15:00+00:00,24536.0,24550.0,24532.0,24533.0,696.0
2026-03-16 04:30:00+00:00,24535.0,24535.0,24515.0,24519.0,558.0
2026-03-16 04:45:00+00:00,24520.0,24532.5,24506.0,24507.25,701.0
2026-03-16 05:00:00+00:00,24506.25,24525.5,24506.25,24523.5,431.0
2026-03-16 05:15:00+00:00,24523.5,24525.75,24511.25,24516.0,559.0
2026-03-16 05:30:00+00:00,24515.25,24541.75,24509.25,24536.75,704.0
2026-03-16 05:45:00+00:00,24535.0,24561.25,24534.75,24560.0,1251.0
2026-03-16 06:00:00+00:00,24558.75,24564.25,24551.0,24552.5,738.0
2026-03-16 06:15:00+00:00,24555.0,24558.5,24536.25,24539.0,552.0
2026-03-16 06:30:00+00:00,24539.25,24557.5,24539.0,24545.0,500.0
2026-03-16 06:45:00+00:00,24543.5,24566.0,24540.5,24563.25,642.0
2026-03-16 07:00:00+00:00,24564.5,24583.25,24541.5,24546.5,1675.0
2026-03-16 07:15:00+00:00,24544.25,24555.75,24527.75,24530.5,996.0
2026-03-16 07:30:00+00:00,24532.25,24541.0,24503.75,24516.0,1405.0
2026-03-16 07:45:00+00:00,24513.25,24534.5,24505.5,24513.75,800.0
2026-03-16 08:00:00+00:00,24512.0,24570.0,24508.5,24531.0,2099.0
2026-03-16 08:15:00+00:00,24530.5,24550.25,24504.5,24529.5,1658.0
2026-03-16 08:30:00+00:00,24528.75,24542.0,24500.25,24504.0,1265.0
2026-03-16 08:45:00+00:00,24506.0,24540.75,24497.5,24525.25,1753.0
2026-03-16 09:00:00+00:00,24531.25,24536.25,24486.5,24524.25,1837.0
2026-03-16 09:15:00+00:00,24524.0,24532.75,24509.5,24512.75,1310.0
2026-03-16 09:30:00+00:00,24512.0,24512.0,24483.75,24485.0,1102.0
2026-03-16 09:45:00+00:00,24485.75,24515.75,24478.0,24494.0,1284.0
2026-03-16 10:00:00+00:00,24491.25,24532.75,24487.0,24525.25,1333.0
2026-03-16 10:15:00+00:00,24527.75,24581.75,24522.5,24570.75,2040.0
2026-03-16 10:30:00+00:00,24573.0,24597.25,24554.5,24565.25,2449.0
2026-03-16 10:45:00+00:00,24563.0,24614.0,24556.75,24604.25,2165.0
2026-03-16 11:00:00+00:00,24603.75,24611.75,24585.0,24590.5,1440.0
2026-03-16 11:15:00+00:00,24591.5,24607.0,24576.25,24579.25,1679.0
2026-03-16 11:30:00+00:00,24580.25,24634.5,24577.0,24630.0,2815.0
2026-03-16 11:45:00+00:00,24630.25,24636.0,24615.0,24626.0,1455.0
2026-03-16 12:00:00+00:00,24624.25,24675.75,24623.75,24669.0,3190.0
2026-03-16 12:15:00+00:00,24669.0,24679.25,24651.75,24665.75,3296.0
2026-03-16 12:30:00+00:00,24668.25,24687.5,24662.75,24677.0,4505.0
2026-03-16 12:45:00+00:00,24676.25,24688.75,24647.0,24658.25,4033.0
2026-03-16 13:00:00+00:00,24658.0,24682.0,24653.25,24658.25,3334.0
2026-03-16 13:15:00+00:00,24658.25,24669.75,24649.25,24655.5,4986.0
2026-03-16 13:30:00+00:00,24656.0,24717.0,24623.0,24672.0,25555.0
2026-03-16 13:45:00+00:00,24671.25,24741.0,24669.0,24736.75,21825.0
2026-03-16 14:00:00+00:00,24735.5,24760.75,24684.0,24735.25,20200.0
2026-03-16 14:15:00+00:00,24737.25,24764.5,24716.75,24717.75,14056.0
2026-03-16 14:30:00+00:00,24718.25,24721.5,24634.0,24644.25,20166.0
2026-03-16 14:45:00+00:00,24644.75,24695.5,24610.75,24693.75,16143.0
2026-03-16 15:00:00+00:00,24694.25,24708.0,24647.5,24701.75,13083.0
2026-03-16 15:15:00+00:00,24701.25,24736.5,24680.5,24716.25,11174.0
2026-03-16 15:30:00+00:00,24715.75,24954.0,24714.75,24934.0,15537.0
2026-03-16 15:45:00+00:00,24933.5,24950.0,24884.0,24890.25,11858.0
2026-03-16 16:00:00+00:00,24889.25,24917.75,24878.75,24895.0,8485.0
2026-03-16 16:15:00+00:00,24894.75,24906.0,24834.25,24846.75,10554.0
2026-03-16 16:30:00+00:00,24846.75,24904.75,24832.25,24896.0,15564.0
2026-03-16 16:45:00+00:00,24896.5,24913.5,24879.5,24890.0,8290.0
2026-03-16 17:00:00+00:00,24891.5,24936.75,24890.5,24923.5,12286.0
2026-03-16 17:15:00+00:00,24924.0,24939.5,24907.0,24912.5,6986.0
2026-03-16 17:30:00+00:00,24912.25,24929.0,24886.5,24888.75,5935.0
2026-03-16 17:45:00+00:00,24890.0,24911.5,24867.0,24897.0,8050.0
2026-03-16 18:00:00+00:00,24896.75,24936.75,24891.75,24921.25,8547.0
2026-03-16 18:15:00+00:00,24922.0,24942.5,24919.25,24934.75,7417.0
2026-03-16 18:30:00+00:00,24933.75,24947.5,24919.5,24946.0,6831.0
2026-03-16 18:45:00+00:00,24946.25,24949.75,24917.0,24919.0,6313.0
2026-03-16 19:00:00+00:00,24919.75,25035.0,24904.0,24924.75,17417.0
2026-03-16 19:15:00+00:00,24925.5,24947.0,24873.75,24898.75,13252.0
2026-03-16 19:30:00+00:00,24899.5,24909.5,24864.0,24872.5,9263.0
2026-03-16 19:45:00+00:00,24872.75,24896.25,24850.0,24884.75,17594.0
2026-03-16 20:00:00+00:00,24885.0,24901.5,24867.0,24897.5,6216.0
2026-03-16 20:15:00+00:00,24896.5,24897.25,24864.75,24865.5,1654.0
2026-03-16 20:30:00+00:00,24866.5,24880.5,24861.5,24866.5,1446.0
2026-03-16 20:45:00+00:00,24867.25,24877.25,24861.75,24872.25,1133.0
2026-03-16 22:00:00+00:00,24870.0,24880.25,24842.0,24855.0,799.0
2026-03-16 22:15:00+00:00,24855.0,24875.5,24840.0,24862.5,1743.0
2026-03-16 22:30:00+00:00,24865.0,24866.25,24838.0,24844.75,791.0
2026-03-16 22:45:00+00:00,24843.0,24848.25,24833.75,24839.75,599.0
2026-03-16 23:00:00+00:00,24841.5,24862.25,24839.0,24847.75,1283.0
2026-03-16 23:15:00+00:00,24847.5,24855.5,24836.25,24852.25,830.0
2026-03-16 23:30:00+00:00,24853.5,24872.75,24848.75,24866.0,813.0
2026-03-16 23:45:00+00:00,24866.0,24882.0,24855.5,24881.75,777.0
2026-03-17 00:00:00+00:00,24880.25,24881.75,24843.0,24857.75,1294.0
2026-03-17 00:15:00+00:00,24855.25,24862.25,24817.5,24830.5,2319.0
2026-03-17 00:30:00+00:00,24832.75,24862.25,24821.75,24827.25,1237.0
2026-03-17 00:45:00+00:00,24827.75,24836.75,24805.0,24813.0,1614.0
2026-03-17 01:00:00+00:00,24813.75,24839.5,24811.5,24829.5,1329.0
2026-03-17 01:15:00+00:00,24830.5,24834.75,24814.25,24826.5,858.0
2026-03-17 01:30:00+00:00,24826.25,24848.0,24812.0,24821.75,1699.0
2026-03-17 01:45:00+00:00,24822.0,24839.0,24810.25,24835.0,963.0
2026-03-17 02:00:00+00:00,24835.75,24839.5,24815.5,24823.5,978.0
2026-03-17 02:15:00+00:00,24824.75,24830.5,24814.5,24823.25,571.0
2026-03-17 02:30:00+00:00,24822.25,24832.5,24818.5,24822.5,538.0
2026-03-17 02:45:00+00:00,24823.5,24824.0,24786.75,24791.75,1744.0
2026-03-17 03:00:00+00:00,24791.5,24799.5,24785.25,24796.25,1105.0
2026-03-17 03:15:00+00:00,24796.5,24811.5,24796.5,24800.25,850.0
2026-03-17 03:30:00+00:00,24801.0,24805.5,24780.5,24795.0,1247.0
2026-03-17 03:45:00+00:00,24794.75,24799.25,24785.25,24787.5,676.0
2026-03-17 04:00:00+00:00,24796.5,24803.0,24795.75,24801.0,652.0
2026-03-17 04:15:00+00:00,24801.25,24814.75,24798.75,24811.0,426.0
2026-03-17 04:30:00+00:00,24812.75,24832.25,24811.0,24830.75,711.0
2026-03-17 04:45:00+00:00,24832.5,24847.75,24830.5,24835.5,938.0
2026-03-17 05:00:00+00:00,24836.5,24850.5,24829.25,24847.5,734.0
2026-03-17 05:15:00+00:00,24847.75,24852.5,24841.0,24842.0,345.0
2026-03-17 05:30:00+00:00,24843.25,24846.75,24816.75,24818.5,795.0
2026-03-17 05:45:00+00:00,24818.0,24818.75,24752.5,24755.5,2234.0
2026-03-17 06:00:00+00:00,24754.25,24761.25,24728.25,24742.5,2648.0
2026-03-17 06:15:00+00:00,24743.5,24773.5,24738.5,24766.25,1435.0
2026-03-17 06:30:00+00:00,24764.0,24774.0,24753.5,24766.5,941.0
2026-03-17 06:45:00+00:00,24767.0,24767.0,24742.0,24754.5,746.0
2026-03-17 07:00:00+00:00,24754.0,24770.75,24737.5,24762.5,1207.0
2026-03-17 07:15:00+00:00,24761.0,24800.25,24758.25,24795.25,1409.0
2026-03-17 07:30:00+00:00,24793.5,24816.0,24785.0,24785.0,1668.0
2026-03-17 07:45:00+00:00,24785.0,24788.25,24764.0,24772.25,1060.0
2026-03-17 08:00:00+00:00,24770.75,24809.0,24758.25,24766.25,2750.0
2026-03-17 08:15:00+00:00,24765.0,24791.0,24754.25,24756.5,1478.0
2026-03-17 08:30:00+00:00,24758.75,24798.75,24739.75,24788.25,2048.0
2026-03-17 08:45:00+00:00,24788.75,24795.75,24749.0,24769.75,1878.0
2026-03-17 09:00:00+00:00,24768.5,24795.0,24768.25,24789.0,1977.0
2026-03-17 09:15:00+00:00,24789.5,24845.75,24778.5,24841.0,2607.0
2026-03-17 09:30:00+00:00,24840.0,24850.0,24822.0,24841.25,1843.0
2026-03-17 09:45:00+00:00,24841.25,24847.25,24829.0,24844.25,1357.0
2026-03-17 10:00:00+00:00,24843.0,24843.75,24816.5,24822.5,1931.0
2026-03-17 10:15:00+00:00,24823.25,24823.25,24793.5,24808.75,1950.0
2026-03-17 10:30:00+00:00,24808.0,24832.25,24802.5,24820.0,1530.0
2026-03-17 10:45:00+00:00,24821.5,24835.0,24811.75,24834.25,1410.0
2026-03-17 11:00:00+00:00,24832.5,24849.25,24818.5,24822.75,2832.0
2026-03-17 11:15:00+00:00,24824.25,24860.25,24820.0,24847.5,2364.0
2026-03-17 11:30:00+00:00,24844.5,24858.5,24831.25,24844.5,2341.0
2026-03-17 11:45:00+00:00,24844.75,24851.0,24812.5,24814.75,2175.0
2026-03-17 12:00:00+00:00,24814.75,24895.25,24812.75,24889.0,4938.0
2026-03-17 12:15:00+00:00,24889.0,24915.75,24881.5,24910.5,4631.0
2026-03-17 12:30:00+00:00,24908.75,24940.25,24908.75,24926.25,6335.0
2026-03-17 12:45:00+00:00,24925.5,24934.25,24916.0,24932.75,4299.0
2026-03-17 13:00:00+00:00,24932.75,24975.25,24929.5,24974.5,5959.0
2026-03-17 13:15:00+00:00,24974.25,25025.75,24967.0,25000.5,10127.0
2026-03-17 13:30:00+00:00,25000.75,25075.0,24964.0,25061.75,33879.0
2026-03-17 13:45:00+00:00,25061.75,25117.0,25055.5,25093.0,25037.0
2026-03-17 14:00:00+00:00,25092.75,25098.0,25025.0,25025.5,20857.0
2026-03-17 14:15:00+00:00,25025.25,25079.25,24995.75,25062.25,22282.0
2026-03-17 14:30:00+00:00,25062.25,25092.0,25036.5,25085.75,17098.0
2026-03-17 14:45:00+00:00,25086.5,25091.0,25066.5,25075.75,11910.0
2026-03-17 15:00:00+00:00,25076.0,25089.5,25012.5,25026.0,16948.0
2026-03-17 15:15:00+00:00,25025.0,25057.0,25008.75,25009.75,14839.0
2026-03-17 15:30:00+00:00,25009.0,25032.25,24951.25,24994.75,20217.0
2026-03-17 15:45:00+00:00,24994.0,25014.5,24985.0,24991.0,12586.0
2026-03-17 16:00:00+00:00,24990.75,25001.0,24946.25,24977.0,16700.0
2026-03-17 16:15:00+00:00,24977.75,25026.25,24972.0,25012.25,11639.0
2026-03-17 16:30:00+00:00,25012.25,25025.0,24988.25,25024.75,10636.0
2026-03-17 16:45:00+00:00,25024.75,25026.25,24994.75,24995.5,8229.0
2026-03-17 17:00:00+00:00,24995.5,25037.0,24994.0,25015.5,9736.0
2026-03-17 17:15:00+00:00,25014.5,25023.25,25002.25,25016.75,6560.0
2026-03-17 17:30:00+00:00,25015.75,25035.75,25006.25,25011.25,8030.0
2026-03-17 17:45:00+00:00,25011.75,25044.25,24994.5,25034.5,10139.0
2026-03-17 18:00:00+00:00,25034.25,25057.75,25022.75,25036.0,9662.0
2026-03-17 18:15:00+00:00,25036.0,25042.0,25000.25,25001.5,8119.0
2026-03-17 18:30:00+00:00,25001.75,25009.5,24989.75,24992.25,8902.0
2026-03-17 18:45:00+00:00,24993.0,25017.75,24991.25,25003.25,7158.0
2026-03-17 19:00:00+00:00,25003.5,25019.75,24982.0,25005.25,9420.0
2026-03-17 19:15:00+00:00,25004.5,25025.0,24999.25,25007.25,7318.0
2026-03-17 19:30:00+00:00,25006.5,25016.25,24994.75,24999.0,5726.0
2026-03-17 19:45:00+00:00,24999.5,25027.75,24996.25,25010.5,18335.0
2026-03-17 20:00:00+00:00,25010.5,25029.5,25004.25,25027.0,9466.0
2026-03-17 20:15:00+00:00,25027.75,25030.0,25021.25,25022.25,1466.0
2026-03-17 20:30:00+00:00,25022.25,25027.25,25022.25,25024.75,917.0
2026-03-17 20:45:00+00:00,25024.5,25028.5,25019.5,25027.5,1561.0
2026-03-17 22:00:00+00:00,25019.75,25028.25,25004.75,25015.5,484.0
2026-03-17 22:15:00+00:00,25016.5,25017.0,25002.0,25006.5,860.0
2026-03-17 22:30:00+00:00,25007.25,25011.5,24991.25,24994.5,951.0
2026-03-17 22:45:00+00:00,24994.25,25010.75,24990.75,25006.75,909.0
2026-03-17 23:00:00+00:00,25006.75,25010.75,24995.5,25008.0,862.0
2026-03-17 23:15:00+00:00,25007.25,25023.75,25004.0,25007.5,898.0
2026-03-17 23:30:00+00:00,25006.5,25017.75,24997.75,25004.5,748.0
2026-03-17 23:45:00+00:00,25005.0,25010.75,25001.0,25003.5,629.0
2026-03-18 00:00:00+00:00,25003.25,25053.5,24998.0,25052.0,2056.0
2026-03-18 00:15:00+00:00,25051.75,25055.0,25036.0,25045.5,1369.0
2026-03-18 00:30:00+00:00,25046.0,25056.0,25038.75,25055.0,909.0
2026-03-18 00:45:00+00:00,25053.5,25083.0,25052.5,25078.5,1734.0
2026-03-18 01:00:00+00:00,25079.5,25098.5,25079.5,25089.75,1722.0
2026-03-18 01:15:00+00:00,25090.25,25098.0,25087.5,25090.5,851.0
2026-03-18 01:30:00+00:00,25090.5,25096.75,25085.75,25093.5,745.0
2026-03-18 01:45:00+00:00,25093.75,25097.0,25080.75,25096.5,1074.0
2026-03-18 02:00:00+00:00,25096.0,25111.25,25094.25,25107.0,1160.0
2026-03-18 02:15:00+00:00,25106.25,25130.0,25102.75,25123.5,1470.0
2026-03-18 02:30:00+00:00,25124.5,25130.0,25118.5,25120.5,913.0
2026-03-18 02:45:00+00:00,25120.75,25128.0,25112.5,25118.5,785.0
2026-03-18 03:00:00+00:00,25117.75,25123.25,25107.0,25121.75,881.0
2026-03-18 03:15:00+00:00,25123.0,25127.75,25117.75,25121.75,563.0
2026-03-18 03:30:00+00:00,25121.5,25125.25,25116.5,25121.75,450.0
2026-03-18 03:45:00+00:00,25122.25,25144.25,25122.25,25136.25,1238.0
2026-03-18 04:00:00+00:00,25140.75,25146.25,25139.75,25143.5,948.0
2026-03-18 04:15:00+00:00,25144.25,25145.75,25135.75,25139.0,623.0
2026-03-18 04:30:00+00:00,25139.0,25141.25,25130.5,25133.75,523.0
2026-03-18 04:45:00+00:00,25133.75,25148.5,25133.0,25139.5,694.0
2026-03-18 05:00:00+00:00,25140.0,25153.75,25135.25,25150.75,733.0
2026-03-18 05:15:00+00:00,25150.5,25166.5,25148.25,25159.75,760.0
2026-03-18 05:30:00+00:00,25159.75,25168.0,25158.75,25163.25,807.0
2026-03-18 05:45:00+00:00,25163.5,25170.5,25159.75,25168.5,566.0
2026-03-18 06:00:00+00:00,25169.0,25185.5,25166.0,25176.0,1360.0
2026-03-18 06:15:00+00:00,25175.75,25210.5,25171.25,25204.75,2018.0
2026-03-18 06:30:00+00:00,25204.25,25206.75,25186.25,25187.25,1621.0
2026-03-18 06:45:00+00:00,25187.0,25189.25,25178.25,25181.75,843.0
2026-03-18 07:00:00+00:00,25183.0,25188.75,25173.75,25179.75,1423.0
2026-03-18 07:15:00+00:00,25179.5,25187.5,25167.0,25174.25,1095.0
2026-03-18 07:30:00+00:00,25174.75,25181.25,25169.0,25178.75,1120.0
2026-03-18 07:45:00+00:00,25178.5,25179.75,25158.5,25161.75,1193.0
2026-03-18 08:00:00+00:00,25161.25,25186.0,25157.5,25179.25,1913.0
2026-03-18 08:15:00+00:00,25179.5,25184.5,25160.5,25162.25,1296.0
2026-03-18 08:30:00+00:00,25161.75,25174.0,25153.5,25164.0,1459.0
2026-03-18 08:45:00+00:00,25164.5,25183.5,25160.0,25171.75,1259.0
2026-03-18 09:00:00+00:00,25171.0,25184.0,25158.75,25159.25,1076.0
2026-03-18 09:15:00+00:00,25160.0,25190.25,25158.5,25184.75,1454.0
2026-03-18 09:30:00+00:00,25186.5,25190.5,25178.5,25187.5,1040.0
2026-03-18 09:45:00+00:00,25188.5,25189.25,25167.25,25169.5,1214.0
2026-03-18 10:00:00+00:00,25169.75,25185.0,25165.0,25183.25,1469.0
2026-03-18 10:15:00+00:00,25183.25,25198.25,25179.25,25187.75,1740.0
2026-03-18 10:30:00+00:00,25187.75,25196.75,25175.75,25181.5,1120.0
2026-03-18 10:45:00+00:00,25181.0,25184.25,25158.5,25161.5,1275.0
2026-03-18 11:00:00+00:00,25161.25,25173.0,25146.25,25166.0,2057.0
2026-03-18 11:15:00+00:00,25165.75,25177.25,25104.0,25106.25,3814.0
2026-03-18 11:30:00+00:00,25106.25,25149.75,25097.5,25143.0,3775.0
2026-03-18 11:45:00+00:00,25143.25,25146.25,25111.25,25113.0,2764.0
2026-03-18 12:00:00+00:00,25112.5,25119.0,25030.25,25048.0,7283.0
2026-03-18 12:15:00+00:00,25048.25,25050.75,24999.0,25024.0,7352.0
2026-03-18 12:30:00+00:00,25024.0,25026.25,24905.75,24924.25,13893.0
2026-03-18 12:45:00+00:00,24923.0,24934.75,24869.75,24881.25,10948.0
2026-03-18 13:00:00+00:00,24880.75,24912.0,24864.0,24899.25,7997.0
2026-03-18 13:15:00+00:00,24900.0,24937.0,24877.25,24928.5,9209.0
2026-03-18 13:30:00+00:00,24928.25,24989.75,24904.25,24952.75,28332.0
2026-03-18 13:45:00+00:00,24953.0,24998.25,24930.75,24971.75,18655.0
2026-03-18 14:00:00+00:00,24969.0,24984.75,24893.5,24894.0,19615.0
2026-03-18 14:15:00+00:00,24895.25,24925.5,24811.75,24821.75,21195.0
2026-03-18 14:30:00+00:00,24822.5,24871.25,24817.5,24831.5,16525.0
2026-03-18 14:45:00+00:00,24831.5,24883.25,24819.75,24882.25,12292.0
2026-03-18 15:00:00+00:00,24883.25,24931.75,24863.5,24904.5,18161.0
2026-03-18 15:15:00+00:00,24904.75,24913.75,24860.0,24888.0,9903.0
2026-03-18 15:30:00+00:00,24888.0,24916.75,24881.25,24894.75,9870.0
2026-03-18 15:45:00+00:00,24894.0,24916.75,24875.75,24899.25,9992.0
2026-03-18 16:00:00+00:00,24899.0,24908.75,24866.0,24902.5,9253.0
2026-03-18 16:15:00+00:00,24902.75,24912.0,24877.75,24888.0,6770.0
2026-03-18 16:30:00+00:00,24887.5,24895.25,24830.75,24851.75,10861.0
2026-03-18 16:45:00+00:00,24851.75,24876.5,24841.0,24845.0,6373.0
2026-03-18 17:00:00+00:00,24844.25,24848.0,24795.5,24804.5,9829.0
2026-03-18 17:15:00+00:00,24804.75,24835.5,24797.75,24831.5,5676.0
2026-03-18 17:30:00+00:00,24831.75,24870.25,24811.75,24850.0,7575.0
2026-03-18 17:45:00+00:00,24849.5,24884.75,24847.5,24880.0,6538.0
2026-03-18 18:00:00+00:00,24881.5,24916.5,24858.0,24874.0,10659.0
2026-03-18 18:15:00+00:00,24874.25,24874.25,24825.75,24857.0,9606.0
2026-03-18 18:30:00+00:00,24855.5,24864.0,24787.25,24813.75,15531.0
2026-03-18 18:45:00+00:00,24813.0,24820.0,24741.25,24743.75,13413.0
2026-03-18 19:00:00+00:00,24742.75,24801.5,24735.0,24764.5,12803.0
2026-03-18 19:15:00+00:00,24764.25,24767.0,24709.25,24722.0,13563.0
2026-03-18 19:30:00+00:00,24720.75,24742.25,24671.0,24684.75,14965.0
2026-03-18 19:45:00+00:00,24685.25,24693.0,24641.75,24651.5,28401.0
2026-03-18 20:00:00+00:00,24651.5,24690.0,24616.5,24624.0,11477.0
2026-03-18 20:15:00+00:00,24624.25,24627.25,24565.5,24578.5,6138.0
2026-03-18 20:30:00+00:00,24579.0,24613.25,24579.0,24609.25,3428.0
2026-03-18 20:45:00+00:00,24608.75,24630.25,24605.0,24606.25,3059.0
2026-03-18 22:00:00+00:00,24622.0,24628.5,24590.25,24592.25,1349.0
2026-03-18 22:15:00+00:00,24593.5,24610.75,24577.25,24581.25,2030.0
2026-03-18 22:30:00+00:00,24580.25,24588.5,24562.25,24580.0,1734.0
2026-03-18 22:45:00+00:00,24580.0,24596.5,24579.0,24593.5,1339.0
2026-03-18 23:00:00+00:00,24594.25,24619.0,24592.5,24610.25,1875.0
2026-03-18 23:15:00+00:00,24610.5,24623.25,24603.75,24622.75,900.0
2026-03-18 23:30:00+00:00,24621.75,24644.25,24617.25,24625.5,2196.0
2026-03-18 23:45:00+00:00,24626.0,24628.0,24586.75,24616.75,3361.0
2026-03-19 00:00:00+00:00,24618.25,24644.25,24601.0,24628.75,2546.0
2026-03-19 00:15:00+00:00,24628.25,24634.0,24594.0,24625.0,1824.0
2026-03-19 00:30:00+00:00,24624.25,24634.25,24588.75,24589.0,1841.0
2026-03-19 00:45:00+00:00,24590.25,24621.5,24586.5,24619.5,1697.0
2026-03-19 01:00:00+00:00,24619.75,24625.5,24605.0,24618.25,1004.0
2026-03-19 01:15:00+00:00,24619.75,24641.0,24615.25,24639.25,1215.0
2026-03-19 01:30:00+00:00,24639.75,24665.25,24630.75,24655.25,1828.0
2026-03-19 01:45:00+00:00,24654.5,24670.0,24636.5,24640.0,1771.0
2026-03-19 02:00:00+00:00,24639.75,24686.5,24600.5,24678.75,4356.0
2026-03-19 02:15:00+00:00,24678.75,24706.75,24672.75,24694.75,2650.0
2026-03-19 02:30:00+00:00,24695.75,24725.25,24693.75,24716.5,1840.0
2026-03-19 02:45:00+00:00,24716.0,24717.5,24687.25,24695.75,1432.0
2026-03-19 03:00:00+00:00,24696.0,24715.0,24696.0,24710.75,1025.0
2026-03-19 03:15:00+00:00,24710.75,24712.5,24692.0,24693.75,944.0
2026-03-19 03:30:00+00:00,24693.5,24694.0,24674.75,24678.5,1218.0
2026-03-19 03:45:00+00:00,24679.0,24688.5,24667.5,24669.0,1053.0
2026-03-19 04:00:00+00:00,24641.5,24647.75,24636.5,24644.5,1791.0
2026-03-19 04:15:00+00:00,24644.0,24648.25,24635.25,24638.0,995.0
2026-03-19 04:30:00+00:00,24640.25,24648.0,24616.25,24628.25,1353.0
2026-03-19 04:45:00+00:00,24627.5,24632.25,24610.5,24629.75,1051.0
2026-03-19 05:00:00+00:00,24630.25,24640.0,24619.75,24635.0,1050.0
2026-03-19 05:15:00+00:00,24634.0,24648.0,24614.5,24615.25,1358.0
2026-03-19 05:30:00+00:00,24615.0,24622.0,24576.0,24581.25,1951.0
2026-03-19 05:45:00+00:00,24583.5,24619.25,24579.0,24597.75,1990.0
2026-03-19 06:00:00+00:00,24596.5,24628.0,24589.25,24616.25,2068.0
2026-03-19 06:15:00+00:00,24617.0,24639.0,24602.0,24602.5,1414.0
2026-03-19 06:30:00+00:00,24605.0,24610.5,24573.75,24604.0,2052.0
2026-03-19 06:45:00+00:00,24605.0,24610.0,24582.5,24605.25,1468.0
2026-03-19 07:00:00+00:00,24605.25,24613.5,24558.0,24574.0,3083.0
2026-03-19 07:15:00+00:00,24574.75,24626.75,24573.0,24589.75,2322.0
2026-03-19 07:30:00+00:00,24590.5,24595.5,24556.5,24564.75,2777.0
2026-03-19 07:45:00+00:00,24565.75,24592.5,24543.5,24557.25,2459.0
2026-03-19 08:00:00+00:00,24557.25,24593.5,24540.5,24578.75,3920.0
2026-03-19 08:15:00+00:00,24578.5,24593.25,24540.0,24548.5,4138.0
2026-03-19 08:30:00+00:00,24549.75,24565.5,24506.5,24507.25,4759.0
2026-03-19 08:45:00+00:00,24507.75,24571.5,24505.5,24546.0,4158.0
2026-03-19 09:00:00+00:00,24546.0,24590.75,24546.0,24570.25,3751.0
2026-03-19 09:15:00+00:00,24570.0,24596.5,24500.0,24517.5,7862.0
2026-03-19 09:30:00+00:00,24516.25,24569.75,24511.25,24544.5,5889.0
2026-03-19 09:45:00+00:00,24543.0,24650.25,24539.5,24627.25,7602.0
2026-03-19 10:00:00+00:00,24627.75,24627.75,24597.75,24603.75,3641.0
2026-03-19 10:15:00+00:00,24603.75,24613.0,24590.75,24606.5,2282.0
2026-03-19 10:30:00+00:00,24606.0,24618.75,24572.0,24584.0,2003.0
2026-03-19 10:45:00+00:00,24583.0,24598.0,24573.0,24591.0,1982.0
2026-03-19 11:00:00+00:00,24591.5,24613.5,24562.5,24583.5,3207.0
2026-03-19 11:15:00+00:00,24582.0,24586.75,24529.0,24546.25,2841.0
2026-03-19 11:30:00+00:00,24546.25,24557.25,24509.0,24513.5,3179.0
2026-03-19 11:45:00+00:00,24514.75,24552.75,24510.25,24545.75,3888.0
2026-03-19 12:00:00+00:00,24546.5,24558.25,24478.0,24520.25,9026.0
2026-03-19 12:15:00+00:00,24518.5,24536.0,24458.25,24478.0,5383.0
2026-03-19 12:30:00+00:00,24478.0,24513.25,24438.0,24500.5,7871.0
2026-03-19 12:45:00+00:00,24501.25,24502.25,24422.5,24446.75,6676.0
2026-03-19 13:00:00+00:00,24447.0,24456.25,24410.5,24415.5,6411.0
2026-03-19 13:15:00+00:00,24414.0,24508.5,24401.25,24429.5,13324.0
2026-03-19 13:30:00+00:00,24428.75,24452.75,24326.75,24432.25,36104.0
2026-03-19 13:45:00+00:00,24432.5,24521.25,24392.5,24504.5,23583.0
2026-03-19 14:00:00+00:00,24501.75,24546.75,24469.5,24496.0,21662.0
2026-03-19 14:15:00+00:00,24496.5,24507.0,24407.25,24426.75,17477.0
2026-03-19 14:30:00+00:00,24426.5,24540.5,24422.5,24467.25,19252.0
2026-03-19 14:45:00+00:00,24467.0,24523.75,24451.75,24489.0,12338.0
2026-03-19 15:00:00+00:00,24488.75,24577.5,24480.75,24554.0,16547.0
2026-03-19 15:15:00+00:00,24554.25,24564.0,24445.25,24461.0,16167.0
2026-03-19 15:30:00+00:00,24461.75,24463.25,24400.25,24412.0,15658.0
2026-03-19 15:45:00+00:00,24411.5,24475.75,24397.0,24475.0,15329.0
2026-03-19 16:00:00+00:00,24474.75,24522.75,24453.75,24471.0,15456.0
2026-03-19 16:15:00+00:00,24471.5,24482.5,24435.5,24468.5,8201.0
2026-03-19 16:30:00+00:00,24470.5,24502.75,24439.75,24482.5,9949.0
2026-03-19 16:45:00+00:00,24484.0,24488.25,24423.75,24454.75,8950.0
2026-03-19 17:00:00+00:00,24454.5,24463.5,24377.75,24388.0,12101.0
2026-03-19 17:15:00+00:00,24388.25,24463.25,24379.0,24449.75,11210.0
2026-03-19 17:30:00+00:00,24449.5,24469.0,24411.25,24428.75,9386.0
2026-03-19 17:45:00+00:00,24429.75,24488.25,24415.75,24453.5,8310.0
2026-03-19 18:00:00+00:00,24452.75,24520.75,24425.0,24508.75,11656.0
2026-03-19 18:15:00+00:00,24509.0,24517.0,24468.0,24468.75,8797.0
2026-03-19 18:30:00+00:00,24469.5,24472.25,24420.25,24428.25,9308.0
2026-03-19 18:45:00+00:00,24428.0,24524.5,24418.0,24509.75,13121.0
2026-03-19 19:00:00+00:00,24508.75,24691.5,24506.0,24657.75,41807.0
2026-03-19 19:15:00+00:00,24658.5,24675.75,24574.5,24597.75,18719.0
2026-03-19 19:30:00+00:00,24597.25,24614.5,24544.0,24588.75,13422.0
2026-03-19 19:45:00+00:00,24588.75,24601.25,24562.5,24574.75,19930.0
2026-03-19 20:00:00+00:00,24574.25,24616.25,24563.5,24611.75,11227.0
2026-03-19 20:15:00+00:00,24612.5,24633.0,24612.5,24622.25,3538.0
2026-03-19 20:30:00+00:00,24622.0,24623.5,24611.0,24622.0,2187.0
2026-03-19 20:45:00+00:00,24622.25,24627.25,24611.0,24617.0,2052.0
2026-03-19 22:00:00+00:00,24632.75,24658.5,24603.5,24618.25,1216.0
2026-03-19 22:15:00+00:00,24617.0,24644.25,24612.0,24639.0,1534.0
2026-03-19 22:30:00+00:00,24639.25,24649.0,24633.75,24639.0,1119.0
2026-03-19 22:45:00+00:00,24636.5,24639.5,24621.5,24635.25,919.0
2026-03-19 23:00:00+00:00,24636.75,24658.75,24632.25,24635.0,1699.0
2026-03-19 23:15:00+00:00,24635.25,24637.0,24608.25,24615.75,1489.0
2026-03-19 23:30:00+00:00,24617.0,24626.5,24605.0,24608.25,1081.0
2026-03-19 23:45:00+00:00,24607.25,24635.0,24605.25,24620.0,1396.0
2026-03-20 00:00:00+00:00,24619.5,24642.75,24586.75,24637.5,2541.0
2026-03-20 00:15:00+00:00,24639.0,24639.0,24581.75,24595.5,1752.0
2026-03-20 00:30:00+00:00,24595.0,24611.25,24582.25,24595.0,1239.0
2026-03-20 00:45:00+00:00,24596.25,24609.5,24589.5,24598.25,1122.0
2026-03-20 01:00:00+00:00,24599.0,24632.75,24590.0,24623.75,1924.0
2026-03-20 01:15:00+00:00,24624.25,24625.75,24592.0,24615.0,1524.0
2026-03-20 01:30:00+00:00,24615.0,24653.75,24615.0,24650.25,1738.0
2026-03-20 01:45:00+00:00,24652.25,24660.5,24608.75,24617.25,1215.0
2026-03-20 02:00:00+00:00,24619.75,24637.25,24611.5,24632.25,821.0
2026-03-20 02:15:00+00:00,24633.0,24637.25,24619.75,24623.75,644.0
2026-03-20 02:30:00+00:00,24622.75,24631.25,24611.75,24628.5,690.0
2026-03-20 02:45:00+00:00,24628.75,24641.75,24620.0,24620.0,824.0
2026-03-20 03:00:00+00:00,24622.75,24624.25,24608.75,24613.5,765.0
2026-03-20 03:15:00+00:00,24614.25,24619.25,24597.75,24610.25,872.0
2026-03-20 03:30:00+00:00,24610.5,24628.75,24603.25,24609.5,1234.0
2026-03-20 03:45:00+00:00,24608.25,24615.75,24603.75,24606.5,589.0
2026-03-20 04:00:00+00:00,24613.0,24616.0,24606.75,24609.5,574.0
2026-03-20 04:15:00+00:00,24610.0,24610.5,24589.5,24601.0,687.0
2026-03-20 04:30:00+00:00,24601.25,24605.0,24589.0,24591.5,463.0
2026-03-20 04:45:00+00:00,24591.25,24594.5,24585.0,24586.0,455.0
2026-03-20 05:00:00+00:00,24585.0,24585.0,24559.5,24573.25,1188.0
2026-03-20 05:15:00+00:00,24573.5,24601.5,24573.5,24594.0,859.0
2026-03-20 05:30:00+00:00,24595.25,24601.25,24581.75,24597.5,658.0
2026-03-20 05:45:00+00:00,24598.5,24603.0,24587.5,24592.5,661.0
2026-03-20 06:00:00+00:00,24592.25,24604.25,24580.75,24588.25,871.0
2026-03-20 06:15:00+00:00,24584.5,24587.0,24551.5,24558.25,1051.0
2026-03-20 06:30:00+00:00,24558.5,24570.5,24536.75,24550.0,1219.0
2026-03-20 06:45:00+00:00,24550.0,24550.0,24518.5,24529.0,1303.0
2026-03-20 07:00:00+00:00,24527.75,24527.75,24482.75,24521.25,2982.0
2026-03-20 07:15:00+00:00,24521.75,24563.0,24519.5,24554.5,1723.0
2026-03-20 07:30:00+00:00,24554.5,24599.5,24552.5,24598.75,1903.0
2026-03-20 07:45:00+00:00,24599.5,24607.5,24590.75,24593.75,1560.0
2026-03-20 08:00:00+00:00,24594.0,24614.75,24575.5,24613.25,3105.0
2026-03-20 08:15:00+00:00,24613.0,24616.25,24565.5,24565.75,2147.0
2026-03-20 08:30:00+00:00,24565.5,24603.5,24556.75,24571.0,3295.0
2026-03-20 08:45:00+00:00,24572.25,24586.0,24553.0,24559.25,2538.0
2026-03-20 09:00:00+00:00,24560.0,24585.5,24537.5,24543.5,2582.0
2026-03-20 09:15:00+00:00,24543.0,24545.5,24495.0,24500.25,3015.0
2026-03-20 09:30:00+00:00,24500.0,24521.0,24462.0,24480.25,4359.0
2026-03-20 09:45:00+00:00,24480.75,24482.5,24408.5,24432.0,5971.0
2026-03-20 10:00:00+00:00,24430.75,24440.25,24319.0,24352.25,8201.0
2026-03-20 10:15:00+00:00,24351.5,24369.5,24333.0,24362.25,4380.0
2026-03-20 10:30:00+00:00,24362.5,24430.5,24361.25,24419.0,4203.0
2026-03-20 10:45:00+00:00,24419.25,24420.0,24395.75,24406.75,2865.0
2026-03-20 11:00:00+00:00,24408.0,24468.5,24397.5,24452.25,4318.0
2026-03-20 11:15:00+00:00,24451.0,24467.0,24442.0,24452.0,2473.0
2026-03-20 11:30:00+00:00,24453.5,24463.0,24427.25,24443.5,2920.0
2026-03-20 11:45:00+00:00,24443.5,24447.75,24410.0,24444.25,2793.0
2026-03-20 12:00:00+00:00,24444.25,24499.0,24424.75,24474.25,5667.0
2026-03-20 12:15:00+00:00,24473.5,24496.5,24444.25,24493.25,3769.0
2026-03-20 12:30:00+00:00,24493.75,24495.25,24440.25,24460.0,4982.0
2026-03-20 12:45:00+00:00,24459.0,24502.0,24450.5,24496.5,4501.0
2026-03-20 13:00:00+00:00,24496.25,24509.25,24458.5,24467.75,4491.0
2026-03-20 13:15:00+00:00,24467.0,24527.5,24464.25,24488.25,9022.0
2026-03-20 13:30:00+00:00,24487.25,24491.25,24380.0,24454.5,31370.0
2026-03-20 13:45:00+00:00,24454.25,24470.0,24279.75,24285.0,27197.0
2026-03-20 14:00:00+00:00,24285.75,24328.0,24240.5,24255.25,28059.0
2026-03-20 14:15:00+00:00,24255.0,24297.0,24249.5,24270.5,16994.0
2026-03-20 14:30:00+00:00,24271.25,24327.25,24265.0,24284.25,16915.0
2026-03-20 14:45:00+00:00,24284.25,24305.75,24231.25,24271.0,16007.0
2026-03-20 15:00:00+00:00,24270.0,24319.0,24237.0,24304.75,16470.0
2026-03-20 15:15:00+00:00,24305.25,24343.25,24246.75,24264.5,18642.0
2026-03-20 15:30:00+00:00,24265.5,24303.75,24254.5,24297.25,10104.0
2026-03-20 15:45:00+00:00,24296.0,24321.75,24271.75,24310.75,9307.0
2026-03-20 16:00:00+00:00,24311.75,24356.0,24301.75,24337.25,12442.0
2026-03-20 16:15:00+00:00,24337.5,24356.75,24301.5,24305.5,10771.0
2026-03-20 16:30:00+00:00,24306.25,24306.25,24254.0,24264.75,11093.0
2026-03-20 16:45:00+00:00,24265.0,24299.5,24235.5,24272.25,10718.0
2026-03-20 17:00:00+00:00,24272.5,24292.5,24225.75,24253.5,12487.0
2026-03-20 17:15:00+00:00,24253.5,24264.0,24228.25,24235.75,8925.0
2026-03-20 17:30:00+00:00,24236.0,24242.75,24168.0,24186.0,13879.0
2026-03-20 17:45:00+00:00,24185.75,24218.0,24164.0,24212.25,9642.0
2026-03-20 18:00:00+00:00,24211.75,24222.25,24175.75,24185.0,7873.0
2026-03-20 18:15:00+00:00,24186.0,24190.5,24114.5,24146.25,15381.0
2026-03-20 18:30:00+00:00,24146.25,24154.0,24089.25,24092.75,11878.0
2026-03-20 18:45:00+00:00,24092.75,24105.25,24070.5,24094.25,10566.0
2026-03-20 19:00:00+00:00,24094.5,24118.0,24063.25,24086.5,12140.0
2026-03-20 19:15:00+00:00,24086.0,24099.0,24047.5,24059.75,13305.0
2026-03-20 19:30:00+00:00,24059.75,24074.25,23971.25,24052.0,21203.0
2026-03-20 19:45:00+00:00,24051.25,24114.5,24016.25,24113.0,41133.0
2026-03-20 20:00:00+00:00,24114.0,24151.25,24096.0,24144.75,14749.0
2026-03-20 20:15:00+00:00,24144.75,24147.0,24125.5,24135.25,4004.0
2026-03-20 20:30:00+00:00,24134.25,24180.5,24131.25,24173.0,3779.0
2026-03-20 20:45:00+00:00,24173.5,24216.0,24172.75,24206.5,5912.0
2026-03-22 22:00:00+00:00,24005.0,24006.0,23956.25,23971.25,1258.0
2026-03-22 22:15:00+00:00,23970.5,24095.0,23969.0,24068.25,5417.0
2026-03-22 22:30:00+00:00,24070.75,24093.75,24020.75,24029.0,3604.0
2026-03-22 22:45:00+00:00,24029.25,24070.0,24029.25,24044.0,2260.0
2026-03-22 23:00:00+00:00,24046.75,24084.5,24044.5,24078.25,1599.0
2026-03-22 23:15:00+00:00,24078.0,24082.5,24031.0,24036.5,1828.0
2026-03-22 23:30:00+00:00,24033.5,24051.0,24024.25,24038.5,1295.0
2026-03-22 23:45:00+00:00,24039.0,24039.5,23975.5,24007.25,4320.0
2026-03-23 00:00:00+00:00,24008.0,24071.5,23973.0,24056.25,4281.0
2026-03-23 00:15:00+00:00,24056.25,24091.0,24032.0,24050.25,3232.0
2026-03-23 00:30:00+00:00,24049.0,24056.75,23953.25,23990.0,4476.0
2026-03-23 00:45:00+00:00,23988.25,23994.5,23940.25,23949.25,3550.0
2026-03-23 01:00:00+00:00,23950.25,24006.0,23936.25,23992.25,3949.0
2026-03-23 01:15:00+00:00,23992.25,24036.5,23988.5,24028.0,2330.0
2026-03-23 01:30:00+00:00,24029.5,24072.75,24013.0,24063.75,2944.0
2026-03-23 01:45:00+00:00,24064.25,24071.0,24035.5,24044.5,1980.0
2026-03-23 02:00:00+00:00,24045.0,24064.5,24027.5,24033.25,1729.0
2026-03-23 02:15:00+00:00,24034.5,24068.5,24022.5,24044.5,1824.0
2026-03-23 02:30:00+00:00,24043.5,24047.75,24011.0,24014.25,1703.0
2026-03-23 02:45:00+00:00,24013.75,24018.25,23989.75,24009.25,1601.0
2026-03-23 03:00:00+00:00,24010.0,24027.25,23977.25,23978.0,1494.0
2026-03-23 03:15:00+00:00,23980.5,24003.75,23972.25,23994.25,1582.0
2026-03-23 03:30:00+00:00,23996.5,24003.0,23973.0,23986.0,1372.0
2026-03-23 03:45:00+00:00,23987.0,23992.25,23950.25,23954.75,1130.0
2026-03-23 04:00:00+00:00,23955.75,23970.5,23946.0,23970.5,1398.0
2026-03-23 04:15:00+00:00,23969.25,23995.5,23966.25,23990.5,1088.0
2026-03-23 04:30:00+00:00,23989.0,24004.0,23984.25,23986.25,734.0
2026-03-23 04:45:00+00:00,23989.25,24003.75,23976.75,23996.0,1143.0
2026-03-23 05:00:00+00:00,23995.75,24033.75,23993.75,24013.5,1605.0
2026-03-23 05:15:00+00:00,24013.5,24023.25,23979.0,23985.5,1232.0
2026-03-23 05:30:00+00:00,23985.5,24002.25,23938.0,23966.5,2347.0
2026-03-23 05:45:00+00:00,23964.25,23978.75,23932.75,23974.5,1764.0
2026-03-23 06:00:00+00:00,23972.75,23975.75,23915.0,23935.5,2050.0
2026-03-23 06:15:00+00:00,23936.25,23949.75,23921.75,23928.5,1791.0
2026-03-23 06:30:00+00:00,23928.75,23929.0,23871.0,23872.0,2850.0
2026-03-23 06:45:00+00:00,23871.25,23885.25,23827.0,23854.5,3461.0
2026-03-23 07:00:00+00:00,23855.75,23913.25,23833.25,23894.25,3444.0
2026-03-23 07:15:00+00:00,23893.0,23898.25,23772.5,23799.75,4916.0
2026-03-23 07:30:00+00:00,23801.25,23837.25,23790.75,23833.0,2745.0
2026-03-23 07:45:00+00:00,23836.25,23878.5,23823.0,23842.75,2894.0
2026-03-23 08:00:00+00:00,23841.5,23925.25,23839.75,23917.5,5227.0
2026-03-23 08:15:00+00:00,23916.75,23926.75,23882.75,23898.0,3706.0
2026-03-23 08:30:00+00:00,23898.5,23952.0,23891.75,23916.5,3411.0
2026-03-23 08:45:00+00:00,23917.5,23955.25,23915.25,23932.0,3156.0
2026-03-23 09:00:00+00:00,23932.25,23949.0,23896.25,23937.0,3140.0
2026-03-23 09:15:00+00:00,23937.0,23971.5,23918.25,23933.5,2888.0
2026-03-23 09:30:00+00:00,23932.0,23935.25,23845.25,23871.25,4336.0
2026-03-23 09:45:00+00:00,23870.5,23891.75,23856.5,23882.25,2747.0
2026-03-23 10:00:00+00:00,23884.0,23929.0,23875.25,23898.75,3301.0
2026-03-23 10:15:00+00:00,23898.75,23907.0,23843.75,23852.5,3012.0
2026-03-23 10:30:00+00:00,23851.0,23887.0,23834.5,23855.5,2752.0
2026-03-23 10:45:00+00:00,23856.0,23925.75,23815.75,23881.25,5239.0
2026-03-23 11:00:00+00:00,23881.25,24763.0,23875.5,24720.75,28148.0
2026-03-23 11:15:00+00:00,24720.5,24742.75,24461.0,24516.75,15991.0
2026-03-23 11:30:00+00:00,24516.0,24697.0,24508.75,24526.5,10342.0
2026-03-23 11:45:00+00:00,24530.5,24544.5,24370.0,24390.0,10138.0
2026-03-23 12:00:00+00:00,24392.75,24481.0,24345.0,24399.0,8658.0
2026-03-23 12:15:00+00:00,24399.25,24522.0,24394.25,24499.5,7939.0
2026-03-23 12:30:00+00:00,24497.75,24571.75,24453.25,24569.25,12303.0
2026-03-23 12:45:00+00:00,24568.75,24621.0,24526.25,24608.5,10522.0
2026-03-23 13:00:00+00:00,24610.0,24648.0,24539.75,24552.5,9723.0
2026-03-23 13:15:00+00:00,24551.75,24568.75,24481.75,24492.75,10181.0
2026-03-23 13:30:00+00:00,24493.25,24567.75,24432.5,24497.0,33169.0
2026-03-23 13:45:00+00:00,24498.0,24610.0,24487.0,24599.25,20231.0
2026-03-23 14:00:00+00:00,24600.5,24623.75,24527.5,24604.75,23622.0
2026-03-23 14:15:00+00:00,24605.5,24688.25,24603.0,24637.25,20045.0
2026-03-23 14:30:00+00:00,24636.75,24654.25,24596.0,24603.0,13829.0
2026-03-23 14:45:00+00:00,24602.0,24647.5,24579.25,24609.5,14675.0
2026-03-23 15:00:00+00:00,24611.0,24690.0,24601.0,24662.75,15789.0
2026-03-23 15:15:00+00:00,24663.0,24669.0,24597.25,24612.25,13844.0
2026-03-23 15:30:00+00:00,24612.25,24631.5,24517.75,24538.0,15479.0
2026-03-23 15:45:00+00:00,24538.0,24538.5,24370.25,24381.5,22923.0
2026-03-23 16:00:00+00:00,24382.0,24465.5,24377.75,24448.75,19159.0
2026-03-23 16:15:00+00:00,24448.0,24455.5,24308.5,24317.5,16251.0
2026-03-23 16:30:00+00:00,24317.5,24404.25,24311.75,24395.25,16044.0
2026-03-23 16:45:00+00:00,24395.0,24426.0,24349.0,24368.75,12091.0
2026-03-23 17:00:00+00:00,24369.0,24393.25,24341.25,24355.5,8816.0
2026-03-23 17:15:00+00:00,24355.0,24371.25,24311.25,24355.25,9442.0
2026-03-23 17:30:00+00:00,24355.75,24471.5,24354.75,24414.5,15038.0
2026-03-23 17:45:00+00:00,24414.75,24473.75,24389.25,24468.25,8256.0
2026-03-23 18:00:00+00:00,24468.5,24489.0,24416.75,24456.5,10693.0
2026-03-23 18:15:00+00:00,24456.25,24467.5,24433.0,24446.5,6228.0
2026-03-23 18:30:00+00:00,24446.75,24536.75,24446.25,24505.75,15205.0
2026-03-23 18:45:00+00:00,24505.5,24527.5,24497.5,24514.0,6728.0
2026-03-23 19:00:00+00:00,24514.25,24516.5,24492.0,24494.25,6685.0
2026-03-23 19:15:00+00:00,24494.0,24502.0,24459.25,24474.5,9694.0
2026-03-23 19:30:00+00:00,24474.25,24496.25,24466.5,24495.5,6835.0
2026-03-23 19:45:00+00:00,24495.75,24514.0,24398.25,24399.25,26122.0
2026-03-23 20:00:00+00:00,24399.5,24415.25,24359.0,24412.5,11123.0
2026-03-23 20:15:00+00:00,24413.25,24425.0,24398.25,24411.25,2111.0
2026-03-23 20:30:00+00:00,24412.75,24433.75,24400.25,24424.75,1648.0
2026-03-23 20:45:00+00:00,24424.5,24425.75,24391.0,24400.0,1418.0
2026-03-23 22:00:00+00:00,24417.25,24433.75,24377.25,24425.0,1347.0
2026-03-23 22:15:00+00:00,24425.0,24440.25,24416.5,24431.5,889.0
2026-03-23 22:30:00+00:00,24430.5,24447.75,24413.75,24442.0,1216.0
2026-03-23 22:45:00+00:00,24444.5,24489.75,24439.25,24482.0,1433.0
2026-03-23 23:00:00+00:00,24483.25,24484.0,24460.0,24471.25,936.0
2026-03-23 23:15:00+00:00,24471.5,24478.0,24463.25,24466.25,708.0
2026-03-23 23:30:00+00:00,24465.25,24474.25,24450.0,24471.5,1012.0
2026-03-23 23:45:00+00:00,24471.5,24474.25,24426.75,24455.5,2227.0
2026-03-24 00:00:00+00:00,24454.75,24457.75,24367.5,24368.25,3008.0
2026-03-24 00:15:00+00:00,24369.5,24399.0,24301.75,24391.25,4507.0
2026-03-24 00:30:00+00:00,24389.25,24401.0,24266.75,24319.75,3743.0
2026-03-24 00:45:00+00:00,24318.5,24343.0,24312.75,24322.5,1810.0
2026-03-24 01:00:00+00:00,24326.25,24326.5,24257.75,24279.75,2394.0
2026-03-24 01:15:00+00:00,24281.0,24316.25,24257.0,24303.25,2171.0
2026-03-24 01:30:00+00:00,24302.0,24302.0,24238.25,24243.5,1678.0
2026-03-24 01:45:00+00:00,24242.25,24265.75,24232.25,24263.75,1524.0
2026-03-24 02:00:00+00:00,24263.0,24267.75,24222.75,24238.75,1587.0
2026-03-24 02:15:00+00:00,24238.75,24294.0,24238.75,24275.75,1785.0
2026-03-24 02:30:00+00:00,24274.75,24283.0,24255.75,24278.0,1345.0
2026-03-24 02:45:00+00:00,24278.75,24290.75,24245.5,24249.5,1308.0
2026-03-24 03:00:00+00:00,24250.0,24256.75,24234.0,24248.5,805.0
2026-03-24 03:15:00+00:00,24249.5,24282.5,24249.0,24274.0,896.0
2026-03-24 03:30:00+00:00,24272.0,24273.0,24231.0,24262.5,1205.0
2026-03-24 03:45:00+00:00,24261.75,24278.0,24253.25,24274.75,545.0
2026-03-24 04:00:00+00:00,24292.0,24303.5,24284.75,24295.75,1177.0
2026-03-24 04:15:00+00:00,24294.5,24294.5,24256.75,24259.0,947.0
2026-03-24 04:30:00+00:00,24258.75,24264.75,24241.25,24245.0,776.0
2026-03-24 04:45:00+00:00,24245.5,24272.25,24243.75,24256.5,796.0
2026-03-24 05:00:00+00:00,24258.0,24260.5,24203.5,24233.0,1919.0
2026-03-24 05:15:00+00:00,24235.0,24305.0,24193.5,24198.25,3200.0
2026-03-24 05:30:00+00:00,24196.25,24267.25,24195.0,24253.25,1359.0
2026-03-24 05:45:00+00:00,24250.0,24269.0,24247.0,24262.5,674.0
2026-03-24 06:00:00+00:00,24263.0,24297.75,24259.75,24293.75,1313.0
2026-03-24 06:15:00+00:00,24293.25,24345.0,24287.25,24323.5,1890.0
2026-03-24 06:30:00+00:00,24323.75,24363.25,24323.75,24353.75,1457.0
2026-03-24 06:45:00+00:00,24354.5,24397.75,24341.75,24376.5,1871.0
2026-03-24 07:00:00+00:00,24376.5,24501.0,24371.25,24484.0,4685.0
2026-03-24 07:15:00+00:00,24482.75,24507.25,24455.0,24467.5,3476.0
2026-03-24 07:30:00+00:00,24466.25,24473.5,24434.0,24461.5,2000.0
2026-03-24 07:45:00+00:00,24456.5,24473.0,24441.5,24467.0,1440.0
2026-03-24 08:00:00+00:00,24466.5,24491.0,24450.0,24474.0,2637.0
2026-03-24 08:15:00+00:00,24475.25,24490.5,24392.0,24398.0,3595.0
2026-03-24 08:30:00+00:00,24397.5,24424.25,24381.75,24391.25,1980.0
2026-03-24 08:45:00+00:00,24391.75,24422.0,24361.0,24377.5,3079.0
2026-03-24 09:00:00+00:00,24379.25,24399.0,24304.25,24305.5,2616.0
2026-03-24 09:15:00+00:00,24307.25,24366.75,24304.75,24359.5,2443.0
2026-03-24 09:30:00+00:00,24358.0,24396.0,24343.25,24390.0,2056.0
2026-03-24 09:45:00+00:00,24389.75,24429.25,24364.0,24420.25,1996.0
2026-03-24 10:00:00+00:00,24421.5,24434.0,24374.75,24425.25,2130.0
2026-03-24 10:15:00+00:00,24421.25,24431.25,24384.5,24388.0,1394.0
2026-03-24 10:30:00+00:00,24390.5,24430.0,24369.5,24416.5,2158.0
2026-03-24 10:45:00+00:00,24416.5,24429.5,24381.75,24406.5,1141.0
2026-03-24 11:00:00+00:00,24407.0,24424.25,24375.0,24413.0,1770.0
2026-03-24 11:15:00+00:00,24411.75,24413.0,24366.75,24385.0,1975.0
2026-03-24 11:30:00+00:00,24383.25,24392.0,24365.0,24370.25,1610.0
2026-03-24 11:45:00+00:00,24373.5,24415.75,24297.5,24383.0,5560.0
2026-03-24 12:00:00+00:00,24384.0,24397.75,24319.5,24345.25,3203.0
2026-03-24 12:15:00+00:00,24344.0,24375.25,24328.75,24356.25,2245.0
2026-03-24 12:30:00+00:00,24355.75,24359.75,24267.25,24271.5,5704.0
2026-03-24 12:45:00+00:00,24270.5,24307.5,24263.75,24280.25,4148.0
2026-03-24 13:00:00+00:00,24279.5,24295.0,24205.25,24255.0,7555.0
2026-03-24 13:15:00+00:00,24256.0,24271.25,24223.75,24255.5,7287.0
2026-03-24 13:30:00+00:00,24255.5,24317.5,24137.75,24188.0,32040.0
2026-03-24 13:45:00+00:00,24185.0,24228.75,24134.0,24215.75,21839.0
2026-03-24 14:00:00+00:00,24215.75,24283.0,24175.75,24222.5,22028.0
2026-03-24 14:15:00+00:00,24222.25,24248.25,24181.0,24204.75,15410.0
2026-03-24 14:30:00+00:00,24205.0,24251.75,24182.75,24250.0,12456.0
2026-03-24 14:45:00+00:00,24250.0,24343.0,24183.25,24242.5,33589.0
2026-03-24 15:00:00+00:00,24244.5,24319.0,24240.5,24311.5,14279.0
2026-03-24 15:15:00+00:00,24311.75,24385.25,24306.5,24341.5,15286.0
2026-03-24 15:30:00+00:00,24341.0,24364.0,24300.5,24342.5,10476.0
2026-03-24 15:45:00+00:00,24342.5,24378.25,24285.75,24295.5,11634.0
2026-03-24 16:00:00+00:00,24295.0,24312.25,24266.25,24289.0,9393.0
2026-03-24 16:15:00+00:00,24288.5,24346.25,24285.25,24331.0,8328.0
2026-03-24 16:30:00+00:00,24330.75,24338.5,24244.25,24288.75,10328.0
2026-03-24 16:45:00+00:00,24288.75,24315.5,24257.0,24281.25,9213.0
2026-03-24 17:00:00+00:00,24280.75,24294.75,24167.75,24187.0,15712.0
2026-03-24 17:15:00+00:00,24186.75,24203.75,24165.25,24200.0,9868.0
2026-03-24 17:30:00+00:00,24199.0,24227.0,24160.25,24168.0,9230.0
2026-03-24 17:45:00+00:00,24168.0,24253.25,24161.25,24242.5,13796.0
2026-03-24 18:00:00+00:00,24243.0,24275.25,24224.0,24238.25,7898.0
2026-03-24 18:15:00+00:00,24239.0,24274.25,24209.25,24259.75,9092.0
2026-03-24 18:30:00+00:00,24259.75,24348.0,24247.5,24295.75,16751.0
2026-03-24 18:45:00+00:00,24296.0,24312.0,24258.0,24275.75,7909.0
2026-03-24 19:00:00+00:00,24276.25,24317.0,24274.0,24315.5,7336.0
2026-03-24 19:15:00+00:00,24315.75,24319.75,24264.75,24267.75,7324.0
2026-03-24 19:30:00+00:00,24266.25,24280.75,24224.0,24240.75,10997.0
2026-03-24 19:45:00+00:00,24239.75,24240.75,24188.5,24218.75,18617.0
2026-03-24 20:00:00+00:00,24218.75,24238.5,24214.25,24236.75,6012.0
2026-03-24 20:15:00+00:00,24236.25,24550.0,24225.5,24422.0,17634.0
2026-03-24 20:30:00+00:00,24421.5,24540.0,24391.0,24430.25,10636.0
2026-03-24 20:45:00+00:00,24428.25,24446.75,24374.5,24403.75,4734.0
2026-03-24 22:00:00+00:00,24420.0,24458.5,24419.0,24428.0,1630.0
2026-03-24 22:15:00+00:00,24428.0,24428.0,24380.75,24398.75,2731.0
2026-03-24 22:30:00+00:00,24399.0,24426.0,24399.0,24421.5,1281.0
2026-03-24 22:45:00+00:00,24423.0,24431.25,24408.0,24426.5,1184.0
2026-03-24 23:00:00+00:00,24425.25,24433.0,24402.25,24416.75,1486.0
2026-03-24 23:15:00+00:00,24417.25,24444.0,24417.0,24430.0,1199.0
2026-03-24 23:30:00+00:00,24433.0,24438.25,24411.75,24415.25,1243.0
2026-03-24 23:45:00+00:00,24413.5,24421.0,24407.5,24411.75,1004.0
2026-03-25 00:00:00+00:00,24412.0,24454.5,24382.75,24443.25,3340.0
2026-03-25 00:15:00+00:00,24442.75,24454.5,24414.0,24427.75,1981.0
2026-03-25 00:30:00+00:00,24427.0,24494.0,24388.5,24471.75,3417.0
2026-03-25 00:45:00+00:00,24471.75,24476.5,24447.75,24449.75,1387.0
2026-03-25 01:00:00+00:00,24449.0,24468.5,24432.75,24437.5,1710.0
2026-03-25 01:15:00+00:00,24440.0,24460.0,24429.0,24442.25,1347.0
2026-03-25 01:30:00+00:00,24441.5,24448.5,24410.0,24418.0,2044.0
2026-03-25 01:45:00+00:00,24417.75,24426.75,24392.5,24395.25,1302.0
2026-03-25 02:00:00+00:00,24396.5,24401.0,24350.25,24356.0,2579.0
2026-03-25 02:15:00+00:00,24354.25,24377.0,24353.75,24372.75,1272.0
2026-03-25 02:30:00+00:00,24370.5,24378.5,24357.75,24363.75,972.0
2026-03-25 02:45:00+00:00,24364.25,24375.0,24334.0,24335.25,1486.0
2026-03-25 03:00:00+00:00,24337.0,24356.25,24327.0,24331.75,1283.0
2026-03-25 03:15:00+00:00,24331.5,24344.0,24320.5,24339.75,884.0
2026-03-25 03:30:00+00:00,24339.5,24367.5,24335.0,24358.25,938.0
2026-03-25 03:45:00+00:00,24358.75,24389.0,24358.0,24376.5,1008.0
2026-03-25 04:00:00+00:00,24387.5,24403.5,24385.75,24402.25,1150.0
2026-03-25 04:15:00+00:00,24402.75,24420.5,24393.75,24412.75,845.0
2026-03-25 04:30:00+00:00,24412.75,24421.5,24404.5,24407.5,902.0
2026-03-25 04:45:00+00:00,24406.5,24420.0,24392.75,24418.5,734.0
2026-03-25 05:00:00+00:00,24419.25,24429.0,24402.5,24423.5,1018.0
2026-03-25 05:15:00+00:00,24423.25,24423.25,24402.75,24409.0,608.0
2026-03-25 05:30:00+00:00,24408.0,24425.25,24405.75,24421.5,773.0
2026-03-25 05:45:00+00:00,24421.0,24424.5,24372.5,24382.0,1009.0
2026-03-25 06:00:00+00:00,24382.5,24383.0,24355.0,24363.5,1168.0
2026-03-25 06:15:00+00:00,24363.75,24371.25,24341.0,24345.0,1176.0
2026-03-25 06:30:00+00:00,24343.75,24358.25,24323.75,24353.0,1933.0
2026-03-25 06:45:00+00:00,24353.25,24390.0,24350.0,24378.0,1669.0
2026-03-25 07:00:00+00:00,24377.0,24403.0,24352.0,24394.75,2005.0
2026-03-25 07:15:00+00:00,24395.5,24400.75,24353.25,24362.75,1281.0
2026-03-25 07:30:00+00:00,24364.75,24405.5,24360.75,24394.0,1142.0
2026-03-25 07:45:00+00:00,24396.75,24419.75,24390.5,24408.25,1236.0
2026-03-25 08:00:00+00:00,24408.5,24498.75,24408.5,24498.0,4958.0
2026-03-25 08:15:00+00:00,24497.5,24535.0,24493.25,24503.75,3765.0
2026-03-25 08:30:00+00:00,24504.5,24524.75,24469.5,24490.0,3382.0
2026-03-25 08:45:00+00:00,24489.5,24499.0,24424.75,24439.0,3175.0
2026-03-25 09:00:00+00:00,24441.25,24481.25,24422.5,24474.0,2562.0
2026-03-25 09:15:00+00:00,24472.25,24477.25,24438.75,24449.0,1713.0
2026-03-25 09:30:00+00:00,24449.75,24466.75,24438.5,24441.75,1238.0
2026-03-25 09:45:00+00:00,24441.25,24480.25,24412.5,24453.75,4096.0
2026-03-25 10:00:00+00:00,24454.75,24487.5,24450.0,24461.75,2609.0
2026-03-25 10:15:00+00:00,24461.5,24473.25,24441.5,24443.75,1665.0
2026-03-25 10:30:00+00:00,24443.5,24457.75,24428.25,24428.75,1945.0
2026-03-25 10:45:00+00:00,24428.25,24462.5,24426.75,24449.0,1653.0
2026-03-25 11:00:00+00:00,24447.75,24484.0,24446.0,24472.75,1991.0
2026-03-25 11:15:00+00:00,24474.25,24500.5,24465.5,24487.25,2317.0
2026-03-25 11:30:00+00:00,24487.75,24522.0,24484.75,24511.25,2659.0
2026-03-25 11:45:00+00:00,24512.25,24512.25,24440.25,24495.0,5959.0
2026-03-25 12:00:00+00:00,24494.5,24539.75,24494.25,24525.5,4893.0
2026-03-25 12:15:00+00:00,24523.0,24527.0,24394.0,24432.75,10156.0
2026-03-25 12:30:00+00:00,24432.0,24456.75,24373.0,24427.25,6050.0
2026-03-25 12:45:00+00:00,24427.75,24477.75,24410.75,24448.0,3877.0
2026-03-25 13:00:00+00:00,24448.75,24485.25,24419.5,24449.75,5491.0
2026-03-25 13:15:00+00:00,24450.5,24455.0,24425.0,24430.0,4154.0
2026-03-25 13:30:00+00:00,24430.75,24526.0,24426.0,24451.5,27235.0
2026-03-25 13:45:00+00:00,24452.25,24467.0,24360.75,24368.5,22768.0
2026-03-25 14:00:00+00:00,24368.5,24460.75,24327.5,24456.25,24592.0
2026-03-25 14:15:00+00:00,24456.75,24507.0,24439.0,24479.5,21443.0
2026-03-25 14:30:00+00:00,24480.0,24514.0,24456.5,24492.0,14628.0
2026-03-25 14:45:00+00:00,24493.0,24519.5,24475.75,24484.25,9739.0
2026-03-25 15:00:00+00:00,24483.75,24494.25,24385.5,24387.25,16227.0
2026-03-25 15:15:00+00:00,24386.5,24428.25,24286.5,24426.25,30772.0
2026-03-25 15:30:00+00:00,24426.0,24444.75,24342.75,24370.0,15787.0
2026-03-25 15:45:00+00:00,24369.25,24393.25,24347.25,24378.25,12731.0
2026-03-25 16:00:00+00:00,24377.5,24387.0,24330.75,24359.25,10396.0
2026-03-25 16:15:00+00:00,24359.0,24438.75,24343.75,24412.25,14327.0
2026-03-25 16:30:00+00:00,24412.25,24450.25,24394.25,24438.5,10896.0
2026-03-25 16:45:00+00:00,24438.25,24443.0,24396.0,24422.0,8955.0
2026-03-25 17:00:00+00:00,24422.5,24442.5,24377.25,24414.0,10090.0
2026-03-25 17:15:00+00:00,24413.75,24445.75,24383.75,24430.5,8005.0
2026-03-25 17:30:00+00:00,24431.5,24493.75,24410.25,24468.75,11693.0
2026-03-25 17:45:00+00:00,24468.5,24469.75,24402.25,24427.75,14931.0
2026-03-25 18:00:00+00:00,24426.0,24440.0,24406.5,24429.75,6646.0
2026-03-25 18:15:00+00:00,24430.5,24453.0,24412.0,24413.0,6400.0
2026-03-25 18:30:00+00:00,24412.75,24422.5,24386.5,24397.25,7160.0
2026-03-25 18:45:00+00:00,24396.25,24403.75,24322.75,24354.5,12331.0
2026-03-25 19:00:00+00:00,24354.75,24355.5,24311.75,24351.75,12905.0
2026-03-25 19:15:00+00:00,24352.25,24395.0,24348.5,24354.25,11224.0
2026-03-25 19:30:00+00:00,24354.0,24360.5,24325.0,24341.5,8048.0
2026-03-25 19:45:00+00:00,24341.5,24391.5,24334.25,24372.0,16188.0
2026-03-25 20:00:00+00:00,24371.75,24393.0,24368.0,24372.5,6783.0
2026-03-25 20:15:00+00:00,24372.75,24381.0,24351.0,24352.25,1772.0
2026-03-25 20:30:00+00:00,24352.75,24364.5,24349.25,24362.25,973.0
2026-03-25 20:45:00+00:00,24361.75,24373.5,24358.0,24367.75,1064.0
2026-03-25 22:00:00+00:00,24373.5,24373.5,24332.25,24337.0,706.0
2026-03-25 22:15:00+00:00,24341.0,24341.75,24320.5,24323.75,1064.0
2026-03-25 22:30:00+00:00,24325.0,24338.5,24322.0,24336.75,733.0
2026-03-25 22:45:00+00:00,24338.25,24345.25,24308.0,24316.25,1659.0
2026-03-25 23:00:00+00:00,24314.75,24330.0,24308.5,24310.75,1035.0
2026-03-25 23:15:00+00:00,24310.75,24315.25,24292.75,24310.5,1454.0
2026-03-25 23:30:00+00:00,24309.25,24317.0,24294.25,24294.25,1085.0
2026-03-25 23:45:00+00:00,24293.75,24332.5,24283.25,24323.75,1985.0
2026-03-26 00:00:00+00:00,24323.5,24344.25,24316.25,24344.25,1371.0
2026-03-26 00:15:00+00:00,24343.0,24410.0,24341.25,24391.5,3167.0
2026-03-26 00:30:00+00:00,24391.25,24406.0,24377.25,24379.0,1311.0
2026-03-26 00:45:00+00:00,24378.0,24386.0,24343.0,24354.75,1759.0
2026-03-26 01:00:00+00:00,24355.75,24381.75,24351.0,24362.25,1605.0
2026-03-26 01:15:00+00:00,24361.5,24364.0,24330.75,24346.75,1189.0
2026-03-26 01:30:00+00:00,24345.0,24365.75,24338.5,24347.5,969.0
2026-03-26 01:45:00+00:00,24347.0,24365.0,24347.0,24363.75,839.0
2026-03-26 02:00:00+00:00,24360.25,24378.75,24348.0,24357.75,1296.0
2026-03-26 02:15:00+00:00,24357.75,24362.75,24315.75,24321.0,1477.0
2026-03-26 02:30:00+00:00,24322.25,24329.5,24247.75,24282.25,3898.0
2026-03-26 02:45:00+00:00,24283.25,24298.25,24276.25,24284.25,1576.0
2026-03-26 03:00:00+00:00,24284.0,24316.25,24281.75,24314.75,1199.0
2026-03-26 03:15:00+00:00,24315.75,24346.5,24308.25,24335.75,1961.0
2026-03-26 03:30:00+00:00,24336.5,24421.25,24334.0,24400.0,3559.0
2026-03-26 03:45:00+00:00,24400.75,24402.75,24375.0,24378.5,1161.0
2026-03-26 04:00:00+00:00,24368.0,24377.5,24365.25,24366.75,1151.0
2026-03-26 04:15:00+00:00,24366.5,24372.25,24354.0,24361.5,594.0
2026-03-26 04:30:00+00:00,24363.5,24367.25,24350.0,24353.0,577.0
2026-03-26 04:45:00+00:00,24353.0,24355.5,24317.0,24324.75,972.0
2026-03-26 05:00:00+00:00,24326.0,24340.25,24288.75,24301.75,1413.0
2026-03-26 05:15:00+00:00,24303.5,24307.0,24260.5,24277.0,2131.0
2026-03-26 05:30:00+00:00,24278.0,24294.25,24268.25,24273.75,1290.0
2026-03-26 05:45:00+00:00,24273.0,24277.5,24251.0,24255.5,1126.0
2026-03-26 06:00:00+00:00,24255.75,24266.25,24237.25,24246.25,1851.0
2026-03-26 06:15:00+00:00,24241.75,24287.25,24232.0,24282.75,1347.0
2026-03-26 06:30:00+00:00,24280.5,24290.0,24265.75,24279.25,983.0
2026-03-26 06:45:00+00:00,24279.25,24295.75,24268.0,24288.25,838.0
2026-03-26 07:00:00+00:00,24288.75,24298.0,24236.5,24253.0,1800.0
2026-03-26 07:15:00+00:00,24253.0,24280.25,24199.0,24255.5,2439.0
2026-03-26 07:30:00+00:00,24252.0,24270.25,24236.75,24255.5,1204.0
2026-03-26 07:45:00+00:00,24254.5,24274.0,24253.0,24259.5,813.0
2026-03-26 08:00:00+00:00,24258.5,24288.0,24204.0,24207.5,2413.0
2026-03-26 08:15:00+00:00,24206.0,24232.0,24188.25,24193.0,3052.0
2026-03-26 08:30:00+00:00,24193.0,24218.5,24172.25,24174.5,2770.0
2026-03-26 08:45:00+00:00,24173.75,24202.75,24152.5,24193.75,2272.0
2026-03-26 09:00:00+00:00,24194.5,24197.75,24155.0,24169.5,2683.0
2026-03-26 09:15:00+00:00,24170.0,24173.5,24143.75,24152.75,2428.0
2026-03-26 09:30:00+00:00,24151.75,24151.75,24107.0,24141.0,4041.0
2026-03-26 09:45:00+00:00,24141.75,24166.0,24130.0,24155.0,1743.0
2026-03-26 10:00:00+00:00,24155.75,24196.25,24132.25,24186.5,2025.0
2026-03-26 10:15:00+00:00,24186.75,24202.25,24172.0,24196.5,2154.0
2026-03-26 10:30:00+00:00,24196.25,24202.0,24147.75,24161.75,3083.0
2026-03-26 10:45:00+00:00,24161.75,24183.5,24159.25,24176.5,1483.0
2026-03-26 11:00:00+00:00,24178.25,24188.5,24160.75,24164.5,1897.0
2026-03-26 11:15:00+00:00,24164.75,24176.0,24126.0,24143.5,2798.0
2026-03-26 11:30:00+00:00,24143.5,24152.5,24118.25,24125.5,2362.0
2026-03-26 11:45:00+00:00,24125.25,24136.5,24098.75,24102.0,2826.0
2026-03-26 12:00:00+00:00,24101.75,24144.0,24078.0,24137.0,4475.0
2026-03-26 12:15:00+00:00,24137.25,24147.75,24128.25,24132.0,2612.0
2026-03-26 12:30:00+00:00,24131.25,24131.75,24069.0,24095.5,5273.0
2026-03-26 12:45:00+00:00,24093.75,24121.25,24093.75,24118.0,4571.0
2026-03-26 13:00:00+00:00,24117.25,24146.0,24110.75,24133.75,4336.0
2026-03-26 13:15:00+00:00,24133.25,24159.75,24126.0,24156.25,5441.0
2026-03-26 13:30:00+00:00,24156.25,24157.75,24064.0,24156.5,28823.0
2026-03-26 13:45:00+00:00,24156.25,24233.25,24139.0,24215.5,30110.0
2026-03-26 14:00:00+00:00,24216.0,24242.5,24168.75,24213.5,19270.0
2026-03-26 14:15:00+00:00,24212.5,24230.75,24169.75,24170.75,11182.0
2026-03-26 14:30:00+00:00,24171.25,24225.75,24116.75,24123.25,19351.0
2026-03-26 14:45:00+00:00,24122.75,24140.0,24030.25,24103.0,24436.0
2026-03-26 15:00:00+00:00,24104.0,24129.75,24083.0,24093.5,13721.0
2026-03-26 15:15:00+00:00,24093.75,24101.5,24067.75,24085.5,10619.0
2026-03-26 15:30:00+00:00,24084.5,24092.75,24051.25,24079.75,9653.0
2026-03-26 15:45:00+00:00,24081.25,24127.25,24071.75,24093.0,13484.0
2026-03-26 16:00:00+00:00,24092.5,24101.75,24055.75,24083.25,8964.0
2026-03-26 16:15:00+00:00,24082.0,24082.0,24001.0,24007.25,17037.0
2026-03-26 16:30:00+00:00,24007.5,24014.5,23980.0,23997.75,13919.0
2026-03-26 16:45:00+00:00,23998.0,24007.0,23970.0,23998.0,8923.0
2026-03-26 17:00:00+00:00,23998.5,24018.0,23965.0,23967.25,7786.0
2026-03-26 17:15:00+00:00,23967.0,23983.75,23932.75,23954.5,9684.0
2026-03-26 17:30:00+00:00,23954.5,23972.5,23918.25,23921.25,9513.0
2026-03-26 17:45:00+00:00,23921.25,23928.0,23851.5,23861.25,13529.0
2026-03-26 18:00:00+00:00,23860.75,23900.75,23860.0,23877.25,10844.0
2026-03-26 18:15:00+00:00,23877.25,23886.75,23844.5,23848.25,9084.0
2026-03-26 18:30:00+00:00,23849.0,23881.0,23848.0,23860.5,8550.0
2026-03-26 18:45:00+00:00,23860.25,23889.75,23851.0,23882.75,9473.0
2026-03-26 19:00:00+00:00,23882.75,23886.5,23823.0,23837.0,12829.0
2026-03-26 19:15:00+00:00,23837.5,23858.0,23820.25,23842.5,10431.0
2026-03-26 19:30:00+00:00,23842.75,23845.75,23807.0,23813.0,11193.0
2026-03-26 19:45:00+00:00,23812.75,23822.0,23775.0,23787.25,31664.0
2026-03-26 20:00:00+00:00,23787.25,24022.25,23763.25,23902.5,22630.0
2026-03-26 20:15:00+00:00,23899.5,23932.0,23816.75,23864.5,8737.0
2026-03-26 20:30:00+00:00,23866.25,23901.75,23856.0,23878.0,3829.0
2026-03-26 20:45:00+00:00,23878.5,23883.75,23812.5,23822.0,3799.0
2026-03-26 22:00:00+00:00,23824.0,23873.5,23824.0,23872.0,1496.0
2026-03-26 22:15:00+00:00,23872.25,23882.5,23836.75,23864.0,1999.0
2026-03-26 22:30:00+00:00,23863.0,23890.75,23847.75,23862.5,2058.0
2026-03-26 22:45:00+00:00,23861.5,23886.5,23853.75,23870.5,1265.0
2026-03-26 23:00:00+00:00,23868.75,23879.25,23845.0,23857.0,1227.0
2026-03-26 23:15:00+00:00,23857.5,23871.75,23841.5,23850.5,1325.0
2026-03-26 23:30:00+00:00,23849.25,23883.0,23849.25,23877.25,1462.0
2026-03-26 23:45:00+00:00,23876.25,23892.25,23868.5,23876.75,1557.0
2026-03-27 00:00:00+00:00,23877.0,23908.75,23876.0,23880.0,2369.0
2026-03-27 00:15:00+00:00,23880.0,23882.0,23822.0,23836.5,3567.0
2026-03-27 00:30:00+00:00,23838.0,23849.25,23808.0,23815.75,2083.0
2026-03-27 00:45:00+00:00,23818.0,23832.0,23807.0,23818.25,1537.0
2026-03-27 01:00:00+00:00,23818.75,23853.0,23806.0,23846.0,1933.0
2026-03-27 01:15:00+00:00,23849.0,23865.5,23837.25,23864.0,1298.0
2026-03-27 01:30:00+00:00,23863.0,23875.0,23859.0,23865.5,1394.0
2026-03-27 01:45:00+00:00,23866.5,23872.0,23850.25,23872.0,938.0
2026-03-27 02:00:00+00:00,23872.25,23886.0,23865.5,23867.0,1319.0
2026-03-27 02:15:00+00:00,23866.25,23866.25,23845.0,23861.0,1228.0
2026-03-27 02:30:00+00:00,23861.25,23882.0,23856.25,23864.5,1045.0
2026-03-27 02:45:00+00:00,23865.25,23874.75,23850.5,23854.25,783.0
2026-03-27 03:00:00+00:00,23855.5,23868.0,23839.0,23849.0,994.0
2026-03-27 03:15:00+00:00,23849.0,23852.0,23840.5,23848.25,515.0
2026-03-27 03:30:00+00:00,23849.0,23893.0,23849.0,23883.25,1302.0
2026-03-27 03:45:00+00:00,23883.75,23898.0,23877.5,23898.0,763.0
2026-03-27 04:00:00+00:00,23883.5,23892.0,23882.25,23886.5,774.0
2026-03-27 04:15:00+00:00,23886.25,23902.75,23886.25,23893.75,868.0
2026-03-27 04:30:00+00:00,23893.0,23906.5,23890.5,23902.5,600.0
2026-03-27 04:45:00+00:00,23901.75,23921.0,23900.25,23917.75,1280.0
2026-03-27 05:00:00+00:00,23916.25,23973.75,23914.5,23971.5,3068.0
2026-03-27 05:15:00+00:00,23971.0,23976.0,23927.25,23940.5,2345.0
2026-03-27 05:30:00+00:00,23941.0,23946.25,23926.5,23932.5,1224.0
2026-03-27 05:45:00+00:00,23932.25,23943.0,23924.5,23927.25,1102.0
2026-03-27 06:00:00+00:00,23926.5,23936.75,23910.5,23932.75,1797.0
2026-03-27 06:15:00+00:00,23933.5,23955.25,23932.75,23945.75,1370.0
2026-03-27 06:30:00+00:00,23946.0,23946.75,23915.25,23921.25,1726.0
2026-03-27 06:45:00+00:00,23921.0,23922.0,23894.75,23905.25,1438.0
2026-03-27 07:00:00+00:00,23905.0,23906.75,23876.75,23888.5,1787.0
2026-03-27 07:15:00+00:00,23888.0,23888.0,23856.75,23857.5,1318.0
2026-03-27 07:30:00+00:00,23859.75,23882.0,23853.75,23875.75,1688.0
2026-03-27 07:45:00+00:00,23874.5,23893.75,23863.0,23872.0,1666.0
2026-03-27 08:00:00+00:00,23872.0,23897.5,23819.75,23836.0,4618.0
2026-03-27 08:15:00+00:00,23836.5,23846.25,23792.5,23797.0,4409.0
2026-03-27 08:30:00+00:00,23797.5,23823.0,23773.25,23797.75,3901.0
2026-03-27 08:45:00+00:00,23796.5,23806.5,23770.5,23779.25,2656.0
2026-03-27 09:00:00+00:00,23779.5,23788.75,23710.0,23740.75,5490.0
2026-03-27 09:15:00+00:00,23741.5,23798.25,23737.5,23789.25,3340.0
2026-03-27 09:30:00+00:00,23790.75,23812.5,23769.5,23784.25,2413.0
2026-03-27 09:45:00+00:00,23783.5,23783.5,23731.25,23738.75,2630.0
2026-03-27 10:00:00+00:00,23739.5,23769.25,23721.75,23730.25,2765.0
2026-03-27 10:15:00+00:00,23731.0,23748.25,23720.5,23731.0,1564.0
2026-03-27 10:30:00+00:00,23731.5,23742.5,23674.5,23690.25,4176.0
2026-03-27 10:45:00+00:00,23689.5,23691.5,23633.0,23649.5,4564.0
2026-03-27 11:00:00+00:00,23649.25,23659.75,23608.25,23633.5,5640.0
2026-03-27 11:15:00+00:00,23632.75,23656.5,23632.0,23653.25,3713.0
2026-03-27 11:30:00+00:00,23653.5,23663.0,23638.75,23657.25,2606.0
2026-03-27 11:45:00+00:00,23656.75,23690.0,23653.75,23664.0,3469.0
2026-03-27 12:00:00+00:00,23663.0,23667.5,23610.75,23629.75,3991.0
2026-03-27 12:15:00+00:00,23629.25,23657.0,23626.0,23649.0,2405.0
2026-03-27 12:30:00+00:00,23650.25,23654.5,23612.0,23634.0,3362.0
2026-03-27 12:45:00+00:00,23634.5,23642.25,23596.75,23613.0,4361.0
2026-03-27 13:00:00+00:00,23615.5,23618.5,23574.0,23589.25,6556.0
2026-03-27 13:15:00+00:00,23589.5,23661.0,23586.25,23654.25,7767.0
2026-03-27 13:30:00+00:00,23654.5,23664.0,23532.0,23590.25,31148.0
2026-03-27 13:45:00+00:00,23590.25,23647.25,23470.0,23478.75,25371.0
2026-03-27 14:00:00+00:00,23481.0,23542.25,23453.0,23523.5,22662.0
2026-03-27 14:15:00+00:00,23523.5,23558.5,23475.0,23477.0,17441.0
2026-03-27 14:30:00+00:00,23477.25,23507.25,23448.0,23468.0,13393.0
2026-03-27 14:45:00+00:00,23468.0,23537.75,23440.0,23511.5,16973.0
2026-03-27 15:00:00+00:00,23511.5,23556.75,23494.25,23495.5,13635.0
2026-03-27 15:15:00+00:00,23490.75,23568.0,23458.5,23556.25,19762.0
2026-03-27 15:30:00+00:00,23557.25,23610.5,23518.75,23542.75,19342.0
2026-03-27 15:45:00+00:00,23543.0,23577.5,23537.75,23549.5,10674.0
2026-03-27 16:00:00+00:00,23550.5,23556.75,23491.5,23516.5,10456.0
2026-03-27 16:15:00+00:00,23515.75,23518.25,23473.5,23482.0,8591.0
2026-03-27 16:30:00+00:00,23481.75,23490.75,23444.25,23473.75,10794.0
2026-03-27 16:45:00+00:00,23474.25,23515.0,23467.25,23473.5,8618.0
2026-03-27 17:00:00+00:00,23473.5,23529.5,23445.5,23466.25,13902.0
2026-03-27 17:15:00+00:00,23466.5,23468.25,23377.0,23380.5,12234.0
2026-03-27 17:30:00+00:00,23379.0,23409.0,23361.75,23368.75,10970.0
2026-03-27 17:45:00+00:00,23368.0,23382.0,23344.0,23360.25,10002.0
2026-03-27 18:00:00+00:00,23359.75,23365.75,23328.0,23346.5,9825.0
2026-03-27 18:15:00+00:00,23346.5,23376.75,23338.0,23362.0,11367.0
2026-03-27 18:30:00+00:00,23362.25,23396.25,23347.75,23366.5,10461.0
2026-03-27 18:45:00+00:00,23366.5,23369.0,23325.25,23340.0,7442.0
2026-03-27 19:00:00+00:00,23339.25,23353.25,23309.25,23334.25,11102.0
2026-03-27 19:15:00+00:00,23335.0,23360.5,23323.5,23331.25,8929.0
2026-03-27 19:30:00+00:00,23331.25,23349.0,23302.0,23313.25,10667.0
2026-03-27 19:45:00+00:00,23312.5,23351.5,23269.0,23309.0,33012.0
2026-03-27 20:00:00+00:00,23309.0,23330.5,23275.0,23279.75,12071.0
2026-03-27 20:15:00+00:00,23280.0,23285.25,23232.5,23257.25,5751.0
2026-03-27 20:30:00+00:00,23257.25,23274.75,23243.0,23259.25,4125.0
2026-03-27 20:45:00+00:00,23259.5,23278.25,23250.0,23254.25,2481.0
2026-03-29 22:00:00+00:00,23164.25,23200.25,23154.25,23194.0,813.0
2026-03-29 22:15:00+00:00,23195.0,23242.25,23184.0,23219.0,3824.0
2026-03-29 22:30:00+00:00,23220.0,23238.75,23172.0,23172.75,2797.0
2026-03-29 22:45:00+00:00,23173.5,23214.0,23154.75,23208.25,2703.0
2026-03-29 23:00:00+00:00,23209.5,23224.0,23170.5,23179.5,2521.0
2026-03-29 23:15:00+00:00,23179.25,23192.0,23156.75,23166.25,1774.0
2026-03-29 23:30:00+00:00,23164.0,23169.25,23125.5,23153.0,2438.0
2026-03-29 23:45:00+00:00,23154.5,23162.75,23108.5,23127.5,3947.0
2026-03-30 00:00:00+00:00,23128.25,23152.25,23093.0,23137.75,4298.0
2026-03-30 00:15:00+00:00,23138.0,23263.75,23117.75,23222.75,6971.0
2026-03-30 00:30:00+00:00,23222.25,23239.0,23146.5,23159.75,3535.0
2026-03-30 00:45:00+00:00,23160.0,23172.75,23126.0,23149.75,2813.0
2026-03-30 01:00:00+00:00,23151.25,23188.0,23146.75,23160.5,2107.0
2026-03-30 01:15:00+00:00,23162.25,23173.5,23136.0,23162.75,2152.0
2026-03-30 01:30:00+00:00,23164.75,23205.5,23158.5,23203.25,2141.0
2026-03-30 01:45:00+00:00,23204.75,23210.0,23193.5,23201.0,1407.0
2026-03-30 02:00:00+00:00,23201.75,23231.25,23200.0,23228.5,1957.0
2026-03-30 02:15:00+00:00,23228.75,23229.75,23195.5,23200.0,1450.0
2026-03-30 02:30:00+00:00,23201.5,23243.25,23195.25,23237.75,1508.0
2026-03-30 02:45:00+00:00,23237.75,23275.0,23235.5,23252.25,3224.0
2026-03-30 03:00:00+00:00,23252.0,23295.0,23250.25,23284.75,2564.0
2026-03-30 03:15:00+00:00,23285.5,23306.5,23282.25,23293.25,2252.0
2026-03-30 03:30:00+00:00,23294.0,23298.0,23280.75,23292.0,1289.0
2026-03-30 03:45:00+00:00,23291.0,23299.75,23278.75,23299.75,897.0
2026-03-30 04:00:00+00:00,23296.25,23313.0,23288.25,23304.25,1622.0
2026-03-30 04:15:00+00:00,23303.5,23352.5,23301.25,23338.25,3316.0
2026-03-30 04:30:00+00:00,23338.25,23356.25,23322.0,23324.5,1774.0
2026-03-30 04:45:00+00:00,23326.0,23329.25,23314.5,23321.5,928.0
2026-03-30 05:00:00+00:00,23321.5,23362.75,23319.0,23336.75,1505.0
2026-03-30 05:15:00+00:00,23336.5,23357.0,23334.75,23341.5,960.0
2026-03-30 05:30:00+00:00,23340.5,23355.5,23328.0,23332.5,1277.0
2026-03-30 05:45:00+00:00,23333.0,23358.0,23322.75,23345.5,1383.0
2026-03-30 06:00:00+00:00,23345.5,23371.75,23337.25,23353.0,2080.0
2026-03-30 06:15:00+00:00,23352.75,23384.5,23352.75,23368.25,1634.0
2026-03-30 06:30:00+00:00,23369.0,23395.5,23368.25,23391.0,1362.0
2026-03-30 06:45:00+00:00,23389.75,23416.0,23381.75,23390.5,2569.0
2026-03-30 07:00:00+00:00,23389.5,23404.5,23364.25,23390.25,2527.0
2026-03-30 07:15:00+00:00,23390.5,23398.0,23363.75,23381.25,2044.0
2026-03-30 07:30:00+00:00,23382.25,23397.0,23360.0,23381.5,1945.0
2026-03-30 07:45:00+00:00,23380.25,23414.25,23379.25,23396.75,1783.0
2026-03-30 08:00:00+00:00,23397.5,23425.75,23374.0,23420.0,3339.0
2026-03-30 08:15:00+00:00,23421.0,23434.25,23406.75,23426.75,2490.0
2026-03-30 08:30:00+00:00,23424.75,23445.25,23418.25,23433.5,2110.0
2026-03-30 08:45:00+00:00,23434.25,23449.5,23417.75,23443.5,1615.0
2026-03-30 09:00:00+00:00,23443.5,23451.25,23419.25,23424.75,1947.0
2026-03-30 09:15:00+00:00,23423.0,23438.5,23395.0,23409.25,2841.0
2026-03-30 09:30:00+00:00,23410.25,23421.75,23390.0,23397.75,1933.0
2026-03-30 09:45:00+00:00,23395.5,23412.0,23390.25,23403.0,1452.0
2026-03-30 10:00:00+00:00,23403.75,23416.25,23393.75,23399.75,1326.0
2026-03-30 10:15:00+00:00,23399.5,23415.0,23392.75,23405.5,1060.0
2026-03-30 10:30:00+00:00,23405.0,23406.0,23400.0,23401.75,0.0
2026-03-30 10:30:32+00:00,23403.5,23403.5,23403.5,23403.5,0.0
